simian,,stackoverflow_formatted/9291241_1.java,1,11,apache-ant-1.8.4/src/main/org/apache/tools/ant/taskdefs/Mkdir.java,19,29,11,,,,,,,A,SO answer says that the code is from Mkdir in Ant 1.8.2,,,,unchanged,,,
simian,,stackoverflow_formatted/18303692_0.java,7,18,aspectj-1.6.9-src/aspectjtools1.6.9-src/org/aspectj/weaver/loadtime/Agent.java,7,18,12,,,,,,,A,SO answers says that the code is modified from Agent and ClassPreProcessorAgentAdapter of aspectj.,,,,changed,"16             throw new UnsupportedOperationException ( ""Java 5 was not started with preMain -javaagent for AspectJ"" );"," 60             throw new UnsupportedOperationException( 61                 ""AspectJ weaving agent was neither started via '-javaagent' (preMain) "" + 62                 ""nor attached via 'VirtualMachine.loadAgent' (agentMain)"");",
simian,,stackoverflow_formatted/18303692_0.java,7,18,aspectj-1.6.9-src/aspectjweaver1.6.9-src/org/aspectj/weaver/loadtime/Agent.java,7,18,12,,,,,,,A,SO answer says that the code is modified from Agent class,,,,,,,
nicad,,stackoverflow_formatted/22315734_0.java,11,21,hadoop-1/hadoop-1.0.0/src/core/org/apache/hadoop/io/serializer/DeserializerComparator.java,16,26,11,,,,,,,A,SO answer says that the code is modified from WritableComparator in Hadoop.,,,,,,,
good_sdnd,1,stackoverflow_formatted/22315734_0.java,11,21,hadoop-1/hadoop-1.0.0/src/core/org/apache/hadoop/io/WritableComparator.java,44,54, stackoverflow_formatted/22315734_0.java,11,20,hadoop-1/hadoop-1.0.0/src/core/org/apache/hadoop/io/WritableComparator.java,44,53,,A,SO answer says the code is copied and modified from Hadoop WritableComparator: http://www.grepcode.com/file/repository.cloudera.com/content/repositories/releases/org.apache.hadoop/hadoop-core/0.20.2-cdh3u6/org/apache/hadoop/io/WritableComparator.java#WritableComparator,,,,changed!," 44     public int compare ( byte[] b1, int s1, int l1, byte[] b2, int s2, int l2 ) { 45         try { 46             buffer.reset ( b1, s1, l1 ); 47             key1.readFields ( buffer ); 48             buffer.reset ( b2, s2, l2 ); 49             key2.readFields ( buffer ); 50         } catch ( IOException e ) { 51             throw new RuntimeException ( e ); 52         } 53         return compare ( key1, key2 ); 54     }","155   public int compare(byte[] b1, int s1, int l1, byte[] b2, int s2, int l2) {156     try {157       buffer.reset(b1, s1, l1);                   // parse key1158       key1.readFields(buffer);159 160       buffer.reset(b2, s2, l2);                   // parse key2161       key2.readFields(buffer);162 163       buffer.reset(null, 0, 0);                   // clean up reference164     } catch (IOException e) {165       throw new RuntimeException(e);166     }167 168     return compare(key1, key2);                   // compare them169   }","eb4045e7 hadoop-common-project/hadoop-common/src/main/java/org/apache/hadoop/io/WritableComparator.java (Andrew Wang      2014-11-20 11:05:42 -0800 163)       buffer.reset(null, 0, 0);                   // clean up reference"
simian,,stackoverflow_formatted/801987_0.java,1,17,hadoop-1/hadoop-1.0.0/src/core/org/apache/hadoop/util/StringUtils.java,40,56,,,,,,,,A,SO answer says that the code is copied from this Hadoop file.,,***,,,,,
simian,,stackoverflow_formatted/21702608_0.java,1,13,hadoop-1/hadoop-1.0.0/src/examples/org/apache/hadoop/examples/DBCountPageView.java,275,287,13,,,,,,,A,SO answer is a modified version of DBCountPageView.java,,,,,,,
simian,,stackoverflow_formatted/21702608_0.java,15,35,hadoop-1/hadoop-1.0.0/src/examples/org/apache/hadoop/examples/DBCountPageView.java,289,309,,,,,,,,A,SO answer says that the code is copied and modified from Hadoop DbCountPageView example.,,,,,,,
ok_sdnf,1,stackoverflow_formatted/5708120_0.java,32,39,hadoop-1/hadoop-1.0.0/src/examples/org/apache/hadoop/examples/WordCount.java,33,40, stackoverflow_formatted/5708120_0.java,14,42,hadoop-1/hadoop-1.0.0/src/examples/org/apache/hadoop/examples/WordCount.java,15,43,,A,SO answer says that the code is modified from Hadoop WordCount example,40659,40892,Q --> S,,,,
ok_sdnf,1,stackoverflow_formatted/5708120_0.java,19,25,hadoop-1/hadoop-1.0.0/src/examples/org/apache/hadoop/examples/WordCount.java,20,26, stackoverflow_formatted/5708120_0.java,14,42,hadoop-1/hadoop-1.0.0/src/examples/org/apache/hadoop/examples/WordCount.java,15,43,,A,SO answer says that the code is modified from Hadoop WordCount example,40659,40892,Q --> S,,,,
ok_sdnf,0.83,stackoverflow_formatted/5708120_0.java,19,25,hadoop-1/hadoop-1.0.0/src/examples/org/apache/hadoop/examples/WordCount.java,20,26, stackoverflow_formatted/5708120_0.java,18,23,hadoop-1/hadoop-1.0.0/src/examples/org/apache/hadoop/examples/WordCount.java,19,24,,A,SO answer says that the code is modified from Hadoop WordCount example,40659,40892,Q --> S,,,,
simian,,stackoverflow_formatted/16180910_0.java,1,14,hadoop-1/hadoop-1.0.0/src/mapred/org/apache/hadoop/mapred/LineRecordReader.java,47,60,14,,,,,,,A,SO answer says that the code is copied from LineRecordReader in Hadoop.,,,,,,,
simian,,stackoverflow_formatted/14845581_1.java,1,10,hadoop-1/hadoop-1.0.0/src/mapred/org/apache/hadoop/mapreduce/JobSubmissionFiles.java,46,55,10,,,,,,,A,SO answer says that the code is copied from Hadoop's JobSubmissionFiles.java,,,,,,,
simian,,stackoverflow_formatted/16180910_0.java,1,14,hadoop-1/hadoop-1.0.0/src/mapred/org/apache/hadoop/mapreduce/lib/input/LineRecordReader.java,41,54,14,,,,,,,A,SO answer says the code is taken from Hadoop's LineRecordReader.java,,,,,,,
ok_sdnf,0.83,stackoverflow_formatted/5708120_0.java,19,25,hadoop-1/hadoop-1.0.0/src/mapred/org/apache/hadoop/mapreduce/lib/map/TokenCounterMapper.java,12,18, stackoverflow_formatted/5708120_0.java,18,23,hadoop-1/hadoop-1.0.0/src/mapred/org/apache/hadoop/mapreduce/lib/map/TokenCounterMapper.java,11,16,,A,SO answer says that the code is modified from Hadoop WordCount example,40659,40892,Q --> S,,,,
nicad,,stackoverflow_formatted/16928749_0.java,69,97,hadoop-1/hadoop-1.0.0/src/mapred/org/apache/hadoop/mapreduce/lib/output/TextOutputFormat.java,75,99,25,,,,,,,A,SO code extends Hadoop's TextOutputFormat,,,,,,,
ok_sdnf,0.71,stackoverflow_formatted/18833798_0.java,7,13,hadoop-1/hadoop-1.0.0/src/test/org/apache/hadoop/mapred/TestJobCounters.java,186,192, stackoverflow_formatted/18833798_0.java,3,11,hadoop-1/hadoop-1.0.0/src/test/org/apache/hadoop/mapred/TestJobCounters.java,182,190,,A,SO answer says that the code is modified from Hadoop WordCount example,41533,40892,Q --> S,,,,
simian,,stackoverflow_formatted/10274267_0.java,1,12,hibernate-release-4/hibernate-release-4.2.2.Final/project/documentation/src/main/docbook/devguide/en-US/extras/flush_and_clear_session.java,1,12,12,,,,,,,A,SO answer says that the code is copied from Hibernate API doc (http://docs.jboss.org/hibernate/orm/3.3/reference/en/html/batch.html#batch-inserts) which is very likely to be populated from the Hibernate code.,,,,,,,
simian,,stackoverflow_formatted/14330686_0.java,1,12,hibernate-release-4/hibernate-release-4.2.2.Final/project/documentation/src/main/docbook/devguide/en-US/extras/flush_and_clear_session.java,1,12,12,,,,,,,A,SO answer is copied from Hibernate example. http://docs.jboss.org/hibernate/core/3.3/reference/en/html/batch.html#batch-inserts,,,,,,,
simian,,stackoverflow_formatted/14582029_0.java,1,12,hibernate-release-4/hibernate-release-4.2.2.Final/project/documentation/src/main/docbook/devguide/en-US/extras/flush_and_clear_session.java,1,12,12,,,,,,,A,SO answer says it is copied from Hibernate manual,,,,,,,
simian,,stackoverflow_formatted/20458485_0.java,1,12,hibernate-release-4/hibernate-release-4.2.2.Final/project/documentation/src/main/docbook/devguide/en-US/extras/flush_and_clear_session.java,1,12,12,,,,,,,A,SO answer is copied from Hibernate example. http://docs.jboss.org/hibernate/orm/4.3/manual/en-US/html/ch15.html,,,,,,,
simian,,stackoverflow_formatted/21777900_0.java,1,12,hibernate-release-4/hibernate-release-4.2.2.Final/project/documentation/src/main/docbook/devguide/en-US/extras/flush_and_clear_session.java,1,12,12,,,,,,,A,SO answer is copied from Hibernate example. http://docs.jboss.org/hibernate/core/3.3/reference/en/html/batch.html#batch-inserts,,,,,,,
simian,,stackoverflow_formatted/3275733_0.java,1,12,hibernate-release-4/hibernate-release-4.2.2.Final/project/documentation/src/main/docbook/devguide/en-US/extras/flush_and_clear_session.java,1,12,12,,,,,,,A,SO answer is copied from Hibernate example. http://docs.jboss.org/hibernate/core/3.3/reference/en/html/batch.html#batch-inserts,,,,,,,
simian,,stackoverflow_formatted/3788516_0.java,1,12,hibernate-release-4/hibernate-release-4.2.2.Final/project/documentation/src/main/docbook/devguide/en-US/extras/flush_and_clear_session.java,1,12,12,,,,,,,A,SO answer is copied from Hibernate example. http://docs.jboss.org/hibernate/core/3.3/reference/en/html/batch.html#batch-inserts,,,,,,,
simian,,stackoverflow_formatted/2761630_0.java,1,11,hibernate-release-4/hibernate-release-4.2.2.Final/project/documentation/src/main/docbook/devguide/en-US/extras/using_a_StatelessSession.java,1,11,11,,,,,,,A,SO answer mentions that the code is from http://docs.jboss.org/hibernate/core/3.3/reference/en/html/batch.html#batch-statelesssession,,,,,,,
simian,,stackoverflow_formatted/15633427_0.java,1,11,hibernate-release-4/hibernate-release-4.2.2.Final/project/hibernate-core/src/main/java/org/hibernate/cfg/Environment.java,114,124,11,,,,,,,A,SO answer says the code is copied from org.hibernate.cfg.Environment,,,,,,,
simian,,stackoverflow_formatted/8257554_0.java,2,13,hibernate-release-4/hibernate-release-4.2.2.Final/project/hibernate-core/src/main/java/org/hibernate/cfg/SettingsFactory.java,244,255,12,,,,,,,A,"SO answer says the code is copied from ""the Hibernate Source""",,,,,,,
simian,,stackoverflow_formatted/24924255_0.java,9,28,hibernate-release-4/hibernate-release-4.2.2.Final/project/hibernate-core/src/main/java/org/hibernate/criterion/Example.java,224,243,,,,,,,,A,SO answer says that the code is copied and modified from Hadoop org.hibernate.criterion.Example example.,,,,,,,
simian,,stackoverflow_formatted/23967852_0.java,1,19,hibernate-release-4/hibernate-release-4.2.2.Final/project/hibernate-core/src/main/java/org/hibernate/dialect/pagination/SQLServer2005LimitHandler.java,43,61,,,,,,,,A,SO answer mentions that the code there is an investigation of code in getProcessedSql() in Hibernate.,,,,,,,
simian,,stackoverflow_formatted/15168494_0.java,1,29,hibernate-release-4/hibernate-release-4.2.2.Final/project/hibernate-core/src/main/java/org/hibernate/service/jdbc/connections/internal/ConnectionProviderInitiator.java,65,93,,,,,,,,A,SO answer says that the code is copied from Hibernate's ConnectionProviderInitiator.java,,,,,,,
simian,,stackoverflow_formatted/23520731_0.java,1,54,hibernate-release-4/hibernate-release-4.2.2.Final/project/hibernate-core/src/main/java/org/hibernate/tool/hbm2ddl/SchemaUpdate.java,115,168,,,,,,,,A,SO answer is copied directly from SchemaUpdate class in Hibernate project ,,,,,,,
simian,,stackoverflow_formatted/10737817_0.java,1,13,hibernate-release-4/hibernate-release-4.2.2.Final/project/hibernate-entitymanager/src/main/java/org/hibernate/ejb/criteria/QueryStructure.java,78,90,13,,,,,,,A,SO answer says that the code is copied from QueryStructure in Hibernate,,,,,,,
simian,,stackoverflow_formatted/16930707_0.java,27,42,hibernate-release-4/hibernate-release-4.2.2.Final/project/hibernate-envers/src/test/java/org/hibernate/envers/test/integration/basic/RegisterUserEventListenersTest.java,25,40,,,,,,,,A,SO answers obviously say that the code is copied from org.hibernate.envers.test.integration.basic.RegisterUserEventListenersTest which is the same class but in different package.,,,,,,,
simian,,stackoverflow_formatted/8037824_0.java,1,20,jasperreports-3/jasperreports-3.7.4/src/net/sf/jasperreports/engine/design/JRVerifier.java,1221,1240,20,,,,,,,A,SO answer says that the code is copied from net.sf.jasperreports.engine.design.JRVerifier class.,,,,,,,
simian,,stackoverflow_formatted/8037824_0.java,22,38,jasperreports-3/jasperreports-3.7.4/src/net/sf/jasperreports/engine/design/JRVerifier.java,982,998,17,,,,,,,A,SO answer says the code is copied from net.sf.jasperreports.engine.design.JRVerifier ,,,,,,,
simian,,stackoverflow_formatted/21998949_0.java,11,29,jfreechart-1/jfreechart-1.0.13/source/org/jfree/chart/plot/SpiderWebPlot.java,502,520,,,,,,,,A,SO answer shows a code that extends from SpiderWebPlot in JFreeChart.,,,,,,,
simian,,stackoverflow_formatted/21998949_0.java,31,45,jfreechart-1/jfreechart-1.0.13/source/org/jfree/chart/plot/SpiderWebPlot.java,522,536,15,,,,,,,A,SO code extends from SpiderWebPlot and have several similar methods.,,,,,,,
simian,,stackoverflow_formatted/12936580_0.java,150,187,jfreechart-1/jfreechart-1.0.13/source/org/jfree/chart/renderer/xy/AbstractXYItemRenderer.java,532,569,,,,,,,,A,"SO answer says ""I merged Code from XYPlot and XYLineAndShapeRenderer to achieve this. Here is the source code."".  However, the drawDomainMarker() method should be copied from jfreechart-1/jfreechart-1.0.13/source/org/jfree/chart/renderer/xy/AbstractXYItemRenderer.java instead of XYLineAndShapeRenderer",,,,,,,
simian,,stackoverflow_formatted/16058183_0.java,1,13,jfreechart-1/jfreechart-1.0.13/source/org/jfree/data/KeyToGroupMap.java,18,30,13,,,,,,,A,SO answer says that the code is from KeyToGroupMap() constructor,,,,,,,
nicad,,stackoverflow_formatted/6722760_1.java,39,56,jgraph-latest-bsd-src/examples/org/jgraph/example/GroupingRemoving.java,53,70,18,,,,,,,A,"SO answer says ""I think the code must be a modified sample from the site."". The createVertex() methods are similar.",,,,,,,
nicad,,stackoverflow_formatted/6722760_1.java,39,56,jgraph-latest-bsd-src/examples/org/jgraph/example/HelloWorld.java,39,56,18,,,,,,,A,"SO answer says ""I think the code must be a modified sample from the site."". The createVertex() methods are similar.",,,,,,,
ok_sdnd,1,stackoverflow_formatted/6722760_1.java,13,37,jgraph-latest-bsd-src/examples/org/jgraph/example/HelloWorld.java,14,37, stackoverflow_formatted/6722760_1.java,14,20,jgraph-latest-bsd-src/examples/org/jgraph/example/HelloWorld.java,16,22,,A,SO answer says that the code is copied and modified from Jgraph,,,Q --> S,,,,
ok_sdnd,1,stackoverflow_formatted/6722760_1.java,13,37,jgraph-latest-bsd-src/examples/org/jgraph/example/HelloWorld.java,14,37, stackoverflow_formatted/6722760_1.java,31,36,jgraph-latest-bsd-src/examples/org/jgraph/example/HelloWorld.java,31,36,,A,SO answer says it is the modified from the Jgraph sample.,,,Q --> S,,,,
ok_sdnd,0.77,stackoverflow_formatted/6722760_1.java,13,37,jgraph-latest-bsd-src/examples/org/jgraph/example/HelloWorld.java,14,37, stackoverflow_formatted/6722760_1.java,28,40,jgraph-latest-bsd-src/examples/org/jgraph/example/HelloWorld.java,28,40,,A,SO answer says that the code is copied and modified from Jgraph,,,Q --> S,,,,
simian,,stackoverflow_formatted/15889119_0.java,1,16,jgrapht-0/jgrapht-0.8.1/src/org/jgrapht/experimental/touchgraph/TouchgraphConverter.java,7,22,,,,,,,,A,SO answer says that the code is from TouchGraphConverter.java,,***,,,,,
simian,,stackoverflow_formatted/23586872_1.java,1,20,junit-4/org/junit/Assert.java,33,52,,,,,,,,A,SO answer says that the code is copied from JUnit assertEquals(),,,,,,,
simian,,stackoverflow_formatted/8802082_2.java,1,19,junit-4/org/junit/internal/runners/statements/ExpectException.java,11,29,,,,,,,,A,"SO answer says that it copies the code from ExpectException.java (""an exxcerpt from the Junit source code (ExpectException.java):"")",,,,,,,
simian,,stackoverflow_formatted/7504040_0.java,1,20,junit-4/org/junit/rules/ExternalResource.java,4,23,,,,,,,,A,SO answer says that the code is copied from JUnit ExternalResource,,,,,,,
simian,,stackoverflow_formatted/18137301_0.java,1,14,antlr4-4.0/tool/test/org/antlr/v4/test/TestPerformance.java,556,569,14,,,,,,,B,The question and answer is about antlr and two code fragments are exactly the same.,,,,,,,
simian,,stackoverflow_formatted/6236324_0.java,226,255,aoisrc281/ArtOfIllusion/src/artofillusion/image/MovieEncoder.java,152,181,30,,,,,,,B,the code are very similar. SO answer is a copy of Sun's JpageImagesToMovie.java.,,,,,,,
ok_sdnd,1,stackoverflow_formatted/6236324_0.java,93,110,aoisrc281/ArtOfIllusion/src/artofillusion/image/MovieEncoder.java,101,118, stackoverflow_formatted/6236324_0.java,97,108,aoisrc281/ArtOfIllusion/src/artofillusion/image/MovieEncoder.java,105,116,,B,the same implementation of controllerUpdate() Both of them implement DataSinkListener,40850,40181,,,,,
ok_sdnd,1,stackoverflow_formatted/6236324_0.java,114,123,aoisrc281/ArtOfIllusion/src/artofillusion/image/MovieEncoder.java,122,131, stackoverflow_formatted/6236324_0.java,114,134,aoisrc281/ArtOfIllusion/src/artofillusion/image/MovieEncoder.java,122,142,,B,the same implementation of waitForFileDone() Both of them implement DataSinkListener,40855,40190,,,,,
ok_sdnf,1,stackoverflow_formatted/6236324_0.java,125,130,aoisrc281/ArtOfIllusion/src/artofillusion/image/MovieEncoder.java,133,138, stackoverflow_formatted/6236324_0.java,114,134,aoisrc281/ArtOfIllusion/src/artofillusion/image/MovieEncoder.java,122,142,,B,the same implementation of waitForFileDone() Both of them implement DataSinkListener,40861,40196,,,,,
ok_sdnd,1,stackoverflow_formatted/6236324_0.java,83,92,aoisrc281/ArtOfIllusion/src/artofillusion/image/MovieEncoder.java,91,100, stackoverflow_formatted/6236324_0.java,77,134,aoisrc281/ArtOfIllusion/src/artofillusion/image/MovieEncoder.java,85,142,,B,the same implementation of waitForState() Both of them implement DataSinkListener,40847,40181,,,,,
ok_sdnf,1,stackoverflow_formatted/6236324_0.java,115,121,aoisrc281/ArtOfIllusion/src/artofillusion/image/MovieEncoder.java,123,129, stackoverflow_formatted/6236324_0.java,77,134,aoisrc281/ArtOfIllusion/src/artofillusion/image/MovieEncoder.java,85,142,,B,the same implementation of waitForFileDone() Both of them implement DataSinkListener,40856,40191,,,,,
ok_sdnf,0.83,stackoverflow_formatted/6236324_0.java,96,101,aoisrc281/ArtOfIllusion/src/artofillusion/image/MovieEncoder.java,104,109, stackoverflow_formatted/6236324_0.java,97,108,aoisrc281/ArtOfIllusion/src/artofillusion/image/MovieEncoder.java,105,116,,B,the same implementation of controllerUpdate() Both of them implement DataSinkListener,40863,40181,,,,,
ok_sfnd,1,stackoverflow_formatted/6236324_0.java,64,80,aoisrc281/ArtOfIllusion/src/artofillusion/image/MovieEncoder.java,71,88, stackoverflow_formatted/6236324_0.java,64,71,aoisrc281/ArtOfIllusion/src/artofillusion/image/MovieEncoder.java,71,78,,B,the same implementation of createDataSink(). Both of them implement DataSinkListener,40846,40181,,,,,
ok_sdnf,0.79,stackoverflow_formatted/6236324_0.java,124,137,aoisrc281/ArtOfIllusion/src/artofillusion/image/MovieEncoder.java,132,145, stackoverflow_formatted/6236324_0.java,114,134,aoisrc281/ArtOfIllusion/src/artofillusion/image/MovieEncoder.java,122,142,,B,the same implementation of dataSinkUpdate() Both of them implement DataSinkListener,40865,40200,,,,,
ok_sdnf,1,stackoverflow_formatted/6236324_0.java,115,121,aoisrc281/ArtOfIllusion/src/artofillusion/image/MovieEncoder.java,123,129, stackoverflow_formatted/6236324_0.java,114,134,aoisrc281/ArtOfIllusion/src/artofillusion/image/MovieEncoder.java,122,142,,B,the same implementation of waitForFileDone() Both of them implement DataSinkListener,40857,40192,,,,,
ok_sdnd,1,stackoverflow_formatted/6236324_0.java,114,123,aoisrc281/ArtOfIllusion/src/artofillusion/image/MovieEncoder.java,122,131, stackoverflow_formatted/6236324_0.java,77,134,aoisrc281/ArtOfIllusion/src/artofillusion/image/MovieEncoder.java,85,142,,B,the same implementation of waitForFileDone() Both of them implement DataSinkListener,40854,40189,,,,,
ok_sdnd,1,stackoverflow_formatted/6236324_0.java,125,130,aoisrc281/ArtOfIllusion/src/artofillusion/image/MovieEncoder.java,133,138, stackoverflow_formatted/6236324_0.java,77,134,aoisrc281/ArtOfIllusion/src/artofillusion/image/MovieEncoder.java,85,142,,B,the same implementation of waitForFileDone() Both of them implement DataSinkListener,40860,40195,,,,,
ok_sdnf,1,stackoverflow_formatted/6236324_0.java,101,106,aoisrc281/ArtOfIllusion/src/artofillusion/image/MovieEncoder.java,109,114, stackoverflow_formatted/6236324_0.java,77,134,aoisrc281/ArtOfIllusion/src/artofillusion/image/MovieEncoder.java,85,142,,B,the same implementation of controllerUpdate() Both of them implement DataSinkListener,40852,40187,,,,,
ok_sdnd,1,stackoverflow_formatted/6236324_0.java,96,101,aoisrc281/ArtOfIllusion/src/artofillusion/image/MovieEncoder.java,104,109, stackoverflow_formatted/6236324_0.java,77,134,aoisrc281/ArtOfIllusion/src/artofillusion/image/MovieEncoder.java,85,142,,B,the same implementation of controllerUpdate() Both of them implement DataSinkListener,40851,40181,,,,,
ok_sdnd,1,stackoverflow_formatted/6236324_0.java,116,120,aoisrc281/ArtOfIllusion/src/artofillusion/image/MovieEncoder.java,124,128, stackoverflow_formatted/6236324_0.java,114,134,aoisrc281/ArtOfIllusion/src/artofillusion/image/MovieEncoder.java,122,142,,B,the same implementation of waitForFileDone() Both of them implement DataSinkListener,40859,40194,,,,,
ok_sdnf,0.79,stackoverflow_formatted/6236324_0.java,124,137,aoisrc281/ArtOfIllusion/src/artofillusion/image/MovieEncoder.java,132,145, stackoverflow_formatted/6236324_0.java,77,134,aoisrc281/ArtOfIllusion/src/artofillusion/image/MovieEncoder.java,85,142,,B,the same implementation of dataSinkUpdate() Both of them implement DataSinkListener,40864,40199,,,,,
ok_sdnf,1,stackoverflow_formatted/6236324_0.java,116,120,aoisrc281/ArtOfIllusion/src/artofillusion/image/MovieEncoder.java,124,128, stackoverflow_formatted/6236324_0.java,77,134,aoisrc281/ArtOfIllusion/src/artofillusion/image/MovieEncoder.java,85,142,,B,the same implementation of waitForFileDone() Both of them implement DataSinkListener,40858,40193,,,,,
ok_sdnf,0.86,stackoverflow_formatted/6236324_0.java,261,270,aoisrc281/ArtOfIllusion/src/artofillusion/image/MovieEncoder.java,189,197, stackoverflow_formatted/6236324_0.java,265,271,aoisrc281/ArtOfIllusion/src/artofillusion/image/MovieEncoder.java,192,198,,B,the same implementation of ImageSourceStream() constructor. Both of them implement PullBufferStream.,40862,40197,,,,,
ok_sdnd,1,stackoverflow_formatted/6236324_0.java,85,89,aoisrc281/ArtOfIllusion/src/artofillusion/image/MovieEncoder.java,93,97, stackoverflow_formatted/6236324_0.java,77,134,aoisrc281/ArtOfIllusion/src/artofillusion/image/MovieEncoder.java,85,142,,B,the same implementation of waitForState() Both of them implement DataSinkListener,40848,40183,,,,,
ok_sdnd,1,stackoverflow_formatted/6236324_0.java,101,106,aoisrc281/ArtOfIllusion/src/artofillusion/image/MovieEncoder.java,109,114, stackoverflow_formatted/6236324_0.java,97,108,aoisrc281/ArtOfIllusion/src/artofillusion/image/MovieEncoder.java,105,116,,B,the same implementation of controllerUpdate() Both of them implement DataSinkListener,40853,40188,,,,,
ok_sdnd,1,stackoverflow_formatted/6236324_0.java,93,110,aoisrc281/ArtOfIllusion/src/artofillusion/image/MovieEncoder.java,101,118, stackoverflow_formatted/6236324_0.java,77,134,aoisrc281/ArtOfIllusion/src/artofillusion/image/MovieEncoder.java,85,142,,B,the same implementation of controllerUpdate() Both of them implement DataSinkListener,,,,,,,
simian,,stackoverflow_formatted/11202699_0.java,1,11,c-jdbc-2/c-jdbc-2.0.2-src/src/org/objectweb/cjdbc/common/util/FileManagement.java,4,14,11,,,,,,,B,The whole method is the same. SO answer does not have any info neither the c-jdbc.,,***,,,,,
simian,,stackoverflow_formatted/11202699_0.java,2,11,c-jdbc-2/c-jdbc-2.0.2-src/src/org/objectweb/cjdbc/common/util/FileManagement.java,5,14,10,,,,,,,B,The whole method is the same. SO answer does not have any info neither the c-jdbc.,,***,,,,,
simian,,stackoverflow_formatted/12428601_0.java,2,11,c-jdbc-2/c-jdbc-2.0.2-src/src/org/objectweb/cjdbc/common/util/FileManagement.java,5,14,10,,,,,,,B,The whole method is the same. SO answer does not have any info neither the c-jdbc.,,***,,,,,
simian,,stackoverflow_formatted/12428601_0.java,1,11,c-jdbc-2/c-jdbc-2.0.2-src/src/org/objectweb/cjdbc/common/util/FileManagement.java,4,14,11,,,,,,,B,The code is exactly the same but no reference to FileManagement.java,,,,,,,
simian,,stackoverflow_formatted/12835370_0.java,1,11,c-jdbc-2/c-jdbc-2.0.2-src/src/org/objectweb/cjdbc/common/util/FileManagement.java,4,14,11,,,,,,,B,The whole method is the same. SO answer does not have any info neither the c-jdbc.,,***,,,,,
simian,,stackoverflow_formatted/12835370_0.java,2,11,c-jdbc-2/c-jdbc-2.0.2-src/src/org/objectweb/cjdbc/common/util/FileManagement.java,5,14,10,,,,,,,B,The whole method is the same. SO answer does not have any info neither the c-jdbc.,,***,,,,,
simian,,stackoverflow_formatted/24013939_0.java,2,11,c-jdbc-2/c-jdbc-2.0.2-src/src/org/objectweb/cjdbc/common/util/FileManagement.java,5,14,10,,,,,,,B,The whole method is the same. SO answer does not have any info neither the c-jdbc.,,***,,,,,
nicad,,stackoverflow_formatted/15185345_0.java,21,33,Compiere_330_Source/release_330/ad/src/org/compiere/util/CachedRowSetImpl.java,512,525,13,,,,,,,B,SO answer is copied from http://tech.groups.yahoo.com/group/Firebird-Java/message/10715 but the CachedRowSetImpl is in Compiere (it is actually from com.sun.rowset.CachedRowSetImpl).,,,,,,,
simian,,stackoverflow_formatted/10135259_0.java,1,10,Compiere_330_Source/release_330/base/src/org/compiere/process/RegisterSystem.java,69,78,10,,,,,,,B,similar code for using untrusted SSL certificate,,,,,,,
simian,,stackoverflow_formatted/10135259_0.java,1,17,Compiere_330_Source/release_330/base/src/org/compiere/process/RegisterSystem.java,69,85,17,,,,,,,B,Both of them are code for disabling SSL trust certificate check,,,,,,,
simian,,stackoverflow_formatted/10165127_0.java,39,48,Compiere_330_Source/release_330/base/src/org/compiere/process/RegisterSystem.java,69,78,10,,,,,,,B,similar code for using untrusted SSL certificate,,,,,,,
simian,,stackoverflow_formatted/1201102_0.java,1,10,Compiere_330_Source/release_330/base/src/org/compiere/process/RegisterSystem.java,69,78,10,,,,,,,B,SO answer says the code is from http://web.archive.org/web/20121022013056/http://exampledepot.com/egs/javax.net.ssl/TrustAll.html.,,,,,,,
simian,,stackoverflow_formatted/1201102_0.java,1,17,Compiere_330_Source/release_330/base/src/org/compiere/process/RegisterSystem.java,69,85,17,,,,,,,B,Both of them are code for disabling SSL trust certificate check. So answer says that it is copied from http://web.archive.org/web/20121022013056/http://exampledepot.com/egs/javax.net.ssl/TrustAll.html,INTERESTING,,,,,,
simian,,stackoverflow_formatted/23782959_0.java,1,10,Compiere_330_Source/release_330/base/src/org/compiere/process/RegisterSystem.java,69,78,10,,,,,,,B,similar code for using untrusted SSL certificate,,,,,,,
simian,,stackoverflow_formatted/23782959_0.java,1,17,Compiere_330_Source/release_330/base/src/org/compiere/process/RegisterSystem.java,69,85,17,,,,,,,B,Both of them are code for disabling SSL trust certificate check,,,,,,,
simian,,stackoverflow_formatted/2752455_0.java,1,10,Compiere_330_Source/release_330/base/src/org/compiere/process/RegisterSystem.java,69,78,10,,,,,,,B,SO answer says the code is also copied from http://web.archive.org/web/20121022013056/http://exampledepot.com/egs/javax.net.ssl/TrustAll.html,,,,,,,
simian,,stackoverflow_formatted/2752455_0.java,1,17,Compiere_330_Source/release_330/base/src/org/compiere/process/RegisterSystem.java,69,85,17,,,,,,,B,Both of them are code for disabling SSL trust certificate check. So answer says that it is copied from http://web.archive.org/web/20121022013056/http://exampledepot.com/egs/javax.net.ssl/TrustAll.html,INTERESTING,,,,,,
simian,,stackoverflow_formatted/4453908_0.java,1,15,Compiere_330_Source/release_330/base/src/org/compiere/process/RegisterSystem.java,69,85,15,,,,,,,B,SO answer says that the code is copied from http://www.exampledepot.com/egs/javax.net.ssl/trustall.html,,,,,,,
simian,,stackoverflow_formatted/11202699_0.java,1,11,db-derby-10/db-derby-10.6.1.0-src/java/testing/org/apache/derbyTesting/functionTests/tests/junitTests/compatibility/CompatibilityCombinations.java,813,823,11,,,,,,,B,The whole method is the same. SO answer does not have any info neither the db-derby.,,,,,,,
simian,,stackoverflow_formatted/11202699_0.java,2,11,db-derby-10/db-derby-10.6.1.0-src/java/testing/org/apache/derbyTesting/functionTests/tests/junitTests/compatibility/CompatibilityCombinations.java,814,823,10,,,,,,,B,The whole method is the same. SO answer does not have any info neither the db-derby.,,***,,,,,
simian,,stackoverflow_formatted/12428601_0.java,1,11,db-derby-10/db-derby-10.6.1.0-src/java/testing/org/apache/derbyTesting/functionTests/tests/junitTests/compatibility/CompatibilityCombinations.java,813,823,11,,,,,,,B,The whole method is the same. SO answer does not have any info neither the db-derby.,,,,,,,
simian,,stackoverflow_formatted/12428601_0.java,2,11,db-derby-10/db-derby-10.6.1.0-src/java/testing/org/apache/derbyTesting/functionTests/tests/junitTests/compatibility/CompatibilityCombinations.java,814,823,10,,,,,,,B,The whole method is the same. SO answer does not have any info neither the db-derby.,,***,,,,,
simian,,stackoverflow_formatted/12835370_0.java,2,11,db-derby-10/db-derby-10.6.1.0-src/java/testing/org/apache/derbyTesting/functionTests/tests/junitTests/compatibility/CompatibilityCombinations.java,814,823,10,,,,,,,B,The whole method is the same. SO answer does not have any info neither the db-derby.,,***,,,,,
simian,,stackoverflow_formatted/12835370_0.java,1,11,db-derby-10/db-derby-10.6.1.0-src/java/testing/org/apache/derbyTesting/functionTests/tests/junitTests/compatibility/CompatibilityCombinations.java,813,823,11,,,,,,,B,The code is exactly the same but no reference to CompatibilityCombinations.java,,,,,,,
simian,,stackoverflow_formatted/24013939_0.java,2,11,db-derby-10/db-derby-10.6.1.0-src/java/testing/org/apache/derbyTesting/functionTests/tests/junitTests/compatibility/CompatibilityCombinations.java,814,823,10,,,,,,,B,The whole method is the same. SO answer does not have any info neither the db-derby.,,***,,,,,
ok_sdnf,0.75,stackoverflow_formatted/8416340_0.java,15,22,findbugs-1/findbugs-1.3.9/src/antTask/edu/umd/cs/findbugs/anttask/UnionBugs.java,73,80, stackoverflow_formatted/8416340_0.java,10,20,findbugs-1/findbugs-1.3.9/src/antTask/edu/umd/cs/findbugs/anttask/UnionBugs.java,68,78,,B,exactly the same copyFile() method,40884,40009,,,,,
ok_sdnf,1,stackoverflow_formatted/8416340_0.java,5,23,findbugs-1/findbugs-1.3.9/src/antTask/edu/umd/cs/findbugs/anttask/UnionBugs.java,65,81, stackoverflow_formatted/8416340_0.java,10,20,findbugs-1/findbugs-1.3.9/src/antTask/edu/umd/cs/findbugs/anttask/UnionBugs.java,68,78,,B,The fragments are very similar but without any information about copying.,40884,39750,,,,,
simian,,stackoverflow_formatted/24647708_1.java,1,10,FitLibrary20100806/fitnesse/lib/src/fitlibrarySrc/fitlibrary/batch/resultsOut/FolderTestResultRepository.java,55,64,10,,,,,,,B,The whoe method is the same. SO answer says the code is copied from https://stackoverflow.com/questions/9292954/how-to-make-a-copy-of-a-file-in-android,,,,,,,
good_sdnd,0.88,stackoverflow_formatted/5419632_0.java,96,104,freecol-0/freecol/src/net/sf/freecol/client/gui/menu/FreeColMenuTest.java,66,74, stackoverflow_formatted/5419632_0.java,98,105,freecol-0/freecol/src/net/sf/freecol/client/gui/menu/FreeColMenuTest.java,68,75,,B,The fragments are very similar. SO answer says that it is copied from http://download.oracle.com/javase/tutorial/uiswing/examples/components/SplitPaneDemo2Project/src/components/SplitPaneDemo2.java,21/03/2011,,,,,,
simian,,stackoverflow_formatted/10599247_0.java,7,16,geotools-2/geotools-2.7-M3/modules/extension/xsd/xsd-wcs/src/main/java/org/geotools/wcs/bindings/TimeSequenceTypeBinding.java,89,98,10,,,,,,,B,the code is exactly the same but without reference to TimeSequenceTypeBinding.java,,,,,,,
simian,,stackoverflow_formatted/11825416_0.java,1,11,geotools-2/geotools-2.7-M3/modules/unsupported/swing/src/main/java/org/jdesktop/swingworker/SwingWorker.java,163,173,11,,,,,,,B,SO answer is copied from doneEDT in swing and geotools also has SwingWorker.java with doneEDT in it.,,,,,,,
simian,,stackoverflow_formatted/24963319_3.java,1,16,geotools-2/geotools-2.7-M3/modules/unsupported/swing/src/main/java/org/jdesktop/swingworker/SwingWorker.java,63,78,16,,,,,,,B,SO answer says (implicitly) that it is a copy of SwingWorker's code.,,,,,,,
simian,,stackoverflow_formatted/8713017_0.java,1,11,hadoop-1/hadoop-1.0.0/src/core/org/apache/hadoop/io/file/tfile/SimpleBufferedOutputStream.java,26,36,11,,,,,,,B,SO answer says the code comes from java.io.BufferedOutputStream but Hadoop code does not say anything (the name is SimpleBufferedOutputStream.java though),,,,,,,
simian,,stackoverflow_formatted/11202699_0.java,1,11,heritrix-1/heritrix-1.14.4/src/java/org/archive/util/FileUtils.java,223,233,11,,,,,,,B,The whole method is the same. SO answer does not have any info neither the heritix.,,***,,,,,
simian,,stackoverflow_formatted/11202699_0.java,2,11,heritrix-1/heritrix-1.14.4/src/java/org/archive/util/FileUtils.java,224,233,10,,,,,,,B,The whole method is the same. SO answer does not have any info neither the heritix.,,***,,,,,
simian,,stackoverflow_formatted/12428601_0.java,1,11,heritrix-1/heritrix-1.14.4/src/java/org/archive/util/FileUtils.java,223,233,11,,,,,,,B,The whole method is the same. SO answer does not have any info neither the heritix.,,***,,,,,
simian,,stackoverflow_formatted/12428601_0.java,2,11,heritrix-1/heritrix-1.14.4/src/java/org/archive/util/FileUtils.java,224,233,10,,,,,,,B,The whole method is the same. SO answer does not have any info neither the heritix.,,***,,,,,
simian,,stackoverflow_formatted/12835370_0.java,1,11,heritrix-1/heritrix-1.14.4/src/java/org/archive/util/FileUtils.java,223,233,11,,,,,,,B,The whole method is the same. SO answer does not have any info neither the heritix.,,***,,,,,
simian,,stackoverflow_formatted/12835370_0.java,2,11,heritrix-1/heritrix-1.14.4/src/java/org/archive/util/FileUtils.java,224,233,10,,,,,,,B,The whole method is the same. SO answer does not have any info neither the heritix.,,***,,,,,
simian,,stackoverflow_formatted/24013939_0.java,2,11,heritrix-1/heritrix-1.14.4/src/java/org/archive/util/FileUtils.java,224,233,10,,,,,,,B,The whole method is the same. SO answer does not have any info neither the heritix.,,***,,,,,
simian,,stackoverflow_formatted/2398335_0.java,1,16,hibernate-release-4/hibernate-release-4.2.2.Final/project/documentation/src/main/docbook/devguide/en-US/extras/using_scroll.java,1,16,16,,,,,,,B,SO answer says that the code is from Jboss's document: http://docs.jboss.org/hibernate/stable/core/reference/en/html/batch.html,,,,,,,
simian,,stackoverflow_formatted/5713930_0.java,1,16,hibernate-release-4/hibernate-release-4.2.2.Final/project/documentation/src/main/docbook/devguide/en-US/extras/using_scroll.java,1,16,16,,,,,,,B,SO answer does not say that it is copied from Hibernate example. But it is very likely.,,,,,,,
simian,,stackoverflow_formatted/23974103_0.java,1,34,hibernate-release-4/hibernate-release-4.2.2.Final/project/hibernate-core/src/main/java/org/hibernate/action/internal/BulkOperationCleanupAction.java,124,157,,,,,,,,B,"SO answer contains 3 classes EntityCleanup, CollectionCleanup, NaturalIdCleanup which are exactly the same as in Hibernate.",,,,,,,
simian,,stackoverflow_formatted/19298607_0.java,1,10,hibernate-release-4/hibernate-release-4.2.2.Final/project/hibernate-core/src/main/java/org/hibernate/dialect/Oracle9iDialect.java,23,32,10,,,,,,,B,SO answer says that the code is modified from Oracle10gDialectExtended,,,,,,,
simian,,stackoverflow_formatted/23520731_0.java,55,72,hibernate-release-4/hibernate-release-4.2.2.Final/project/hibernate-core/src/main/java/org/hibernate/tool/hbm2ddl/SchemaUpdate.java,170,187,18,,,,,,,B,Very similar code,,,,,,,
simian,,stackoverflow_formatted/11202699_0.java,1,11,hsqldb-2/hsqldb-2.0.0/hsqldb/src/org/hsqldb/test/HsqldbTestCase.java,11,21,11,,,,,,,B,The whole method is the same. SO answer does not have any info neither the hsqldb,,***,,,,,
simian,,stackoverflow_formatted/11202699_0.java,2,11,hsqldb-2/hsqldb-2.0.0/hsqldb/src/org/hsqldb/test/HsqldbTestCase.java,12,21,10,,,,,,,B,The whole method is the same. SO answer does not have any info neither the hsqldb,,***,,,,,
simian,,stackoverflow_formatted/12428601_0.java,1,11,hsqldb-2/hsqldb-2.0.0/hsqldb/src/org/hsqldb/test/HsqldbTestCase.java,11,21,11,,,,,,,B,The whole method is the same. SO answer does not have any info neither the hsqldb,,***,,,,,
simian,,stackoverflow_formatted/12428601_0.java,2,11,hsqldb-2/hsqldb-2.0.0/hsqldb/src/org/hsqldb/test/HsqldbTestCase.java,12,21,10,,,,,,,B,The whole method is the same. SO answer does not have any info neither the hsqldb,,***,,,,,
simian,,stackoverflow_formatted/12835370_0.java,1,11,hsqldb-2/hsqldb-2.0.0/hsqldb/src/org/hsqldb/test/HsqldbTestCase.java,11,21,11,,,,,,,B,The whole method is the same. SO answer does not have any info neither the hsqldb,,***,,,,,
simian,,stackoverflow_formatted/12835370_0.java,2,11,hsqldb-2/hsqldb-2.0.0/hsqldb/src/org/hsqldb/test/HsqldbTestCase.java,12,21,10,,,,,,,B,The whole method is the same. SO answer does not have any info neither the hsqldb,,***,,,,,
simian,,stackoverflow_formatted/24013939_0.java,2,11,hsqldb-2/hsqldb-2.0.0/hsqldb/src/org/hsqldb/test/HsqldbTestCase.java,12,21,10,,,,,,,B,The code for deleting a directory are exactly the same.,,,,,,,
simian,,stackoverflow_formatted/22064171_0.java,73,85,iReport-3/iReport-3.7.5-src/ireport-designer/src/com/jaspersoft/ireport/designer/sheet/editors/box/ShapeStroke.java,44,56,13,,,,,,,B,the code are very similar. But only SO answers that has comment that it is copied from http://www.jhlabs.com/java/java2d/strokes/,,,,,,,
simian,,stackoverflow_formatted/12879764_0.java,25,40,iReport-3/iReport-3.7.5-src/jasperreports-components/src/com/jaspersoft/ireport/components/spiderchart/SpiderChartIcon.java,93,108,16,,,,,,,B,SO answer says that the code is from a book called Filthy Rich Clients (http://filthyrichclients.org/),,,,,,,
nicad,,stackoverflow_formatted/21912294_0.java,109,118,iReport-3/iReport-3.7.5-src/jasperserver-plugin/src/com/jaspersoft/ireport/jasperserver/ws/IReportTrustManager.java,113,122,10,,,,,,,B,"SO answer says that ""I got it working over the internetz Û"". The HEXDIGITS constant and toHexString() method are exactly similar.",,,,,,,
nicad,,stackoverflow_formatted/18764836_0.java,104,113,iReport-3/iReport-3.7.5-src/jasperserver-plugin/src/com/jaspersoft/ireport/jasperserver/ws/IReportTrustManager.java,113,122,10,,,,,,,B,"SO answer says that the code is copied from Sun's example. However, iReport code does not say anything. The HEXDIGITS constant and toHexString() method are exactly similar.",,,,,,,
nicad,,stackoverflow_formatted/20513679_0.java,103,112,iReport-3/iReport-3.7.5-src/jasperserver-plugin/src/com/jaspersoft/ireport/jasperserver/ws/IReportTrustManager.java,113,122,10,,,,,,,B,The HEXDIGITS constant and toHexString() method are exactly similar.,,,,,,,
nicad,,stackoverflow_formatted/15373186_0.java,104,113,iReport-3/iReport-3.7.5-src/jasperserver-plugin/src/com/jaspersoft/ireport/jasperserver/ws/IReportTrustManager.java,113,122,10,,,,,,,B,The HEXDIGITS constant and toHexString() method are exactly similar.,,,,,,,
simian,,stackoverflow_formatted/15373186_0.java,103,112,iReport-3/iReport-3.7.5-src/jasperserver-plugin/src/com/jaspersoft/ireport/jasperserver/ws/IReportTrustManager.java,112,121,10,,,,,,,B,The HEXDIGITS constant and toHexString() method are exactly similar. SO answer says the code is from http://blogs.sun.com/andreas/resource/InstallCert.java,,,,,,,
simian,,stackoverflow_formatted/18764836_0.java,103,112,iReport-3/iReport-3.7.5-src/jasperserver-plugin/src/com/jaspersoft/ireport/jasperserver/ws/IReportTrustManager.java,112,121,10,,,,,,,B,The HEXDIGITS constant and toHexString() method are exactly similar. SO answer says the code is from https://blogs.oracle.com/gc/entry/unable_to_find_valid_certification,,,,,,,
simian,,stackoverflow_formatted/20513679_0.java,102,111,iReport-3/iReport-3.7.5-src/jasperserver-plugin/src/com/jaspersoft/ireport/jasperserver/ws/IReportTrustManager.java,112,121,10,,,,,,,B,The HEXDIGITS constant and toHexString() method are exactly similar.,,,,,,,
simian,,stackoverflow_formatted/21912294_0.java,108,117,iReport-3/iReport-3.7.5-src/jasperserver-plugin/src/com/jaspersoft/ireport/jasperserver/ws/IReportTrustManager.java,112,121,10,,,,,,,B,SO answer says the code is from http://blogs.sun.com/andreas/resource/InstallCert.java but the iReport code does not say anything.,,,,,,,
simian,,stackoverflow_formatted/25056629_1.java,1,12,iText-src-5/src/core/com/itextpdf/text/pdf/PdfWriter.java,538,549,12,,,,,,,B,SO question says that iText is used in the project. The answer does not say where the code comes from.,,,,,,,
simian,,stackoverflow_formatted/24647708_1.java,1,10,jag-6/jag-6.1/src/com/finalist/jaggenerator/LibCopier.java,63,72,10,,,,,,,B,The whoe method is the same. SO answer says the code is copied from https://stackoverflow.com/questions/9292954/how-to-make-a-copy-of-a-file-in-android,,,,,,,
ok_sdnd,1,stackoverflow_formatted/21099738_0.java,2,30,jboss-5/jboss-5.1.0.GA-src/console/src/main/org/jboss/console/plugins/helpers/servlet/ServletHelper.java,3,31, stackoverflow_formatted/21099738_0.java,5,20,jboss-5/jboss-5.1.0.GA-src/console/src/main/org/jboss/console/plugins/helpers/servlet/ServletHelper.java,8,23,,B,very similar code to replace special characters,41652,39955,,,,,
simian,,stackoverflow_formatted/21734562_0.java,11,21,jboss-5/jboss-5.1.0.GA-src/tomcat/src/main/org/jboss/web/tomcat/security/authenticators/JASPIFormAuthenticator.java,28,38,11,,,,,,,B,"SO answer comes from http://alvinalexander.com/java/jwarehouse/apache-tomcat-6.0.16/java/org/apache/catalina/authenticator/BasicAuthenticator.java.shtml. However, jboss has JASPIFormAuthenticator.",,,,,,,
simian,,stackoverflow_formatted/21734562_0.java,11,21,jboss-5/jboss-5.1.0.GA-src/tomcat/src/main/org/jboss/web/tomcat/security/FormAuthenticator.java,49,59,11,,,,,,,B,SO answer says that the code is copied from http://alvinalexander.com/java/jwarehouse/apache-tomcat-6.0.16/java/org/apache/catalina/authenticator/BasicAuthenticator.java.shtml. Bot BasicAuthenticator and FormAuthenticator extend AuthenticatorBase.,,,,,,,
simian,,stackoverflow_formatted/21734562_0.java,58,68,jboss-5/jboss-5.1.0.GA-src/tomcat/src/main/org/jboss/web/tomcat/security/jaspi/modules/HTTPBasicServerAuthModule.java,97,107,11,,,,,,,B,SO answer says that the code is copied from http://alvinalexander.com/java/jwarehouse/apache-tomcat-6.0.16/java/org/apache/catalina/authenticator/BasicAuthenticator.java.shtml. Jboss code does not say anything.,,,,,,,
simian,,stackoverflow_formatted/21734562_0.java,24,48,jboss-5/jboss-5.1.0.GA-src/tomcat/src/main/org/jboss/web/tomcat/security/jaspi/modules/HTTPBasicServerAuthModule.java,63,87,25,,,,,,,B,SO answer says that the code is from Tomcat's BasicAuthenticator.java. ,,,,,,,
simian,,stackoverflow_formatted/11368428_1.java,1,10,jfreechart-1/jfreechart-1.0.13/source/org/jfree/chart/demo/BarChartDemo1.java,29,38,10,,,,,,,B,The code are very similar without any reference.,,,,,,,
simian,,stackoverflow_formatted/12936580_0.java,83,94,jfreechart-1/jfreechart-1.0.13/source/org/jfree/chart/renderer/xy/AbstractXYItemRenderer.java,466,477,12,,,,,,,B,SO answer says it merges code from XYPlot and XYLineAndShapeRenderer. Several methods are similar.,,,,,,,
simian,,stackoverflow_formatted/12936580_0.java,102,113,jfreechart-1/jfreechart-1.0.13/source/org/jfree/chart/renderer/xy/AbstractXYItemRenderer.java,484,495,12,,,,,,,B,SO answer says it merges code from XYPlot and XYLineAndShapeRenderer. Several methods are similar.,,,,,,,
simian,,stackoverflow_formatted/12936580_0.java,83,94,jfreechart-1/jfreechart-1.0.13/source/org/jfree/chart/renderer/xy/AbstractXYItemRenderer.java,619,630,12,,,,,,,B,SO answer says it merges code from XYPlot and XYLineAndShapeRenderer. Several methods are similar.,,,,,,,
simian,,stackoverflow_formatted/12936580_0.java,75,99,jfreechart-1/jfreechart-1.0.13/source/org/jfree/chart/renderer/xy/AbstractXYItemRenderer.java,458,482,25,,,,,,,B,SO answer says the code is a merge of XYPlot and XYLineAndShapeRenderer.,,,,,,,
simian,,stackoverflow_formatted/11368428_1.java,1,10,jfreechart-1/jfreechart-1.0.13/swt/org/jfree/experimental/chart/swt/demo/SWTBarChartDemo1.java,19,28,10,,,,,,,B,SO answer does not say that the code is copied from jfreechart. But very likely,,,,,,,
simian,,stackoverflow_formatted/10548630_0.java,94,105,jfreechart-1/jfreechart-1.0.13/swt/org/jfree/experimental/swt/SWTUtils.java,230,241,12,,,,,,,B,The method convertToSWT() are exactly the same. SO answer refers to the original code from http://www.java2s.com/Code/Java/SWT-JFace-Eclipse/ConvertbetweenSWTImageandAWTBufferedImage.htm. Nothing is mentioned in jfreechart.,,,,,,,
simian,,stackoverflow_formatted/1110491_0.java,32,43,jfreechart-1/jfreechart-1.0.13/swt/org/jfree/experimental/swt/SWTUtils.java,230,241,12,,,,,,,B,"The two code are very similar. SO answer says the code is ""is a 99% copy from http://dev.eclipse.org/viewcvs/index.cgi/org.eclipse.swt.snippets/src/org/eclipse/swt/snippets/Snippet156.java?view=co :"". Jfreechart code does not have any comment about this.",,,,,,,
simian,,stackoverflow_formatted/10135259_0.java,1,10,Vuze_4812_source/com/aelitis/azureus/core/util/http/HTTPAuthHelper.java,275,284,10,,,,,,,B,similar code for using untrusted SSL certificate,,,,,,,
simian,,stackoverflow_formatted/10165127_0.java,39,48,Vuze_4812_source/com/aelitis/azureus/core/util/http/HTTPAuthHelper.java,275,284,10,,,,,,,B,similar code for using untrusted SSL certificate,,,,,,,
simian,,stackoverflow_formatted/10165127_0.java,39,52,Vuze_4812_source/com/aelitis/azureus/core/util/http/HTTPAuthHelper.java,275,288,14,,,,,,,B,similar code to ignore certificate in SSL connection,,,,,,,
simian,,stackoverflow_formatted/1201102_0.java,1,10,Vuze_4812_source/com/aelitis/azureus/core/util/http/HTTPAuthHelper.java,275,284,10,,,,,,,B,SO answer says the code is also copied from http://web.archive.org/web/20121022013056/http://exampledepot.com/egs/javax.net.ssl/TrustAll.html,,,,,,,
simian,,stackoverflow_formatted/2752455_0.java,1,10,Vuze_4812_source/com/aelitis/azureus/core/util/http/HTTPAuthHelper.java,275,284,10,,,,,,,B,SO answer says the code is also copied from http://web.archive.org/web/20121022013056/http://exampledepot.com/egs/javax.net.ssl/TrustAll.html,,,,,,,
simian,,stackoverflow_formatted/4608146_0.java,1,10,Vuze_4812_source/com/aelitis/azureus/core/util/http/HTTPAuthHelper.java,275,284,10,,,,,,,B,similar code for using untrusted SSL certificate,,,,,,,
simian,,stackoverflow_formatted/10135259_0.java,1,10,Vuze_4812_source/org/gudy/azureus2/core3/security/impl/SESecurityManagerImpl.java,429,438,10,,,,,,,B,similar code for using untrusted SSL certificate,,,,,,,
simian,,stackoverflow_formatted/10165127_0.java,39,48,Vuze_4812_source/org/gudy/azureus2/core3/security/impl/SESecurityManagerImpl.java,429,438,10,,,,,,,B,similar code for using untrusted SSL certificate,,,,,,,
simian,,stackoverflow_formatted/10165127_0.java,39,48,Vuze_4812_source/org/gudy/azureus2/core3/security/impl/SESecurityManagerImpl.java,524,533,10,,,,,,,B,similar code for using untrusted SSL certificate,,,,,,,
simian,,stackoverflow_formatted/10165127_0.java,39,52,Vuze_4812_source/org/gudy/azureus2/core3/security/impl/SESecurityManagerImpl.java,429,442,14,,,,,,,B,similar code to ignore certificate in SSL connection,,,,,,,
simian,,stackoverflow_formatted/10165127_0.java,39,52,Vuze_4812_source/org/gudy/azureus2/core3/security/impl/SESecurityManagerImpl.java,524,537,14,,,,,,,B,similar code to ignore certificate in SSL connection,,,,,,,
simian,,stackoverflow_formatted/1201102_0.java,1,10,Vuze_4812_source/org/gudy/azureus2/core3/security/impl/SESecurityManagerImpl.java,429,438,10,,,,,,,B,SO answer says the code is also copied from http://web.archive.org/web/20121022013056/http://exampledepot.com/egs/javax.net.ssl/TrustAll.html,,,,,,,
simian,,stackoverflow_formatted/1201102_0.java,1,10,Vuze_4812_source/org/gudy/azureus2/core3/security/impl/SESecurityManagerImpl.java,524,533,10,,,,,,,B,similar code for using untrusted SSL certificate,,,,,,,
simian,,stackoverflow_formatted/23782959_0.java,1,10,Vuze_4812_source/org/gudy/azureus2/core3/security/impl/SESecurityManagerImpl.java,429,438,10,,,,,,,B,similar code for using untrusted SSL certificate,,,,,,,
simian,,stackoverflow_formatted/23782959_0.java,1,10,Vuze_4812_source/org/gudy/azureus2/core3/security/impl/SESecurityManagerImpl.java,524,533,10,,,,,,,B,similar code for using untrusted SSL certificate,,,,,,,
simian,,stackoverflow_formatted/2752455_0.java,1,10,Vuze_4812_source/org/gudy/azureus2/core3/security/impl/SESecurityManagerImpl.java,429,438,10,,,,,,,B,SO answer says the code is also copied from http://web.archive.org/web/20121022013056/http://exampledepot.com/egs/javax.net.ssl/TrustAll.html,,,,,,,
simian,,stackoverflow_formatted/2752455_0.java,1,10,Vuze_4812_source/org/gudy/azureus2/core3/security/impl/SESecurityManagerImpl.java,524,533,10,,,,,,,B,SO answer says the code is also copied from http://web.archive.org/web/20121022013056/http://exampledepot.com/egs/javax.net.ssl/TrustAll.html,,,,,,,
simian,,stackoverflow_formatted/4608146_0.java,1,10,Vuze_4812_source/org/gudy/azureus2/core3/security/impl/SESecurityManagerImpl.java,429,438,10,,,,,,,B,similar code for using untrusted SSL certificate,,,,,,,
simian,,stackoverflow_formatted/4608146_0.java,1,10,Vuze_4812_source/org/gudy/azureus2/core3/security/impl/SESecurityManagerImpl.java,524,533,10,,,,,,,B,similar code for using untrusted SSL certificate,,,,,,,
simian,,stackoverflow_formatted/20895609_0.java,7,18,aoisrc281/ArtOfIllusion/src/artofillusion/math/SimplexNoise.java,17,28,12,,,,,,,C,SO answer says that the code is modified from http://mrl.nyu.edu/~perlin/noise/. The AoiSrc code also comments that it implements the same Ken Perlin's simplex noise.,,,,,,,
good_sdnf,1,stackoverflow_formatted/3911987_0.java,38,53,Compiere_330_Source/release_330/ad/src/org/compiere/translate/AmtInWords_EN.java,49,64, stackoverflow_formatted/3911987_0.java,38,50,Compiere_330_Source/release_330/ad/src/org/compiere/translate/AmtInWords_EN.java,49,61,,C,Both fragments are copied from http://www.rgagnon.com/javadetails/java-0426.html,,,,,,,
good_sdnf,1,stackoverflow_formatted/13219118_0.java,12,27,Compiere_330_Source/release_330/ad/src/org/compiere/translate/AmtInWords_EN.java,49,64, stackoverflow_formatted/13219118_0.java,12,24,Compiere_330_Source/release_330/ad/src/org/compiere/translate/AmtInWords_EN.java,49,61,,C,Both fragments are copied from http://www.rgagnon.com/javadetails/java-0426.html,,,,,,,
ok_sdnf,1,stackoverflow_formatted/3911987_0.java,38,53,Compiere_330_Source/release_330/ad/src/org/compiere/translate/AmtInWords_EN.java,49,64, stackoverflow_formatted/3911987_0.java,38,45,Compiere_330_Source/release_330/ad/src/org/compiere/translate/AmtInWords_EN.java,49,56,,C,Both fragments are copied from http://www.rgagnon.com/javadetails/java-0426.html,,,,,,,
ok_sdnd,1,stackoverflow_formatted/13219118_0.java,12,27,Compiere_330_Source/release_330/ad/src/org/compiere/translate/AmtInWords_EN.java,49,64, stackoverflow_formatted/13219118_0.java,12,19,Compiere_330_Source/release_330/ad/src/org/compiere/translate/AmtInWords_EN.java,49,56,,C,Both fragments are copied from http://www.rgagnon.com/javadetails/java-0426.html,,,,,,,
ok_sdnf,1,stackoverflow_formatted/13219118_0.java,17,22,Compiere_330_Source/release_330/ad/src/org/compiere/translate/AmtInWords_FR.java,54,59, stackoverflow_formatted/13219118_0.java,12,24,Compiere_330_Source/release_330/ad/src/org/compiere/translate/AmtInWords_FR.java,49,61,,C,SO answer says that the code is copied from http://www.rgagnon.com/javadetails/java-0426.html and the Q code also has a comment that it is from the same place.,,,,,,,
ok_sdnf,1,stackoverflow_formatted/3911987_0.java,38,53,Compiere_330_Source/release_330/ad/src/org/compiere/translate/AmtInWords_FR.java,49,69, stackoverflow_formatted/3911987_0.java,38,45,Compiere_330_Source/release_330/ad/src/org/compiere/translate/AmtInWords_FR.java,49,56,,C,Both fragments are copied from http://www.rgagnon.com/javadetails/java-0426.html,,,,,,,
ok_sdnf,1,stackoverflow_formatted/3911987_0.java,38,53,Compiere_330_Source/release_330/ad/src/org/compiere/translate/AmtInWords_FR.java,49,69, stackoverflow_formatted/3911987_0.java,38,50,Compiere_330_Source/release_330/ad/src/org/compiere/translate/AmtInWords_FR.java,49,61,,C,Both fragments are copied from http://www.rgagnon.com/javadetails/java-0426.html,,,,,,,
ok_sdnf,1,stackoverflow_formatted/13219118_0.java,12,27,Compiere_330_Source/release_330/ad/src/org/compiere/translate/AmtInWords_FR.java,49,69, stackoverflow_formatted/13219118_0.java,12,19,Compiere_330_Source/release_330/ad/src/org/compiere/translate/AmtInWords_FR.java,49,56,,C,Both fragments are copied from http://www.rgagnon.com/javadetails/java-0426.html,,,,,,,
ok_sdnf,1,stackoverflow_formatted/3911987_0.java,43,48,Compiere_330_Source/release_330/ad/src/org/compiere/translate/AmtInWords_FR.java,54,59, stackoverflow_formatted/3911987_0.java,38,50,Compiere_330_Source/release_330/ad/src/org/compiere/translate/AmtInWords_FR.java,49,61,,C,SO answer says that the code is copied from http://www.rgagnon.com/javadetails/java-0426.html and the Q code also has a comment that it is from the same place.,,,,,,,
ok_sdnf,1,stackoverflow_formatted/13219118_0.java,12,27,Compiere_330_Source/release_330/ad/src/org/compiere/translate/AmtInWords_FR.java,49,69, stackoverflow_formatted/13219118_0.java,12,24,Compiere_330_Source/release_330/ad/src/org/compiere/translate/AmtInWords_FR.java,49,61,,C,Both fragments are copied from http://www.rgagnon.com/javadetails/java-0426.html,,,,,,,
simian,,stackoverflow_formatted/15260207_0.java,172,212,freemind-src-0/freemind/accessories/plugins/dialogs/ArrayListTransferHandler.java,103,143,,,,,,,,C,Code are very possible to be copied from http://www.java2s.com/Code/Java/Swing-JFC/DragListDemo.htm > http://java.sun.com/docs/books/tutorial/index.html,,,,,,,
simian,,stackoverflow_formatted/15260207_0.java,130,154,freemind-src-0/freemind/accessories/plugins/dialogs/ArrayListTransferHandler.java,75,99,25,,,,,,,C,"SO answer says that the code is copied and modified from http://www.java2s.com/Code/Java/Swing-JFC/DragListDemo.htm. Freemind's code says that it is adapted from Sun tutorial example ""as-is"".",,,,,,,
simian,,stackoverflow_formatted/15260207_0.java,111,128,freemind-src-0/freemind/accessories/plugins/dialogs/ArrayListTransferHandler.java,56,73,18,,,,,,,C,"SO answer says that the code is copied and modified from http://www.java2s.com/Code/Java/Swing-JFC/DragListDemo.htm. Freemind's code says that it is adapted from Sun tutorial example ""as-is"".",,,,,,,
simian,,stackoverflow_formatted/24963319_2.java,1,11,geotools-2/geotools-2.7-M3/modules/unsupported/swing/src/main/java/org/jdesktop/swingworker/SwingWorker.java,163,173,11,,,,,,,C,SO answer copies code from SwingWorker. Geotools also copies code from swing into its project.,,,,,,,
simian,,stackoverflow_formatted/24453994_0.java,8,17,iText-src-5/src/core/com/itextpdf/text/pdf/BarcodeEAN.java,18,27,10,,,,,,,C,"The array represents the basic width of 2D barcode (EAN). SO answer has a comment saying """"Odd"", or ""L"" patterns used to encode UPC/EAN digits.""",,,,,,,
good_sdnf,0.76,stackoverflow_formatted/92962_0.java,22,61,jgraphpad-5/jgraphpad-5.10.0.2-src/src/org/jgraph/pad/graphcellsbase/JGraphSwimlaneView.java,93,132, stackoverflow_formatted/92962_0.java,11,60,jgraphpad-5/jgraphpad-5.10.0.2-src/src/org/jgraph/pad/graphcellsbase/JGraphSwimlaneView.java,82,131,,C,"SO answer says that the code is copied from http://stackoverflow.com/questions/92781/how-do-i-present-text-vertically-in-a-jlabel-java-1-6/92962#92962, Qualitas side doesn't say anything about copying.",,,,,,,
simian,,stackoverflow_formatted/9549009_0.java,54,70,Vuze_4812_source/org/bouncycastle/crypto/generators/OpenSSLPBEParametersGenerator.java,39,55,,,,,,,,C,"SO answer says the the code is ""copied shamelessly from org.bouncycastle.crypto.generators.PKCS5S2ParametersGenerator"". Even it's not this file but they are very similar and from the same project.",,***,,,,,