stackoverflow_formatted/9291241_1.java,1,11,apache-ant-1.8.4/src/main/org/apache/tools/ant/taskdefs/Mkdir.java,19,29,11,A,SO answer says that the code is from Mkdir in Ant 1.8.2,,,manual investigation,
stackoverflow_formatted/18303692_0.java,7,18,aspectj-1.6.9-src/aspectjtools1.6.9-src/org/aspectj/weaver/loadtime/Agent.java,7,18,12,A,SO answers says that the code is modified from Agent and ClassPreProcessorAgentAdapter of aspectj.,,,manual investigation,
stackoverflow_formatted/18303692_0.java,7,18,aspectj-1.6.9-src/aspectjweaver1.6.9-src/org/aspectj/weaver/loadtime/Agent.java,7,18,12,A,SO answer says that the code is modified from Agent class,,,manual investigation,
stackoverflow_formatted/801987_0.java,1,17,hadoop-1/hadoop-1.0.0/src/core/org/apache/hadoop/util/StringUtils.java,40,56,,A,SO answer says that the code is copied from this Hadoop file.,,***,manual investigation,
stackoverflow_formatted/21702608_0.java,1,13,hadoop-1/hadoop-1.0.0/src/examples/org/apache/hadoop/examples/DBCountPageView.java,275,287,13,A,SO answer is a modified version of DBCountPageView.java,,,manual investigation,
stackoverflow_formatted/21702608_0.java,15,35,hadoop-1/hadoop-1.0.0/src/examples/org/apache/hadoop/examples/DBCountPageView.java,289,309,,A,SO answer says that the code is copied and modified from Hadoop DbCountPageView example.,,,manual investigation,
stackoverflow_formatted/16180910_0.java,1,14,hadoop-1/hadoop-1.0.0/src/mapred/org/apache/hadoop/mapred/LineRecordReader.java,47,60,14,A,SO answer says that the code is copied from LineRecordReader in Hadoop.,,,manual investigation,
stackoverflow_formatted/14845581_1.java,1,10,hadoop-1/hadoop-1.0.0/src/mapred/org/apache/hadoop/mapreduce/JobSubmissionFiles.java,46,55,10,A,SO answer says that the code is copied from Hadoop's JobSubmissionFiles.java,,,manual investigation,
stackoverflow_formatted/16180910_0.java,1,14,hadoop-1/hadoop-1.0.0/src/mapred/org/apache/hadoop/mapreduce/lib/input/LineRecordReader.java,41,54,14,A,SO answer says the code is taken from Hadoop's LineRecordReader.java,,,manual investigation,
stackoverflow_formatted/10274267_0.java,1,12,hibernate-release-4/hibernate-release-4.2.2.Final/project/documentation/src/main/docbook/devguide/en-US/extras/flush_and_clear_session.java,1,12,12,A,SO answer says that the code is copied from Hibernate API doc (http://docs.jboss.org/hibernate/orm/3.3/reference/en/html/batch.html#batch-inserts) which is very likely to be populated from the Hibernate code.,,,manual investigation,
stackoverflow_formatted/14330686_0.java,1,12,hibernate-release-4/hibernate-release-4.2.2.Final/project/documentation/src/main/docbook/devguide/en-US/extras/flush_and_clear_session.java,1,12,12,A,SO answer is copied from Hibernate example. http://docs.jboss.org/hibernate/core/3.3/reference/en/html/batch.html#batch-inserts,,,manual investigation,
stackoverflow_formatted/14582029_0.java,1,12,hibernate-release-4/hibernate-release-4.2.2.Final/project/documentation/src/main/docbook/devguide/en-US/extras/flush_and_clear_session.java,1,12,12,A,SO answer says it is copied from Hibernate manual,,,manual investigation,
stackoverflow_formatted/20458485_0.java,1,12,hibernate-release-4/hibernate-release-4.2.2.Final/project/documentation/src/main/docbook/devguide/en-US/extras/flush_and_clear_session.java,1,12,12,A,SO answer is copied from Hibernate example. http://docs.jboss.org/hibernate/orm/4.3/manual/en-US/html/ch15.html,,,manual investigation,
stackoverflow_formatted/21777900_0.java,1,12,hibernate-release-4/hibernate-release-4.2.2.Final/project/documentation/src/main/docbook/devguide/en-US/extras/flush_and_clear_session.java,1,12,12,A,SO answer is copied from Hibernate example. http://docs.jboss.org/hibernate/core/3.3/reference/en/html/batch.html#batch-inserts,,,manual investigation,
stackoverflow_formatted/3275733_0.java,1,12,hibernate-release-4/hibernate-release-4.2.2.Final/project/documentation/src/main/docbook/devguide/en-US/extras/flush_and_clear_session.java,1,12,12,A,SO answer is copied from Hibernate example. http://docs.jboss.org/hibernate/core/3.3/reference/en/html/batch.html#batch-inserts,,,manual investigation,
stackoverflow_formatted/3788516_0.java,1,12,hibernate-release-4/hibernate-release-4.2.2.Final/project/documentation/src/main/docbook/devguide/en-US/extras/flush_and_clear_session.java,1,12,12,A,SO answer is copied from Hibernate example. http://docs.jboss.org/hibernate/core/3.3/reference/en/html/batch.html#batch-inserts,,,manual investigation,
stackoverflow_formatted/2761630_0.java,1,11,hibernate-release-4/hibernate-release-4.2.2.Final/project/documentation/src/main/docbook/devguide/en-US/extras/using_a_StatelessSession.java,1,11,11,A,SO answer mentions that the code is from http://docs.jboss.org/hibernate/core/3.3/reference/en/html/batch.html#batch-statelesssession,,,manual investigation,
stackoverflow_formatted/15633427_0.java,1,11,hibernate-release-4/hibernate-release-4.2.2.Final/project/hibernate-core/src/main/java/org/hibernate/cfg/Environment.java,114,124,11,A,SO answer says the code is copied from org.hibernate.cfg.Environment,,,manual investigation,
stackoverflow_formatted/8257554_0.java,2,13,hibernate-release-4/hibernate-release-4.2.2.Final/project/hibernate-core/src/main/java/org/hibernate/cfg/SettingsFactory.java,244,255,12,A,"SO answer says the code is copied from ""the Hibernate Source""",,,manual investigation,
stackoverflow_formatted/24924255_0.java,9,28,hibernate-release-4/hibernate-release-4.2.2.Final/project/hibernate-core/src/main/java/org/hibernate/criterion/Example.java,224,243,,A,SO answer says that the code is copied and modified from Hadoop org.hibernate.criterion.Example example.,,,manual investigation,
stackoverflow_formatted/23967852_0.java,1,19,hibernate-release-4/hibernate-release-4.2.2.Final/project/hibernate-core/src/main/java/org/hibernate/dialect/pagination/SQLServer2005LimitHandler.java,43,61,,A,SO answer mentions that the code there is an investigation of code in getProcessedSql() in Hibernate.,,,manual investigation,
stackoverflow_formatted/15168494_0.java,1,29,hibernate-release-4/hibernate-release-4.2.2.Final/project/hibernate-core/src/main/java/org/hibernate/service/jdbc/connections/internal/ConnectionProviderInitiator.java,65,93,,A,SO answer says that the code is copied from Hibernate's ConnectionProviderInitiator.java,,,manual investigation,
stackoverflow_formatted/23520731_0.java,1,54,hibernate-release-4/hibernate-release-4.2.2.Final/project/hibernate-core/src/main/java/org/hibernate/tool/hbm2ddl/SchemaUpdate.java,115,168,,A,SO answer is copied directly from SchemaUpdate class in Hibernate project ,,,manual investigation,
stackoverflow_formatted/10737817_0.java,1,13,hibernate-release-4/hibernate-release-4.2.2.Final/project/hibernate-entitymanager/src/main/java/org/hibernate/ejb/criteria/QueryStructure.java,78,90,13,A,SO answer says that the code is copied from QueryStructure in Hibernate,,,manual investigation,
stackoverflow_formatted/16930707_0.java,27,42,hibernate-release-4/hibernate-release-4.2.2.Final/project/hibernate-envers/src/test/java/org/hibernate/envers/test/integration/basic/RegisterUserEventListenersTest.java,25,40,,A,SO answers obviously say that the code is copied from org.hibernate.envers.test.integration.basic.RegisterUserEventListenersTest which is the same class but in different package.,,,manual investigation,
stackoverflow_formatted/8037824_0.java,1,20,jasperreports-3/jasperreports-3.7.4/src/net/sf/jasperreports/engine/design/JRVerifier.java,1221,1240,20,A,SO answer says that the code is copied from net.sf.jasperreports.engine.design.JRVerifier class.,,,manual investigation,
stackoverflow_formatted/8037824_0.java,22,38,jasperreports-3/jasperreports-3.7.4/src/net/sf/jasperreports/engine/design/JRVerifier.java,982,998,17,A,SO answer says the code is copied from net.sf.jasperreports.engine.design.JRVerifier ,,,manual investigation,
stackoverflow_formatted/21998949_0.java,11,29,jfreechart-1/jfreechart-1.0.13/source/org/jfree/chart/plot/SpiderWebPlot.java,502,520,,A,SO answer shows a code that extends from SpiderWebPlot in JFreeChart.,,,manual investigation,
stackoverflow_formatted/21998949_0.java,31,45,jfreechart-1/jfreechart-1.0.13/source/org/jfree/chart/plot/SpiderWebPlot.java,522,536,15,A,SO code extends from SpiderWebPlot and have several similar methods.,,,manual investigation,
stackoverflow_formatted/12936580_0.java,150,187,jfreechart-1/jfreechart-1.0.13/source/org/jfree/chart/renderer/xy/AbstractXYItemRenderer.java,532,569,,A,"SO answer says ""I merged Code from XYPlot and XYLineAndShapeRenderer to achieve this. Here is the source code."".  However, the drawDomainMarker() method should be copied from jfreechart-1/jfreechart-1.0.13/source/org/jfree/chart/renderer/xy/AbstractXYItemRenderer.java instead of XYLineAndShapeRenderer",,,manual investigation,
stackoverflow_formatted/16058183_0.java,1,13,jfreechart-1/jfreechart-1.0.13/source/org/jfree/data/KeyToGroupMap.java,18,30,13,A,SO answer says that the code is from KeyToGroupMap() constructor,,,manual investigation,
stackoverflow_formatted/15889119_0.java,1,16,jgrapht-0/jgrapht-0.8.1/src/org/jgrapht/experimental/touchgraph/TouchgraphConverter.java,7,22,,A,SO answer says that the code is from TouchGraphConverter.java,,***,manual investigation,
stackoverflow_formatted/23586872_1.java,1,20,junit-4/org/junit/Assert.java,33,52,,A,SO answer says that the code is copied from JUnit assertEquals(),,,manual investigation,
stackoverflow_formatted/8802082_2.java,1,19,junit-4/org/junit/internal/runners/statements/ExpectException.java,11,29,,A,"SO answer says that it copies the code from ExpectException.java (""an exxcerpt from the Junit source code (ExpectException.java):"")",,,manual investigation,
stackoverflow_formatted/7504040_0.java,1,20,junit-4/org/junit/rules/ExternalResource.java,4,23,,A,SO answer says that the code is copied from JUnit ExternalResource,,,manual investigation,
stackoverflow_formatted/18137301_0.java,1,14,antlr4-4.0/tool/test/org/antlr/v4/test/TestPerformance.java,556,569,14,B,The question and answer is about antlr and two code fragments are exactly the same.,,,manual investigation,
stackoverflow_formatted/6236324_0.java,226,255,aoisrc281/ArtOfIllusion/src/artofillusion/image/MovieEncoder.java,152,181,30,B,the code are very similar. SO answer is a copy of Sun's JpageImagesToMovie.java.,,,manual investigation,
stackoverflow_formatted/11202699_0.java,1,11,c-jdbc-2/c-jdbc-2.0.2-src/src/org/objectweb/cjdbc/common/util/FileManagement.java,4,14,11,B,The whole method is the same. SO answer does not have any info neither the c-jdbc.,,***,manual investigation,
stackoverflow_formatted/11202699_0.java,2,11,c-jdbc-2/c-jdbc-2.0.2-src/src/org/objectweb/cjdbc/common/util/FileManagement.java,5,14,10,B,The whole method is the same. SO answer does not have any info neither the c-jdbc.,,***,manual investigation,
stackoverflow_formatted/12428601_0.java,2,11,c-jdbc-2/c-jdbc-2.0.2-src/src/org/objectweb/cjdbc/common/util/FileManagement.java,5,14,10,B,The whole method is the same. SO answer does not have any info neither the c-jdbc.,,***,manual investigation,
stackoverflow_formatted/12428601_0.java,1,11,c-jdbc-2/c-jdbc-2.0.2-src/src/org/objectweb/cjdbc/common/util/FileManagement.java,4,14,11,B,The code is exactly the same but no reference to FileManagement.java,,,manual investigation,
stackoverflow_formatted/12835370_0.java,1,11,c-jdbc-2/c-jdbc-2.0.2-src/src/org/objectweb/cjdbc/common/util/FileManagement.java,4,14,11,B,The whole method is the same. SO answer does not have any info neither the c-jdbc.,,***,manual investigation,
stackoverflow_formatted/12835370_0.java,2,11,c-jdbc-2/c-jdbc-2.0.2-src/src/org/objectweb/cjdbc/common/util/FileManagement.java,5,14,10,B,The whole method is the same. SO answer does not have any info neither the c-jdbc.,,***,manual investigation,
stackoverflow_formatted/24013939_0.java,2,11,c-jdbc-2/c-jdbc-2.0.2-src/src/org/objectweb/cjdbc/common/util/FileManagement.java,5,14,10,B,The whole method is the same. SO answer does not have any info neither the c-jdbc.,,***,manual investigation,
stackoverflow_formatted/10135259_0.java,1,10,Compiere_330_Source/release_330/base/src/org/compiere/process/RegisterSystem.java,69,78,10,B,similar code for using untrusted SSL certificate,,,manual investigation,
stackoverflow_formatted/10135259_0.java,1,17,Compiere_330_Source/release_330/base/src/org/compiere/process/RegisterSystem.java,69,85,17,B,Both of them are code for disabling SSL trust certificate check,,,manual investigation,
stackoverflow_formatted/10165127_0.java,39,48,Compiere_330_Source/release_330/base/src/org/compiere/process/RegisterSystem.java,69,78,10,B,similar code for using untrusted SSL certificate,,,manual investigation,
stackoverflow_formatted/1201102_0.java,1,10,Compiere_330_Source/release_330/base/src/org/compiere/process/RegisterSystem.java,69,78,10,B,SO answer says the code is from http://web.archive.org/web/20121022013056/http://exampledepot.com/egs/javax.net.ssl/TrustAll.html.,,,manual investigation,
stackoverflow_formatted/1201102_0.java,1,17,Compiere_330_Source/release_330/base/src/org/compiere/process/RegisterSystem.java,69,85,17,B,Both of them are code for disabling SSL trust certificate check. So answer says that it is copied from http://web.archive.org/web/20121022013056/http://exampledepot.com/egs/javax.net.ssl/TrustAll.html,INTERESTING,,manual investigation,
stackoverflow_formatted/23782959_0.java,1,10,Compiere_330_Source/release_330/base/src/org/compiere/process/RegisterSystem.java,69,78,10,B,similar code for using untrusted SSL certificate,,,manual investigation,
stackoverflow_formatted/23782959_0.java,1,17,Compiere_330_Source/release_330/base/src/org/compiere/process/RegisterSystem.java,69,85,17,B,Both of them are code for disabling SSL trust certificate check,,,manual investigation,
stackoverflow_formatted/2752455_0.java,1,10,Compiere_330_Source/release_330/base/src/org/compiere/process/RegisterSystem.java,69,78,10,B,SO answer says the code is also copied from http://web.archive.org/web/20121022013056/http://exampledepot.com/egs/javax.net.ssl/TrustAll.html,,,manual investigation,
stackoverflow_formatted/2752455_0.java,1,17,Compiere_330_Source/release_330/base/src/org/compiere/process/RegisterSystem.java,69,85,17,B,Both of them are code for disabling SSL trust certificate check. So answer says that it is copied from http://web.archive.org/web/20121022013056/http://exampledepot.com/egs/javax.net.ssl/TrustAll.html,INTERESTING,,manual investigation,
stackoverflow_formatted/4453908_0.java,1,15,Compiere_330_Source/release_330/base/src/org/compiere/process/RegisterSystem.java,69,85,15,B,SO answer says that the code is copied from http://www.exampledepot.com/egs/javax.net.ssl/trustall.html,,,manual investigation,
stackoverflow_formatted/11202699_0.java,1,11,db-derby-10/db-derby-10.6.1.0-src/java/testing/org/apache/derbyTesting/functionTests/tests/junitTests/compatibility/CompatibilityCombinations.java,813,823,11,B,The whole method is the same. SO answer does not have any info neither the db-derby.,,,manual investigation,
stackoverflow_formatted/11202699_0.java,2,11,db-derby-10/db-derby-10.6.1.0-src/java/testing/org/apache/derbyTesting/functionTests/tests/junitTests/compatibility/CompatibilityCombinations.java,814,823,10,B,The whole method is the same. SO answer does not have any info neither the db-derby.,,***,manual investigation,
stackoverflow_formatted/12428601_0.java,1,11,db-derby-10/db-derby-10.6.1.0-src/java/testing/org/apache/derbyTesting/functionTests/tests/junitTests/compatibility/CompatibilityCombinations.java,813,823,11,B,The whole method is the same. SO answer does not have any info neither the db-derby.,,,manual investigation,
stackoverflow_formatted/12428601_0.java,2,11,db-derby-10/db-derby-10.6.1.0-src/java/testing/org/apache/derbyTesting/functionTests/tests/junitTests/compatibility/CompatibilityCombinations.java,814,823,10,B,The whole method is the same. SO answer does not have any info neither the db-derby.,,***,manual investigation,
stackoverflow_formatted/12835370_0.java,2,11,db-derby-10/db-derby-10.6.1.0-src/java/testing/org/apache/derbyTesting/functionTests/tests/junitTests/compatibility/CompatibilityCombinations.java,814,823,10,B,The whole method is the same. SO answer does not have any info neither the db-derby.,,***,manual investigation,
stackoverflow_formatted/12835370_0.java,1,11,db-derby-10/db-derby-10.6.1.0-src/java/testing/org/apache/derbyTesting/functionTests/tests/junitTests/compatibility/CompatibilityCombinations.java,813,823,11,B,The code is exactly the same but no reference to CompatibilityCombinations.java,,,manual investigation,
stackoverflow_formatted/24013939_0.java,2,11,db-derby-10/db-derby-10.6.1.0-src/java/testing/org/apache/derbyTesting/functionTests/tests/junitTests/compatibility/CompatibilityCombinations.java,814,823,10,B,The whole method is the same. SO answer does not have any info neither the db-derby.,,***,manual investigation,
stackoverflow_formatted/24647708_1.java,1,10,FitLibrary20100806/fitnesse/lib/src/fitlibrarySrc/fitlibrary/batch/resultsOut/FolderTestResultRepository.java,55,64,10,B,The whoe method is the same. SO answer says the code is copied from https://stackoverflow.com/questions/9292954/how-to-make-a-copy-of-a-file-in-android,,,manual investigation,
stackoverflow_formatted/10599247_0.java,7,16,geotools-2/geotools-2.7-M3/modules/extension/xsd/xsd-wcs/src/main/java/org/geotools/wcs/bindings/TimeSequenceTypeBinding.java,89,98,10,B,the code is exactly the same but without reference to TimeSequenceTypeBinding.java,,,manual investigation,
stackoverflow_formatted/11825416_0.java,1,11,geotools-2/geotools-2.7-M3/modules/unsupported/swing/src/main/java/org/jdesktop/swingworker/SwingWorker.java,163,173,11,B,SO answer is copied from doneEDT in swing and geotools also has SwingWorker.java with doneEDT in it.,,,manual investigation,
stackoverflow_formatted/24963319_3.java,1,16,geotools-2/geotools-2.7-M3/modules/unsupported/swing/src/main/java/org/jdesktop/swingworker/SwingWorker.java,63,78,16,B,SO answer says (implicitly) that it is a copy of SwingWorker's code.,,,manual investigation,
stackoverflow_formatted/8713017_0.java,1,11,hadoop-1/hadoop-1.0.0/src/core/org/apache/hadoop/io/file/tfile/SimpleBufferedOutputStream.java,26,36,11,B,SO answer says the code comes from java.io.BufferedOutputStream but Hadoop code does not say anything (the name is SimpleBufferedOutputStream.java though),,,manual investigation,
stackoverflow_formatted/11202699_0.java,1,11,heritrix-1/heritrix-1.14.4/src/java/org/archive/util/FileUtils.java,223,233,11,B,The whole method is the same. SO answer does not have any info neither the heritix.,,***,manual investigation,
stackoverflow_formatted/11202699_0.java,2,11,heritrix-1/heritrix-1.14.4/src/java/org/archive/util/FileUtils.java,224,233,10,B,The whole method is the same. SO answer does not have any info neither the heritix.,,***,manual investigation,
stackoverflow_formatted/12428601_0.java,1,11,heritrix-1/heritrix-1.14.4/src/java/org/archive/util/FileUtils.java,223,233,11,B,The whole method is the same. SO answer does not have any info neither the heritix.,,***,manual investigation,
stackoverflow_formatted/12428601_0.java,2,11,heritrix-1/heritrix-1.14.4/src/java/org/archive/util/FileUtils.java,224,233,10,B,The whole method is the same. SO answer does not have any info neither the heritix.,,***,manual investigation,
stackoverflow_formatted/12835370_0.java,1,11,heritrix-1/heritrix-1.14.4/src/java/org/archive/util/FileUtils.java,223,233,11,B,The whole method is the same. SO answer does not have any info neither the heritix.,,***,manual investigation,
stackoverflow_formatted/12835370_0.java,2,11,heritrix-1/heritrix-1.14.4/src/java/org/archive/util/FileUtils.java,224,233,10,B,The whole method is the same. SO answer does not have any info neither the heritix.,,***,manual investigation,
stackoverflow_formatted/24013939_0.java,2,11,heritrix-1/heritrix-1.14.4/src/java/org/archive/util/FileUtils.java,224,233,10,B,The whole method is the same. SO answer does not have any info neither the heritix.,,***,manual investigation,
stackoverflow_formatted/2398335_0.java,1,16,hibernate-release-4/hibernate-release-4.2.2.Final/project/documentation/src/main/docbook/devguide/en-US/extras/using_scroll.java,1,16,16,B,SO answer says that the code is from Jboss's document: http://docs.jboss.org/hibernate/stable/core/reference/en/html/batch.html,,,manual investigation,
stackoverflow_formatted/5713930_0.java,1,16,hibernate-release-4/hibernate-release-4.2.2.Final/project/documentation/src/main/docbook/devguide/en-US/extras/using_scroll.java,1,16,16,B,SO answer does not say that it is copied from Hibernate example. But it is very likely.,,,manual investigation,
stackoverflow_formatted/23974103_0.java,1,34,hibernate-release-4/hibernate-release-4.2.2.Final/project/hibernate-core/src/main/java/org/hibernate/action/internal/BulkOperationCleanupAction.java,124,157,,B,"SO answer contains 3 classes EntityCleanup, CollectionCleanup, NaturalIdCleanup which are exactly the same as in Hibernate.",,,manual investigation,
stackoverflow_formatted/19298607_0.java,1,10,hibernate-release-4/hibernate-release-4.2.2.Final/project/hibernate-core/src/main/java/org/hibernate/dialect/Oracle9iDialect.java,23,32,10,B,SO answer says that the code is modified from Oracle10gDialectExtended,,,manual investigation,
stackoverflow_formatted/23520731_0.java,55,72,hibernate-release-4/hibernate-release-4.2.2.Final/project/hibernate-core/src/main/java/org/hibernate/tool/hbm2ddl/SchemaUpdate.java,170,187,18,B,Very similar code,,,manual investigation,
stackoverflow_formatted/11202699_0.java,1,11,hsqldb-2/hsqldb-2.0.0/hsqldb/src/org/hsqldb/test/HsqldbTestCase.java,11,21,11,B,The whole method is the same. SO answer does not have any info neither the hsqldb,,***,manual investigation,
stackoverflow_formatted/11202699_0.java,2,11,hsqldb-2/hsqldb-2.0.0/hsqldb/src/org/hsqldb/test/HsqldbTestCase.java,12,21,10,B,The whole method is the same. SO answer does not have any info neither the hsqldb,,***,manual investigation,
stackoverflow_formatted/12428601_0.java,1,11,hsqldb-2/hsqldb-2.0.0/hsqldb/src/org/hsqldb/test/HsqldbTestCase.java,11,21,11,B,The whole method is the same. SO answer does not have any info neither the hsqldb,,***,manual investigation,
stackoverflow_formatted/12428601_0.java,2,11,hsqldb-2/hsqldb-2.0.0/hsqldb/src/org/hsqldb/test/HsqldbTestCase.java,12,21,10,B,The whole method is the same. SO answer does not have any info neither the hsqldb,,***,manual investigation,
stackoverflow_formatted/12835370_0.java,1,11,hsqldb-2/hsqldb-2.0.0/hsqldb/src/org/hsqldb/test/HsqldbTestCase.java,11,21,11,B,The whole method is the same. SO answer does not have any info neither the hsqldb,,***,manual investigation,
stackoverflow_formatted/12835370_0.java,2,11,hsqldb-2/hsqldb-2.0.0/hsqldb/src/org/hsqldb/test/HsqldbTestCase.java,12,21,10,B,The whole method is the same. SO answer does not have any info neither the hsqldb,,***,manual investigation,
stackoverflow_formatted/24013939_0.java,2,11,hsqldb-2/hsqldb-2.0.0/hsqldb/src/org/hsqldb/test/HsqldbTestCase.java,12,21,10,B,The code for deleting a directory are exactly the same.,,,manual investigation,
stackoverflow_formatted/22064171_0.java,73,85,iReport-3/iReport-3.7.5-src/ireport-designer/src/com/jaspersoft/ireport/designer/sheet/editors/box/ShapeStroke.java,44,56,13,B,the code are very similar. But only SO answers that has comment that it is copied from http://www.jhlabs.com/java/java2d/strokes/,,,manual investigation,
stackoverflow_formatted/12879764_0.java,25,40,iReport-3/iReport-3.7.5-src/jasperreports-components/src/com/jaspersoft/ireport/components/spiderchart/SpiderChartIcon.java,93,108,16,B,SO answer says that the code is from a book called Filthy Rich Clients (http://filthyrichclients.org/),,,manual investigation,
stackoverflow_formatted/15373186_0.java,103,112,iReport-3/iReport-3.7.5-src/jasperserver-plugin/src/com/jaspersoft/ireport/jasperserver/ws/IReportTrustManager.java,112,121,10,B,The HEXDIGITS constant and toHexString() method are exactly similar. SO answer says the code is from http://blogs.sun.com/andreas/resource/InstallCert.java,,,manual investigation,
stackoverflow_formatted/18764836_0.java,103,112,iReport-3/iReport-3.7.5-src/jasperserver-plugin/src/com/jaspersoft/ireport/jasperserver/ws/IReportTrustManager.java,112,121,10,B,The HEXDIGITS constant and toHexString() method are exactly similar. SO answer says the code is from https://blogs.oracle.com/gc/entry/unable_to_find_valid_certification,,,manual investigation,
stackoverflow_formatted/20513679_0.java,102,111,iReport-3/iReport-3.7.5-src/jasperserver-plugin/src/com/jaspersoft/ireport/jasperserver/ws/IReportTrustManager.java,112,121,10,B,The HEXDIGITS constant and toHexString() method are exactly similar.,,,manual investigation,
stackoverflow_formatted/21912294_0.java,108,117,iReport-3/iReport-3.7.5-src/jasperserver-plugin/src/com/jaspersoft/ireport/jasperserver/ws/IReportTrustManager.java,112,121,10,B,SO answer says the code is from http://blogs.sun.com/andreas/resource/InstallCert.java but the iReport code does not say anything.,,,manual investigation,
stackoverflow_formatted/25056629_1.java,1,12,iText-src-5/src/core/com/itextpdf/text/pdf/PdfWriter.java,538,549,12,B,SO question says that iText is used in the project. The answer does not say where the code comes from.,,,manual investigation,
stackoverflow_formatted/24647708_1.java,1,10,jag-6/jag-6.1/src/com/finalist/jaggenerator/LibCopier.java,63,72,10,B,The whoe method is the same. SO answer says the code is copied from https://stackoverflow.com/questions/9292954/how-to-make-a-copy-of-a-file-in-android,,,manual investigation,
stackoverflow_formatted/21734562_0.java,11,21,jboss-5/jboss-5.1.0.GA-src/tomcat/src/main/org/jboss/web/tomcat/security/authenticators/JASPIFormAuthenticator.java,28,38,11,B,"SO answer comes from http://alvinalexander.com/java/jwarehouse/apache-tomcat-6.0.16/java/org/apache/catalina/authenticator/BasicAuthenticator.java.shtml. However, jboss has JASPIFormAuthenticator.",,,manual investigation,
stackoverflow_formatted/21734562_0.java,11,21,jboss-5/jboss-5.1.0.GA-src/tomcat/src/main/org/jboss/web/tomcat/security/FormAuthenticator.java,49,59,11,B,SO answer says that the code is copied from http://alvinalexander.com/java/jwarehouse/apache-tomcat-6.0.16/java/org/apache/catalina/authenticator/BasicAuthenticator.java.shtml. Bot BasicAuthenticator and FormAuthenticator extend AuthenticatorBase.,,,manual investigation,
stackoverflow_formatted/21734562_0.java,58,68,jboss-5/jboss-5.1.0.GA-src/tomcat/src/main/org/jboss/web/tomcat/security/jaspi/modules/HTTPBasicServerAuthModule.java,97,107,11,B,SO answer says that the code is copied from http://alvinalexander.com/java/jwarehouse/apache-tomcat-6.0.16/java/org/apache/catalina/authenticator/BasicAuthenticator.java.shtml. Jboss code does not say anything.,,,manual investigation,
stackoverflow_formatted/21734562_0.java,24,48,jboss-5/jboss-5.1.0.GA-src/tomcat/src/main/org/jboss/web/tomcat/security/jaspi/modules/HTTPBasicServerAuthModule.java,63,87,25,B,SO answer says that the code is from Tomcat's BasicAuthenticator.java. ,,,manual investigation,
stackoverflow_formatted/11368428_1.java,1,10,jfreechart-1/jfreechart-1.0.13/source/org/jfree/chart/demo/BarChartDemo1.java,29,38,10,B,The code are very similar without any reference.,,,manual investigation,
stackoverflow_formatted/12936580_0.java,83,94,jfreechart-1/jfreechart-1.0.13/source/org/jfree/chart/renderer/xy/AbstractXYItemRenderer.java,466,477,12,B,SO answer says it merges code from XYPlot and XYLineAndShapeRenderer. Several methods are similar.,,,manual investigation,
stackoverflow_formatted/12936580_0.java,102,113,jfreechart-1/jfreechart-1.0.13/source/org/jfree/chart/renderer/xy/AbstractXYItemRenderer.java,484,495,12,B,SO answer says it merges code from XYPlot and XYLineAndShapeRenderer. Several methods are similar.,,,manual investigation,
stackoverflow_formatted/12936580_0.java,83,94,jfreechart-1/jfreechart-1.0.13/source/org/jfree/chart/renderer/xy/AbstractXYItemRenderer.java,619,630,12,B,SO answer says it merges code from XYPlot and XYLineAndShapeRenderer. Several methods are similar.,,,manual investigation,
stackoverflow_formatted/12936580_0.java,75,99,jfreechart-1/jfreechart-1.0.13/source/org/jfree/chart/renderer/xy/AbstractXYItemRenderer.java,458,482,25,B,SO answer says the code is a merge of XYPlot and XYLineAndShapeRenderer.,,,manual investigation,
stackoverflow_formatted/11368428_1.java,1,10,jfreechart-1/jfreechart-1.0.13/swt/org/jfree/experimental/chart/swt/demo/SWTBarChartDemo1.java,19,28,10,B,SO answer does not say that the code is copied from jfreechart. But very likely,,,manual investigation,
stackoverflow_formatted/10548630_0.java,94,105,jfreechart-1/jfreechart-1.0.13/swt/org/jfree/experimental/swt/SWTUtils.java,230,241,12,B,The method convertToSWT() are exactly the same. SO answer refers to the original code from http://www.java2s.com/Code/Java/SWT-JFace-Eclipse/ConvertbetweenSWTImageandAWTBufferedImage.htm. Nothing is mentioned in jfreechart.,,,manual investigation,
stackoverflow_formatted/1110491_0.java,32,43,jfreechart-1/jfreechart-1.0.13/swt/org/jfree/experimental/swt/SWTUtils.java,230,241,12,B,"The two code are very similar. SO answer says the code is ""is a 99% copy from http://dev.eclipse.org/viewcvs/index.cgi/org.eclipse.swt.snippets/src/org/eclipse/swt/snippets/Snippet156.java?view=co :"". Jfreechart code does not have any comment about this.",,,manual investigation,
stackoverflow_formatted/10135259_0.java,1,10,Vuze_4812_source/com/aelitis/azureus/core/util/http/HTTPAuthHelper.java,275,284,10,B,similar code for using untrusted SSL certificate,,,manual investigation,
stackoverflow_formatted/10165127_0.java,39,48,Vuze_4812_source/com/aelitis/azureus/core/util/http/HTTPAuthHelper.java,275,284,10,B,similar code for using untrusted SSL certificate,,,manual investigation,
stackoverflow_formatted/10165127_0.java,39,52,Vuze_4812_source/com/aelitis/azureus/core/util/http/HTTPAuthHelper.java,275,288,14,B,similar code to ignore certificate in SSL connection,,,manual investigation,
stackoverflow_formatted/1201102_0.java,1,10,Vuze_4812_source/com/aelitis/azureus/core/util/http/HTTPAuthHelper.java,275,284,10,B,SO answer says the code is also copied from http://web.archive.org/web/20121022013056/http://exampledepot.com/egs/javax.net.ssl/TrustAll.html,,,manual investigation,
stackoverflow_formatted/2752455_0.java,1,10,Vuze_4812_source/com/aelitis/azureus/core/util/http/HTTPAuthHelper.java,275,284,10,B,SO answer says the code is also copied from http://web.archive.org/web/20121022013056/http://exampledepot.com/egs/javax.net.ssl/TrustAll.html,,,manual investigation,
stackoverflow_formatted/4608146_0.java,1,10,Vuze_4812_source/com/aelitis/azureus/core/util/http/HTTPAuthHelper.java,275,284,10,B,similar code for using untrusted SSL certificate,,,manual investigation,
stackoverflow_formatted/10135259_0.java,1,10,Vuze_4812_source/org/gudy/azureus2/core3/security/impl/SESecurityManagerImpl.java,429,438,10,B,similar code for using untrusted SSL certificate,,,manual investigation,
stackoverflow_formatted/10165127_0.java,39,48,Vuze_4812_source/org/gudy/azureus2/core3/security/impl/SESecurityManagerImpl.java,429,438,10,B,similar code for using untrusted SSL certificate,,,manual investigation,
stackoverflow_formatted/10165127_0.java,39,48,Vuze_4812_source/org/gudy/azureus2/core3/security/impl/SESecurityManagerImpl.java,524,533,10,B,similar code for using untrusted SSL certificate,,,manual investigation,
stackoverflow_formatted/10165127_0.java,39,52,Vuze_4812_source/org/gudy/azureus2/core3/security/impl/SESecurityManagerImpl.java,429,442,14,B,similar code to ignore certificate in SSL connection,,,manual investigation,
stackoverflow_formatted/10165127_0.java,39,52,Vuze_4812_source/org/gudy/azureus2/core3/security/impl/SESecurityManagerImpl.java,524,537,14,B,similar code to ignore certificate in SSL connection,,,manual investigation,
stackoverflow_formatted/1201102_0.java,1,10,Vuze_4812_source/org/gudy/azureus2/core3/security/impl/SESecurityManagerImpl.java,429,438,10,B,SO answer says the code is also copied from http://web.archive.org/web/20121022013056/http://exampledepot.com/egs/javax.net.ssl/TrustAll.html,,,manual investigation,
stackoverflow_formatted/1201102_0.java,1,10,Vuze_4812_source/org/gudy/azureus2/core3/security/impl/SESecurityManagerImpl.java,524,533,10,B,similar code for using untrusted SSL certificate,,,manual investigation,
stackoverflow_formatted/23782959_0.java,1,10,Vuze_4812_source/org/gudy/azureus2/core3/security/impl/SESecurityManagerImpl.java,429,438,10,B,similar code for using untrusted SSL certificate,,,manual investigation,
stackoverflow_formatted/23782959_0.java,1,10,Vuze_4812_source/org/gudy/azureus2/core3/security/impl/SESecurityManagerImpl.java,524,533,10,B,similar code for using untrusted SSL certificate,,,manual investigation,
stackoverflow_formatted/2752455_0.java,1,10,Vuze_4812_source/org/gudy/azureus2/core3/security/impl/SESecurityManagerImpl.java,429,438,10,B,SO answer says the code is also copied from http://web.archive.org/web/20121022013056/http://exampledepot.com/egs/javax.net.ssl/TrustAll.html,,,manual investigation,
stackoverflow_formatted/2752455_0.java,1,10,Vuze_4812_source/org/gudy/azureus2/core3/security/impl/SESecurityManagerImpl.java,524,533,10,B,SO answer says the code is also copied from http://web.archive.org/web/20121022013056/http://exampledepot.com/egs/javax.net.ssl/TrustAll.html,,,manual investigation,
stackoverflow_formatted/4608146_0.java,1,10,Vuze_4812_source/org/gudy/azureus2/core3/security/impl/SESecurityManagerImpl.java,429,438,10,B,similar code for using untrusted SSL certificate,,,manual investigation,
stackoverflow_formatted/4608146_0.java,1,10,Vuze_4812_source/org/gudy/azureus2/core3/security/impl/SESecurityManagerImpl.java,524,533,10,B,similar code for using untrusted SSL certificate,,,manual investigation,
stackoverflow_formatted/20895609_0.java,7,18,aoisrc281/ArtOfIllusion/src/artofillusion/math/SimplexNoise.java,17,28,12,C,SO answer says that the code is modified from http://mrl.nyu.edu/~perlin/noise/. The AoiSrc code also comments that it implements the same Ken Perlin's simplex noise.,,,manual investigation,
stackoverflow_formatted/15260207_0.java,172,212,freemind-src-0/freemind/accessories/plugins/dialogs/ArrayListTransferHandler.java,103,143,,C,Code are very possible to be copied from http://www.java2s.com/Code/Java/Swing-JFC/DragListDemo.htm > http://java.sun.com/docs/books/tutorial/index.html,,,manual investigation,
stackoverflow_formatted/15260207_0.java,130,154,freemind-src-0/freemind/accessories/plugins/dialogs/ArrayListTransferHandler.java,75,99,25,C,"SO answer says that the code is copied and modified from http://www.java2s.com/Code/Java/Swing-JFC/DragListDemo.htm. Freemind's code says that it is adapted from Sun tutorial example ""as-is"".",,,manual investigation,
stackoverflow_formatted/15260207_0.java,111,128,freemind-src-0/freemind/accessories/plugins/dialogs/ArrayListTransferHandler.java,56,73,18,C,"SO answer says that the code is copied and modified from http://www.java2s.com/Code/Java/Swing-JFC/DragListDemo.htm. Freemind's code says that it is adapted from Sun tutorial example ""as-is"".",,,manual investigation,
stackoverflow_formatted/24963319_2.java,1,11,geotools-2/geotools-2.7-M3/modules/unsupported/swing/src/main/java/org/jdesktop/swingworker/SwingWorker.java,163,173,11,C,SO answer copies code from SwingWorker. Geotools also copies code from swing into its project.,,,manual investigation,
stackoverflow_formatted/24453994_0.java,8,17,iText-src-5/src/core/com/itextpdf/text/pdf/BarcodeEAN.java,18,27,10,C,"The array represents the basic width of 2D barcode (EAN). SO answer has a comment saying """"Odd"", or ""L"" patterns used to encode UPC/EAN digits.""",,,manual investigation,
stackoverflow_formatted/9549009_0.java,54,70,Vuze_4812_source/org/bouncycastle/crypto/generators/OpenSSLPBEParametersGenerator.java,39,55,,C,"SO answer says the the code is ""copied shamelessly from org.bouncycastle.crypto.generators.PKCS5S2ParametersGenerator"". Even it's not this file but they are very similar and from the same project.",,***,manual investigation,
stackoverflow_formatted/4608146_0.java,1,10,Compiere_330_Source/release_330/base/src/org/compiere/process/RegisterSystem.java,69,78,10,D,similar code to handle certificate validation,,,manual investigation,
stackoverflow_formatted/6121298_0.java,8,17,geotools-2/geotools-2.7-M3/modules/library/metadata/src/main/java/org/geotools/util/MapEntry.java,10,19,10,D,both classes implement Map.Entry and have similar methods,,,manual investigation,
stackoverflow_formatted/11544023_1.java,30,39,iReport-3/iReport-3.7.5-src/ireport-designer/src/com/jaspersoft/ireport/designer/fonts/FontPathDialog.java,74,83,10,D,accidental similarity of creating JList,,,manual investigation,
stackoverflow_formatted/21613226_0.java,12,21,iReport-3/iReport-3.7.5-src/ireport-designer/src/com/jaspersoft/ireport/designer/fonts/FontPathDialog.java,74,83,10,D,accidental similarity of creating JList,,,manual investigation,
stackoverflow_formatted/10292516_0.java,45,54,iReport-3/iReport-3.7.5-src/ireport-standalone-specific/src/com/jaspersoft/ireport/designer/standalone/actions/ImportSettingsStatusJDialog.java,24,33,10,D,similar code to add actionListener to JButtons,,,manual investigation,
stackoverflow_formatted/10814214_1.java,45,54,jag-6/jag-6.1/src/com/finalist/jaggenerator/modules/DatabaseManagerFrame.java,116,125,10,D,accidental similarity of creating Jtable,,,manual investigation,
stackoverflow_formatted/13824658_2.java,79,89,jag-6/jag-6.1/src/com/finalist/jaggenerator/modules/DatabaseManagerFrame.java,115,126,11,D,SO and jag code do not say anything about this. But it is very likely to be generated by NetBeans IDE.,,,manual investigation,
stackoverflow_formatted/13824658_2.java,79,88,jag-6/jag-6.1/src/com/finalist/jaggenerator/modules/DatabaseManagerFrame.java,115,125,10,D,accidental similarity of creating Jtable,,,manual investigation,
stackoverflow_formatted/25414160_0.java,1,11,jag-6/jag-6.1/src/com/finalist/jaggenerator/modules/DatabaseManagerFrame.java,115,125,11,D,SO answer says that the code is generated by NetBeans IDE. Very possible it will be the same reason for jag,,,manual investigation,
stackoverflow_formatted/25414160_0.java,2,11,jag-6/jag-6.1/src/com/finalist/jaggenerator/modules/DatabaseManagerFrame.java,116,125,10,D,accidental similarity of creating Jtable,,,manual investigation,
stackoverflow_formatted/5975897_0.java,11,20,jag-6/jag-6.1/src/com/finalist/jaggenerator/modules/DatabaseManagerFrame.java,116,125,10,D,accidental similarity of creating Jtable,,,manual investigation,
stackoverflow_formatted/23782959_0.java,1,10,Vuze_4812_source/com/aelitis/azureus/core/util/http/HTTPAuthHelper.java,275,284,10,D,similar code to disable certificate validation,,,manual investigation,
stackoverflow_formatted/10135259_0.java,1,10,Vuze_4812_source/org/gudy/azureus2/core3/security/impl/SESecurityManagerImpl.java,524,533,10,D,similar code to disable certificate validation,,,manual investigation,
stackoverflow_formatted/14020074_0.java,112,123,aoisrc281/ArtOfIllusion/src/artofillusion/image/MovieEncoder.java,105,116,12,E,both classes extends DefaultTreeCellRenderer and have similar getTreeCellRendererComponent(),,,manual investigation,
stackoverflow_formatted/15260207_0.java,92,103,freemind-src-0/freemind/accessories/plugins/dialogs/ArrayListTransferHandler.java,37,48,12,E,both classes extend TransferHandler and have similar methods,,,manual investigation,
stackoverflow_formatted/15260207_0.java,80,89,freemind-src-0/freemind/accessories/plugins/dialogs/ArrayListTransferHandler.java,27,36,10,E,both classes extend TransferHandler and have similar methods,,,manual investigation,
stackoverflow_formatted/15705710_0.java,13,23,geotools-2/geotools-2.7-M3/modules/unsupported/swing/src/main/java/org/geotools/swing/MapLayerTableCellRenderer.java,143,153,11,E,both classes implement ListCellRenderer and have similar getListCellRendererComponent() method,,,manual investigation,
stackoverflow_formatted/6121298_0.java,8,17,hibernate-release-4/hibernate-release-4.2.2.Final/project/hibernate-core/src/main/java/org/hibernate/internal/util/collections/IdentityMap.java,125,134,10,E,"both classes extend Entry<K, V> and have similar methods",,,manual investigation,
stackoverflow_formatted/17708273_0.java,34,43,hibernate-release-4/hibernate-release-4.2.2.Final/project/hibernate-envers/src/test/java/org/hibernate/envers/test/integration/customtype/ObjectUserType.java,99,108,10,E,both classes implement UserType and have similar methods.,,,manual investigation,
stackoverflow_formatted/17635649_0.java,12,24,iReport-3/iReport-3.7.5-src/ireport-designer/src/com/jaspersoft/ireport/designer/data/fieldsproviders/olap/OlapTreeCellRenderer.java,22,34,13,E,both classes extends DefaultTreeCellRenderer and have similar getTreeCellRendererComponent(),,,manual investigation,
stackoverflow_formatted/17635649_0.java,12,24,iReport-3/iReport-3.7.5-src/ireport-designer/src/com/jaspersoft/ireport/designer/data/fieldsproviders/xml/XMLDocumentTreeCellRenderer.java,33,45,13,E,both classes extends DefaultTreeCellRenderer and have similar getTreeCellRendererComponent(),,,manual investigation,
stackoverflow_formatted/17635649_0.java,12,24,iReport-3/iReport-3.7.5-src/ireport-designer/src/com/jaspersoft/ireport/designer/data/JBTreeCellRenderer.java,17,29,13,E,both classes extends DefaultTreeCellRenderer and have similar getTreeCellRendererComponent(),,,manual investigation,
stackoverflow_formatted/17635649_0.java,13,24,jboss-5/jboss-5.1.0.GA-src/console/src/main/org/jboss/console/navtree/TreeCellRenderer.java,15,26,12,E,both classes extends DefaultTreeCellRenderer and have similar getTreeCellRendererComponent(),,,manual investigation,
stackoverflow_formatted/19856538_0.java,22,31,ArgoUML-0.34-src/argouml-cpp/src/org/argouml/language/cpp/reveng/CPPLexer.java,1584,1593,10,F,accidental similarity,,,manual investigation,
stackoverflow_formatted/19856538_0.java,22,31,ArgoUML-0.34-src/argouml-cpp/src/org/argouml/language/cpp/reveng/CPPLexer.java,1823,1832,10,F,accidental similarity,,,manual investigation,
stackoverflow_formatted/19856538_0.java,22,31,ArgoUML-0.34-src/argouml-cpp/src/org/argouml/language/cpp/reveng/CPPLexer.java,2142,2151,10,F,accidental similarity,,,manual investigation,
stackoverflow_formatted/19856538_0.java,22,31,aspectj-1.6.9-src/aspectjtools1.6.9-src/org/aspectj/org/eclipse/jdt/internal/compiler/util/FloatUtil.java,65,74,10,F,accidental similarity,,,manual investigation,
stackoverflow_formatted/19856538_0.java,22,31,aspectj-1.6.9-src/aspectjtools1.6.9-src/org/aspectj/org/eclipse/jdt/internal/compiler/util/FloatUtil.java,135,144,10,F,accidental similarity,,,manual investigation,
stackoverflow_formatted/19856538_0.java,22,31,aspectj-1.6.9-src/aspectjtools1.6.9-src/org/aspectj/org/eclipse/jdt/internal/core/search/indexing/BinaryIndexer.java,166,175,10,F,accidental similarity,,,manual investigation,
stackoverflow_formatted/19856538_0.java,22,31,batik-src-1.7/batik-1.7/sources/org/apache/batik/bridge/svg12/XPathSubsetContentSelector.java,262,271,10,F,accidental similarity,,,manual investigation,
stackoverflow_formatted/19856538_0.java,22,31,batik-src-1.7/batik-1.7/sources/org/apache/batik/bridge/svg12/XPathSubsetContentSelector.java,328,337,10,F,accidental similarity,,,manual investigation,
stackoverflow_formatted/19856538_0.java,22,31,batik-src-1.7/batik-1.7/sources/org/apache/batik/bridge/svg12/XPathSubsetContentSelector.java,345,354,10,F,accidental similarity,,,manual investigation,
stackoverflow_formatted/19856538_0.java,22,31,batik-src-1.7/batik-1.7/sources/org/apache/batik/bridge/svg12/XPathSubsetContentSelector.java,364,373,10,F,accidental similarity,,,manual investigation,
stackoverflow_formatted/19856538_0.java,22,31,batik-src-1.7/batik-1.7/sources/org/apache/batik/css/parser/Parser.java,1262,1271,10,F,accidental similarity,,,manual investigation,
stackoverflow_formatted/19856538_0.java,22,31,batik-src-1.7/batik-1.7/sources/org/apache/batik/css/parser/Scanner.java,425,434,10,F,accidental similarity,,,manual investigation,
stackoverflow_formatted/19856538_0.java,22,31,batik-src-1.7/batik-1.7/sources/org/apache/batik/css/parser/Scanner.java,439,448,10,F,accidental similarity,,,manual investigation,
stackoverflow_formatted/19856538_0.java,22,31,batik-src-1.7/batik-1.7/sources/org/apache/batik/css/parser/Scanner.java,744,753,10,F,accidental similarity,,,manual investigation,
stackoverflow_formatted/19856538_0.java,22,31,batik-src-1.7/batik-1.7/sources/org/apache/batik/css/parser/Scanner.java,761,770,10,F,accidental similarity,,,manual investigation,
stackoverflow_formatted/19856538_0.java,22,31,batik-src-1.7/batik-1.7/sources/org/apache/batik/css/parser/Scanner.java,780,789,10,F,accidental similarity,,,manual investigation,
stackoverflow_formatted/19856538_0.java,22,31,batik-src-1.7/batik-1.7/sources/org/apache/batik/parser/LengthParser.java,65,76,10,F,accidental similarity,,,manual investigation,
stackoverflow_formatted/19856538_0.java,22,31,batik-src-1.7/batik-1.7/sources/org/apache/batik/parser/LengthParser.java,89,98,10,F,accidental similarity,,,manual investigation,
stackoverflow_formatted/19856538_0.java,22,31,batik-src-1.7/batik-1.7/sources/org/apache/batik/parser/LengthParser.java,131,143,10,F,accidental similarity,,,manual investigation,
stackoverflow_formatted/19856538_0.java,22,31,batik-src-1.7/batik-1.7/sources/org/apache/batik/parser/LengthParser.java,154,163,10,F,accidental similarity,,,manual investigation,
stackoverflow_formatted/19856538_0.java,22,31,batik-src-1.7/batik-1.7/sources/org/apache/batik/parser/LengthParser.java,200,209,10,F,accidental similarity,,,manual investigation,
stackoverflow_formatted/19856538_0.java,22,31,batik-src-1.7/batik-1.7/sources/org/apache/batik/parser/LengthParser.java,211,220,10,F,accidental similarity,,,manual investigation,
stackoverflow_formatted/19856538_0.java,22,31,batik-src-1.7/batik-1.7/sources/org/apache/batik/parser/LengthParser.java,239,250,10,F,accidental similarity,,,manual investigation,
stackoverflow_formatted/19856538_0.java,22,31,batik-src-1.7/batik-1.7/sources/org/apache/batik/parser/LengthParser.java,260,269,10,F,accidental similarity,,,manual investigation,
stackoverflow_formatted/19856538_0.java,22,31,batik-src-1.7/batik-1.7/sources/org/apache/batik/parser/NumberParser.java,46,57,10,F,accidental similarity,,,manual investigation,
stackoverflow_formatted/19856538_0.java,22,31,batik-src-1.7/batik-1.7/sources/org/apache/batik/parser/NumberParser.java,70,79,10,F,accidental similarity,,,manual investigation,
stackoverflow_formatted/19856538_0.java,22,31,batik-src-1.7/batik-1.7/sources/org/apache/batik/parser/NumberParser.java,115,127,10,F,accidental similarity,,,manual investigation,
stackoverflow_formatted/19856538_0.java,22,31,batik-src-1.7/batik-1.7/sources/org/apache/batik/parser/NumberParser.java,138,147,10,F,accidental similarity,,,manual investigation,
stackoverflow_formatted/19856538_0.java,22,31,batik-src-1.7/batik-1.7/sources/org/apache/batik/parser/NumberParser.java,168,177,10,F,accidental similarity,,,manual investigation,
stackoverflow_formatted/19856538_0.java,22,31,batik-src-1.7/batik-1.7/sources/org/apache/batik/parser/NumberParser.java,179,188,10,F,accidental similarity,,,manual investigation,
stackoverflow_formatted/19856538_0.java,22,31,batik-src-1.7/batik-1.7/sources/org/apache/batik/parser/NumberParser.java,207,218,10,F,accidental similarity,,,manual investigation,
stackoverflow_formatted/19856538_0.java,22,31,batik-src-1.7/batik-1.7/sources/org/apache/batik/parser/NumberParser.java,228,237,10,F,accidental similarity,,,manual investigation,
stackoverflow_formatted/8965751_0.java,4,13,batik-src-1.7/batik-1.7/sources/org/apache/batik/parser/NumberParser.java,169,179,10,F,accidental similarity,,,manual investigation,
stackoverflow_formatted/19856538_0.java,22,31,batik-src-1.7/batik-1.7/sources/org/apache/batik/parser/PathParser.java,140,149,10,F,accidental similarity,,,manual investigation,
stackoverflow_formatted/19856538_0.java,22,31,batik-src-1.7/batik-1.7/sources/org/apache/batik/parser/PathParser.java,176,185,10,F,accidental similarity,,,manual investigation,
stackoverflow_formatted/19856538_0.java,22,31,batik-src-1.7/batik-1.7/sources/org/apache/batik/parser/PathParser.java,209,218,10,F,accidental similarity,,,manual investigation,
stackoverflow_formatted/19856538_0.java,22,31,batik-src-1.7/batik-1.7/sources/org/apache/batik/parser/PathParser.java,240,249,10,F,accidental similarity,,,manual investigation,
stackoverflow_formatted/19856538_0.java,22,31,batik-src-1.7/batik-1.7/sources/org/apache/batik/parser/PathParser.java,271,280,10,F,accidental similarity,,,manual investigation,
stackoverflow_formatted/19856538_0.java,22,31,batik-src-1.7/batik-1.7/sources/org/apache/batik/parser/PathParser.java,302,311,10,F,accidental similarity,,,manual investigation,
stackoverflow_formatted/19856538_0.java,22,31,batik-src-1.7/batik-1.7/sources/org/apache/batik/parser/PathParser.java,333,342,10,F,accidental similarity,,,manual investigation,
stackoverflow_formatted/19856538_0.java,22,31,batik-src-1.7/batik-1.7/sources/org/apache/batik/parser/PathParser.java,374,383,10,F,accidental similarity,,,manual investigation,
stackoverflow_formatted/19856538_0.java,22,31,batik-src-1.7/batik-1.7/sources/org/apache/batik/parser/PathParser.java,415,424,10,F,accidental similarity,,,manual investigation,
stackoverflow_formatted/19856538_0.java,22,31,batik-src-1.7/batik-1.7/sources/org/apache/batik/parser/PathParser.java,452,461,10,F,accidental similarity,,,manual investigation,
stackoverflow_formatted/19856538_0.java,22,31,batik-src-1.7/batik-1.7/sources/org/apache/batik/parser/PathParser.java,489,498,10,F,accidental similarity,,,manual investigation,
stackoverflow_formatted/19856538_0.java,22,31,batik-src-1.7/batik-1.7/sources/org/apache/batik/parser/PathParser.java,526,535,10,F,accidental similarity,,,manual investigation,
stackoverflow_formatted/19856538_0.java,22,31,batik-src-1.7/batik-1.7/sources/org/apache/batik/parser/PathParser.java,563,572,10,F,accidental similarity,,,manual investigation,
stackoverflow_formatted/19856538_0.java,22,31,batik-src-1.7/batik-1.7/sources/org/apache/batik/parser/PathParser.java,596,605,10,F,accidental similarity,,,manual investigation,
stackoverflow_formatted/19856538_0.java,22,31,batik-src-1.7/batik-1.7/sources/org/apache/batik/parser/PathParser.java,629,638,10,F,accidental similarity,,,manual investigation,
stackoverflow_formatted/19856538_0.java,22,31,batik-src-1.7/batik-1.7/sources/org/apache/batik/parser/PathParser.java,696,705,10,F,accidental similarity,,,manual investigation,
stackoverflow_formatted/19856538_0.java,22,31,batik-src-1.7/batik-1.7/sources/org/apache/batik/util/ParsedURLDefaultProtocolHandler.java,137,146,10,F,accidental similarity,,,manual investigation,
stackoverflow_formatted/22143333_0.java,72,82,cobertura-1/cobertura-1.9.4.1/src/net/sourceforge/cobertura/reporting/html/files/CopyFiles.java,46,56,11,F,similar finally clause,,,manual investigation,
stackoverflow_formatted/22143333_0.java,109,119,cobertura-1/cobertura-1.9.4.1/src/net/sourceforge/cobertura/reporting/html/files/CopyFiles.java,46,56,11,F,similar finally clause,,,manual investigation,
stackoverflow_formatted/4024890_0.java,16,26,cobertura-1/cobertura-1.9.4.1/src/net/sourceforge/cobertura/reporting/html/files/CopyFiles.java,46,56,11,F,similar finally clause,,,manual investigation,
stackoverflow_formatted/19856538_0.java,22,31,Compiere_330_Source/release_330/client/Src/org/compiere/grid/ed/Calculator.java,222,231,10,F,accidental similarity,,,manual investigation,
stackoverflow_formatted/2121987_0.java,8,18,db-derby-10/db-derby-10.6.1.0-src/java/testing/org/apache/derbyTesting/functionTests/tests/lang/AnsiTrimTest.java,70,80,11,F,similar finally clause,,,manual investigation,
stackoverflow_formatted/10055548_0.java,71,81,geotools-2/geotools-2.7-M3/modules/library/main/src/main/java/org/geotools/filter/capability/OperatorImpl.java,36,46,11,F,accidental similarity,,,manual investigation,
stackoverflow_formatted/3046986_1.java,9,20,hibernate-release-4/hibernate-release-4.2.2.Final/project/hibernate-core/src/test/java/org/hibernate/metamodel/binding/EntityWithBasicCollections.java,20,31,12,F,similar getter and setter,,,manual investigation,
stackoverflow_formatted/3046986_1.java,9,20,hibernate-release-4/hibernate-release-4.2.2.Final/project/hibernate-core/src/test/java/org/hibernate/metamodel/binding/SimpleVersionedEntity.java,15,26,12,F,similar getter and setter,,,manual investigation,
stackoverflow_formatted/13721279_0.java,4,13,hibernate-release-4/hibernate-release-4.2.2.Final/project/hibernate-core/src/test/java/org/hibernate/metamodel/source/annotations/xml/Father.java,3,15,10,F,similar getter and setter,,,manual investigation,
stackoverflow_formatted/13933424_0.java,11,22,hibernate-release-4/hibernate-release-4.2.2.Final/project/hibernate-core/src/test/java/org/hibernate/metamodel/source/annotations/xml/Father.java,4,15,12,F,similar getter and setter,,,manual investigation,
stackoverflow_formatted/14908094_2.java,3,14,hibernate-release-4/hibernate-release-4.2.2.Final/project/hibernate-core/src/test/java/org/hibernate/metamodel/source/annotations/xml/Father.java,4,15,12,F,similar getter and setter,,,manual investigation,
stackoverflow_formatted/19154487_0.java,3,14,hibernate-release-4/hibernate-release-4.2.2.Final/project/hibernate-core/src/test/java/org/hibernate/metamodel/source/annotations/xml/Father.java,4,15,12,F,similar getter and setter,,,manual investigation,
stackoverflow_formatted/13721279_0.java,4,13,hibernate-release-4/hibernate-release-4.2.2.Final/project/hibernate-core/src/test/java/org/hibernate/test/annotations/access/xml/Crew.java,3,15,10,F,similar getter and setter,,,manual investigation,
stackoverflow_formatted/13933424_0.java,11,22,hibernate-release-4/hibernate-release-4.2.2.Final/project/hibernate-core/src/test/java/org/hibernate/test/annotations/access/xml/Crew.java,4,15,12,F,similar getter and setter,,,manual investigation,
stackoverflow_formatted/14908094_2.java,3,14,hibernate-release-4/hibernate-release-4.2.2.Final/project/hibernate-core/src/test/java/org/hibernate/test/annotations/access/xml/Crew.java,4,15,12,F,similar getter and setter,,,manual investigation,
stackoverflow_formatted/19154487_0.java,3,14,hibernate-release-4/hibernate-release-4.2.2.Final/project/hibernate-core/src/test/java/org/hibernate/test/annotations/access/xml/Crew.java,4,15,12,F,similar getter and setter,,,manual investigation,
stackoverflow_formatted/13721279_0.java,4,13,hibernate-release-4/hibernate-release-4.2.2.Final/project/hibernate-core/src/test/java/org/hibernate/test/annotations/access/xml/Driver.java,9,21,10,F,similar getter and setter,,,manual investigation,
stackoverflow_formatted/13933424_0.java,11,22,hibernate-release-4/hibernate-release-4.2.2.Final/project/hibernate-core/src/test/java/org/hibernate/test/annotations/access/xml/Driver.java,10,21,12,F,similar getter and setter,,,manual investigation,
stackoverflow_formatted/14908094_2.java,3,14,hibernate-release-4/hibernate-release-4.2.2.Final/project/hibernate-core/src/test/java/org/hibernate/test/annotations/access/xml/Driver.java,10,21,12,F,similar getter and setter,,,manual investigation,
stackoverflow_formatted/19154487_0.java,3,14,hibernate-release-4/hibernate-release-4.2.2.Final/project/hibernate-core/src/test/java/org/hibernate/test/annotations/access/xml/Driver.java,10,21,12,F,similar getter and setter,,,manual investigation,
stackoverflow_formatted/13933424_0.java,11,22,hibernate-release-4/hibernate-release-4.2.2.Final/project/hibernate-core/src/test/java/org/hibernate/test/annotations/entity/Car.java,12,23,12,F,similar getter and setter,,,manual investigation,
stackoverflow_formatted/14908094_2.java,3,14,hibernate-release-4/hibernate-release-4.2.2.Final/project/hibernate-core/src/test/java/org/hibernate/test/annotations/entity/Car.java,12,23,12,F,similar getter and setter,,,manual investigation,
stackoverflow_formatted/19154487_0.java,3,14,hibernate-release-4/hibernate-release-4.2.2.Final/project/hibernate-core/src/test/java/org/hibernate/test/annotations/entity/Car.java,12,23,12,F,similar getter and setter,,,manual investigation,
stackoverflow_formatted/13721279_0.java,4,13,hibernate-release-4/hibernate-release-4.2.2.Final/project/hibernate-core/src/test/java/org/hibernate/test/annotations/onetoone/Father.java,3,15,10,F,similar getter and setter,,,manual investigation,
stackoverflow_formatted/13933424_0.java,11,22,hibernate-release-4/hibernate-release-4.2.2.Final/project/hibernate-core/src/test/java/org/hibernate/test/annotations/onetoone/Father.java,4,15,12,F,similar getter and setter,,,manual investigation,
stackoverflow_formatted/14908094_2.java,3,14,hibernate-release-4/hibernate-release-4.2.2.Final/project/hibernate-core/src/test/java/org/hibernate/test/annotations/onetoone/Father.java,4,15,12,F,similar getter and setter,,,manual investigation,
stackoverflow_formatted/19154487_0.java,3,14,hibernate-release-4/hibernate-release-4.2.2.Final/project/hibernate-core/src/test/java/org/hibernate/test/annotations/onetoone/Father.java,4,15,12,F,similar getter and setter,,,manual investigation,
stackoverflow_formatted/9945067_0.java,10,20,hibernate-release-4/hibernate-release-4.2.2.Final/project/hibernate-core/src/test/java/org/hibernate/test/annotations/query/Identity.java,6,16,11,F,SO answer mentions hibernate but nothing specific to Identity class. Should be accidental similarity of getter and setter.,,,manual investigation,
stackoverflow_formatted/3046986_1.java,9,20,hibernate-release-4/hibernate-release-4.2.2.Final/project/hibernate-core/src/test/java/org/hibernate/test/annotations/subselect/Item.java,8,19,12,F,similar getter and setter,,,manual investigation,
stackoverflow_formatted/3046986_1.java,9,20,hibernate-release-4/hibernate-release-4.2.2.Final/project/hibernate-core/src/test/java/org/hibernate/test/bytecode/enhancement/MyEntity.java,22,33,12,F,similar getter and setter,,,manual investigation,
stackoverflow_formatted/3046986_1.java,9,20,hibernate-release-4/hibernate-release-4.2.2.Final/project/hibernate-core/src/test/java/org/hibernate/test/bytecode/enhancement/SimpleEntity.java,10,21,12,F,similar getter and setter,,,manual investigation,
stackoverflow_formatted/3046986_1.java,9,20,hibernate-release-4/hibernate-release-4.2.2.Final/project/hibernate-core/src/test/java/org/hibernate/test/bytecode/enhancement/SubEntity.java,10,21,12,F,similar getter and setter,,,manual investigation,
stackoverflow_formatted/3046986_1.java,9,20,hibernate-release-4/hibernate-release-4.2.2.Final/project/hibernate-core/src/test/java/org/hibernate/test/multitenancy/schema/Customer.java,14,25,12,F,similar getter and setter,,,manual investigation,
stackoverflow_formatted/7452490_1.java,24,33,hibernate-release-4/hibernate-release-4.2.2.Final/project/hibernate-core/src/test/java/org/hibernate/test/naturalid/immutableentity/Building.java,85,94,10,F,accidental similarity,,,manual investigation,
stackoverflow_formatted/10055548_0.java,71,81,hibernate-release-4/hibernate-release-4.2.2.Final/project/hibernate-core/src/test/java/org/hibernate/test/pagination/Entry.java,50,60,11,F,accidental similarity,,,manual investigation,
stackoverflow_formatted/3046986_1.java,9,20,hibernate-release-4/hibernate-release-4.2.2.Final/project/hibernate-entitymanager/src/test/java/org/hibernate/ejb/test/cacheable/annotation/ExplicitlyCacheableEntity.java,10,21,12,F,similar getter and setter,,,manual investigation,
stackoverflow_formatted/3046986_1.java,9,20,hibernate-release-4/hibernate-release-4.2.2.Final/project/hibernate-entitymanager/src/test/java/org/hibernate/ejb/test/cacheable/annotation/ExplicitlyNonCacheableEntity.java,10,21,12,F,similar getter and setter,,,manual investigation,
stackoverflow_formatted/3046986_1.java,9,20,hibernate-release-4/hibernate-release-4.2.2.Final/project/hibernate-entitymanager/src/test/java/org/hibernate/ejb/test/cacheable/annotation/NoCacheableAnnotationEntity.java,8,19,12,F,similar getter and setter,,,manual investigation,
stackoverflow_formatted/3046986_1.java,9,20,hibernate-release-4/hibernate-release-4.2.2.Final/project/hibernate-entitymanager/src/test/java/org/hibernate/ejb/test/cacheable/cachemodes/SimpleEntity.java,8,19,12,F,similar getter and setter,,,manual investigation,
stackoverflow_formatted/10055548_0.java,69,78,hibernate-release-4/hibernate-release-4.2.2.Final/project/hibernate-envers/src/test/java/org/hibernate/envers/test/integration/accesstype/Country.java,54,63,10,F,accidental similarity,,,manual investigation,
stackoverflow_formatted/24330611_0.java,90,99,hibernate-release-4/hibernate-release-4.2.2.Final/project/hibernate-envers/src/test/java/org/hibernate/envers/test/integration/accesstype/Country.java,54,63,10,F,accidental similarity,,,manual investigation,
stackoverflow_formatted/4533682_1.java,34,43,hibernate-release-4/hibernate-release-4.2.2.Final/project/hibernate-envers/src/test/java/org/hibernate/envers/test/integration/accesstype/Country.java,54,63,10,F,accidental similarity,,,manual investigation,
stackoverflow_formatted/23423905_0.java,26,35,hibernate-release-4/hibernate-release-4.2.2.Final/project/hibernate-envers/src/test/java/org/hibernate/envers/test/integration/naming/VersionsJoinTableRangeComponentTestEntity.java,110,119,10,F,accidental similarity,,,manual investigation,
stackoverflow_formatted/4207100_2.java,33,43,hibernate-release-4/hibernate-release-4.2.2.Final/project/hibernate-envers/src/test/java/org/hibernate/envers/test/integration/naming/VersionsJoinTableRangeComponentTestEntity.java,112,122,11,F,accidental similarity,,,manual investigation,
stackoverflow_formatted/4207100_3.java,38,48,hibernate-release-4/hibernate-release-4.2.2.Final/project/hibernate-envers/src/test/java/org/hibernate/envers/test/integration/naming/VersionsJoinTableRangeComponentTestEntity.java,112,122,11,F,accidental similarity,,,manual investigation,
stackoverflow_formatted/23423905_0.java,26,35,hibernate-release-4/hibernate-release-4.2.2.Final/project/hibernate-envers/src/test/java/org/hibernate/envers/test/integration/naming/VersionsJoinTableRangeTestEntitySuperClass.java,50,59,10,F,accidental similarity,,,manual investigation,
stackoverflow_formatted/19856538_0.java,22,31,hsqldb-2/hsqldb-2.0.0/hsqldb/src/org/hsqldb/Scanner.java,622,631,10,F,accidental similarity,,,manual investigation,
stackoverflow_formatted/19856538_0.java,22,31,hsqldb-2/hsqldb-2.0.0/hsqldb/src/org/hsqldb/Scanner.java,1179,1188,10,F,accidental similarity,,,manual investigation,
stackoverflow_formatted/19856538_0.java,22,31,iText-src-5/src/core/com/itextpdf/text/html/Markup.java,101,110,10,F,accidental similarity,,,manual investigation,
stackoverflow_formatted/19856538_0.java,22,31,iText-src-5/src/core/com/itextpdf/text/pdf/fonts/cmaps/CMapParser.java,196,205,10,F,accidental similarity,,,manual investigation,
stackoverflow_formatted/19856538_0.java,22,31,jasml_0/src/com/jasml/helper/Util.java,421,430,10,F,accidental similarity,,,manual investigation,
stackoverflow_formatted/18614607_0.java,29,39,jasperreports-3/jasperreports-3.7.4/src/net/sf/jasperreports/j2ee/servlets/OdtServlet.java,61,70,10,F,accidental similarity,,,manual investigation,
stackoverflow_formatted/18614607_0.java,29,39,jasperreports-3/jasperreports-3.7.4/src/net/sf/jasperreports/j2ee/servlets/PdfServlet.java,61,70,10,F,accidental similarity,,,manual investigation,
stackoverflow_formatted/18614607_0.java,29,39,jasperreports-3/jasperreports-3.7.4/src/net/sf/jasperreports/j2ee/servlets/RtfServlet.java,63,72,10,F,accidental similarity,,,manual investigation,
stackoverflow_formatted/19856538_0.java,22,31,jasperreports-3/jasperreports-3.7.4/src/net/sf/jasperreports/olap/mapping/MappingLexer.java,94,103,10,F,accidental similarity,,,manual investigation,
stackoverflow_formatted/19856538_0.java,22,31,jasperreports-3/jasperreports-3.7.4/src/net/sf/jasperreports/olap/mapping/MappingLexer.java,341,350,10,F,accidental similarity,,,manual investigation,
stackoverflow_formatted/17698380_0.java,48,59,jboss-5/jboss-5.1.0.GA-src/connector/src/main/org/jboss/resource/metadata/mcf/DataSourceConnectionPropertyMetaData.java,14,25,12,F,similar getter and setter,,,manual investigation,
stackoverflow_formatted/5883717_1.java,3,14,jboss-5/jboss-5.1.0.GA-src/connector/src/main/org/jboss/resource/metadata/mcf/DataSourceConnectionPropertyMetaData.java,14,25,12,F,similar getter and setter,,,manual investigation,
stackoverflow_formatted/6082389_0.java,15,26,jboss-5/jboss-5.1.0.GA-src/connector/src/main/org/jboss/resource/metadata/mcf/DataSourceConnectionPropertyMetaData.java,14,25,12,F,similar getter and setter,,,manual investigation,
stackoverflow_formatted/17698380_0.java,47,59,jboss-5/jboss-5.1.0.GA-src/embedded/src/main/java/org/jboss/embedded/util/SystemProperty.java,3,15,13,F,similar getter and setter,,,manual investigation,
stackoverflow_formatted/17698380_0.java,48,59,jboss-5/jboss-5.1.0.GA-src/embedded/src/main/java/org/jboss/embedded/util/SystemProperty.java,4,15,12,F,similar getter and setter,,,manual investigation,
stackoverflow_formatted/5883717_1.java,2,14,jboss-5/jboss-5.1.0.GA-src/embedded/src/main/java/org/jboss/embedded/util/SystemProperty.java,3,15,13,F,similar getter and setter,,,manual investigation,
stackoverflow_formatted/5883717_1.java,3,14,jboss-5/jboss-5.1.0.GA-src/embedded/src/main/java/org/jboss/embedded/util/SystemProperty.java,4,15,12,F,similar getter and setter,,,manual investigation,
stackoverflow_formatted/6082389_0.java,14,26,jboss-5/jboss-5.1.0.GA-src/embedded/src/main/java/org/jboss/embedded/util/SystemProperty.java,3,15,13,F,similar getter and setter,,,manual investigation,
stackoverflow_formatted/6082389_0.java,15,26,jboss-5/jboss-5.1.0.GA-src/embedded/src/main/java/org/jboss/embedded/util/SystemProperty.java,4,15,12,F,similar getter and setter,,,manual investigation,
stackoverflow_formatted/17698380_0.java,47,59,jboss-5/jboss-5.1.0.GA-src/testsuite/src/main/org/jboss/test/xml/mbeanserver/JavaBeanSchemaInitializer.java,90,102,13,F,similar getter and setter,,,manual investigation,
stackoverflow_formatted/17698380_0.java,48,59,jboss-5/jboss-5.1.0.GA-src/testsuite/src/main/org/jboss/test/xml/mbeanserver/JavaBeanSchemaInitializer.java,91,102,12,F,similar getter and setter,,,manual investigation,
stackoverflow_formatted/5883717_1.java,2,14,jboss-5/jboss-5.1.0.GA-src/testsuite/src/main/org/jboss/test/xml/mbeanserver/JavaBeanSchemaInitializer.java,90,102,13,F,similar getter and setter,,,manual investigation,
stackoverflow_formatted/5883717_1.java,3,14,jboss-5/jboss-5.1.0.GA-src/testsuite/src/main/org/jboss/test/xml/mbeanserver/JavaBeanSchemaInitializer.java,91,102,12,F,similar getter and setter,,,manual investigation,
stackoverflow_formatted/6082389_0.java,14,26,jboss-5/jboss-5.1.0.GA-src/testsuite/src/main/org/jboss/test/xml/mbeanserver/JavaBeanSchemaInitializer.java,90,102,13,F,similar getter and setter,,,manual investigation,
stackoverflow_formatted/6082389_0.java,15,26,jboss-5/jboss-5.1.0.GA-src/testsuite/src/main/org/jboss/test/xml/mbeanserver/JavaBeanSchemaInitializer.java,91,102,12,F,similar getter and setter,,,manual investigation,
stackoverflow_formatted/19856538_0.java,22,31,jedit4/jEdit/com/microstar/xml/XmlParser.java,769,778,10,F,accidental similarity,,,manual investigation,
stackoverflow_formatted/19856538_0.java,22,31,jedit4/jEdit/com/microstar/xml/XmlParser.java,805,814,10,F,accidental similarity,,,manual investigation,
stackoverflow_formatted/19856538_0.java,22,31,jena-2/com/hp/hpl/jena/rdf/arp/NTriple.java,244,253,10,F,accidental similarity,,,manual investigation,
stackoverflow_formatted/19856538_0.java,22,31,jext-sources-5/jext-src-5.0/src/lib/com/microstar/xml/XmlParser.java,765,774,10,F,accidental similarity,,,manual investigation,
stackoverflow_formatted/19856538_0.java,22,31,jext-sources-5/jext-src-5.0/src/lib/com/microstar/xml/XmlParser.java,801,810,10,F,accidental similarity,,,manual investigation,
stackoverflow_formatted/14849596_0.java,10,21,jfreechart-1/jfreechart-1.0.13/source/org/jfree/chart/ChartPanel.java,451,462,12,F,similar try-catch,,,manual investigation,
stackoverflow_formatted/19856538_0.java,22,31,jparse/jparse-0.96/jparse/JavaLexer.java,242,251,10,F,accidental similarity,,,manual investigation,
stackoverflow_formatted/19856538_0.java,22,31,jparse/jparse-0.96/jparse/JavaLexer.java,1301,1310,10,F,accidental similarity,,,manual investigation,
stackoverflow_formatted/19856538_0.java,22,31,jparse/jparse-0.96/jparse/JavaLexer.java,1488,1497,10,F,accidental similarity,,,manual investigation,
stackoverflow_formatted/19856538_0.java,22,31,jparse/jparse-0.96/jparse/JavaLexer.java,1569,1578,10,F,accidental similarity,,,manual investigation,
stackoverflow_formatted/19856538_0.java,22,31,jparse/jparse-0.96/jparse/JavaLexer.java,1863,1872,10,F,accidental similarity,,,manual investigation,
stackoverflow_formatted/19856538_0.java,22,31,Vuze_4812_source/org/gudy/azureus2/core3/util/BDecoder.java,252,261,10,F,accidental similarity,,,manual investigation,
,,,,,,,,,,,,
stackoverflow_formatted/6236324_0.java,226,255,aoisrc281/AoIsrc281/ArtOfIllusion/src/artofillusion/image/MovieEncoder.java,152,181,30,B,the code are very similar. SO answer is a copy of Sun's JpageImagesToMovie.java.,,,manual investigation,removed coz of dup copy
stackoverflow_formatted/14020074_0.java,112,123,aoisrc281/AoIsrc281/ArtOfIllusion/src/artofillusion/image/MovieEncoder.java,105,116,12,E,"both code implement ControllerListener, DataSinkListener and have similar methods",,,manual investigation,removed coz of dup copy
stackoverflow_formatted/20895609_0.java,7,18,aoisrc281/AoIsrc281/ArtOfIllusion/src/artofillusion/math/SimplexNoise.java,17,28,12,C,SO answer says that the code is modified from http://mrl.nyu.edu/~perlin/noise/. The AoiSrc code also comments that it implements the same Ken Perlin's simplex noise.,,,manual investigation,removed coz of dup copy
stackoverflow_formatted/19856538_0.java,22,31,aoisrc281/AoIsrc281/ArtOfIllusion/src/artofillusion/procedural/ExprModule.java,323,332,10,F,accidental similarity,,,manual investigation,removed coz of dup copy
stackoverflow_formatted/17635649_0.java,13,24,aoisrc281/AoIsrc281/SPManager/src/artofillusion/spmanager/SPMSplitPane.java,387,398,12,E,both classes extends DefaultTreeCellRenderer and have similar getTreeCellRendererComponent(),,,manual investigation,removed coz of dup copy