14020074_0.java,112,123,aoisrc281/ArtOfIllusion/src/artofillusion/image/MovieEncoder.java,105,116
19856538_0.java,22,31,aoisrc281/ArtOfIllusion/src/artofillusion/procedural/ExprModule.java,323,332
17635649_0.java,13,24,aoisrc281/SPManager/src/artofillusion/spmanager/SPMSplitPane.java,387,398
6236324_0.java,226,255,aoisrc281/ArtOfIllusion/src/artofillusion/image/MovieEncoder.java,152,181
17698380_0.java,47,59,apache-ant-1.8.4/src/main/org/apache/tools/ant/taskdefs/XSLTProcess.java,488,500
17698380_0.java,47,59,apache-ant-1.8.4/src/main/org/apache/tools/ant/taskdefs/optional/XMLValidateTask.java,380,392
5883717_1.java,2,14,apache-ant-1.8.4/src/main/org/apache/tools/ant/taskdefs/XSLTProcess.java,488,500
5883717_1.java,2,14,apache-ant-1.8.4/src/main/org/apache/tools/ant/taskdefs/optional/XMLValidateTask.java,380,392
6082389_0.java,14,26,apache-ant-1.8.4/src/main/org/apache/tools/ant/taskdefs/XSLTProcess.java,488,500
6082389_0.java,14,26,apache-ant-1.8.4/src/main/org/apache/tools/ant/taskdefs/optional/XMLValidateTask.java,380,392
9291241_1.java,1,11,apache-ant-1.8.4/src/main/org/apache/tools/ant/taskdefs/Mkdir.java,19,29
11319346_0.java,184,196,apache-jmeter-2.9/apache-jmeter-2.9/src/jorphan/org/apache/jorphan/gui/layout/VerticalLayout.java,74,86
11741948_0.java,1,11,apache-log4j-1.2.16/apache-log4j-1.2.16/src/main/java/org/apache/log4j/lf5/util/StreamUtils.java,12,22
12106623_0.java,1,15,apache-log4j-1.2.16/apache-log4j-1.2.16/src/main/java/org/apache/log4j/WriterAppender.java,46,60
15982144_2.java,5,14,apache-maven-3.0/apache-maven-3.0/maven-embedder/src/test/embedder-test-project/src/test/java/org/apache/maven/AppTest.java,5,14
15982144_2.java,5,14,apache-maven-3.0/apache-maven-3.0/maven-embedder/src/test/error-reporting-projects/err-resolving-project-dep/project/src/test/java/org/apache/maven/test/error/mojoFailure/AppTest.java,5,14
15982144_2.java,5,14,apache-maven-3.0/apache-maven-3.0/maven-embedder/src/test/error-reporting-projects/project-dep-missing/src/test/java/org/apache/maven/test/error/mojoFailure/AppTest.java,5,14
15982144_2.java,5,14,apache-maven-3.0/apache-maven-3.0/maven-embedder/src/test/error-reporting-projects/missing-module-pom/child1/src/test/java/org/test/AppTest.java,5,14
15982144_2.java,5,14,apache-maven-3.0/apache-maven-3.0/maven-embedder/src/test/error-reporting-projects/project-mojo-failure/src/test/java/org/apache/maven/test/error/mojoFailure/AppTest.java,5,14
15982144_2.java,5,14,apache-maven-3.0/apache-maven-3.0/maven-embedder/src/examples/simple-project/src/test/java/org/apache/maven/embedder/AppTest.java,5,14
23423905_0.java,7,18,apache-maven-3.0/apache-maven-3.0/maven-core/src/main/java/org/apache/maven/repository/DelegatingLocalArtifactRepository.java,96,107
24709662_1.java,28,38,apache-roller-4.0.1/apache-roller-src-4.0.1/apps/weblogger/src/java/org/apache/roller/weblogger/ui/struts2/editor/CategoryBean.java,9,19
24709662_1.java,28,38,apache-roller-4.0.1/apache-roller-src-4.0.1/apps/weblogger/src/java/org/apache/roller/weblogger/ui/struts2/editor/FolderBean.java,8,18
24709662_1.java,28,38,apache-roller-4.0.1/apache-roller-src-4.0.1/apps/weblogger/src/java/org/apache/roller/weblogger/ui/struts2/editor/BookmarkBean.java,12,22
24709662_1.java,28,38,apache-roller-4.0.1/apache-roller-src-4.0.1/apps/weblogger/src/java/org/apache/roller/weblogger/ui/struts2/common/PingTargetFormBean.java,7,17
10396359_0.java,21,33,apache-roller-4.0.1/apache-roller-src-4.0.1/tomcat/work/Catalina/localhost/roller/org/apache/jsp/WEB_002dINF/jsps/admin/PlanetGroups_jsp.java,172,184
10396359_0.java,21,33,apache-roller-4.0.1/apache-roller-src-4.0.1/tomcat/work/Catalina/localhost/roller/org/apache/jsp/WEB_002dINF/jsps/editor/EntryAdd_jsp.java,134,146
10396359_0.java,21,33,apache-roller-4.0.1/apache-roller-src-4.0.1/tomcat/work/Catalina/localhost/roller/org/apache/jsp/roller_002dui/errors/_404_jsp.java,143,155
10396359_0.java,1,13,apache-roller-4.0.1/apache-roller-src-4.0.1/tomcat/work/Catalina/localhost/roller/org/apache/jsp/roller_002dui/errors/_404_jsp.java,35,47
10396359_0.java,1,13,apache-roller-4.0.1/apache-roller-src-4.0.1/tomcat/work/Catalina/localhost/roller/org/apache/jsp/WEB_002dINF/jsps/tiles/css_002dnosidebar_jsp.java,20,32
10396359_0.java,1,13,apache-roller-4.0.1/apache-roller-src-4.0.1/tomcat/work/Catalina/localhost/roller/org/apache/jsp/WEB_002dINF/jsps/tiles/empty_jsp.java,20,32
21734562_0.java,11,21,apache-tomcat-7.0.2/apache-tomcat-7.0.2-src/java/org/apache/catalina/authenticator/BasicAuthenticator.java,33,43
2870786_0.java,1,10,apache-tomcat-7.0.2/apache-tomcat-7.0.2-src/java/org/apache/tomcat/util/http/fileupload/IOUtils.java,25,34
24404964_0.java,1,11,apache-tomcat-7.0.2/apache-tomcat-7.0.2-src/java/org/apache/catalina/connector/CoyoteAdapter.java,543,553
5266856_0.java,2,15,apache-tomcat-7.0.2/apache-tomcat-7.0.2-src/java/javax/servlet/http/HttpServlet.java,111,124
24404964_0.java,14,31,apache-tomcat-7.0.2/apache-tomcat-7.0.2-src/java/org/apache/catalina/connector/CoyoteAdapter.java,557,573
19856538_0.java,22,31,ArgoUML-0.34-src/argouml-cpp/src/org/argouml/language/cpp/reveng/CPPLexer.java,2142,2151
19856538_0.java,22,31,ArgoUML-0.34-src/argouml-cpp/src/org/argouml/language/cpp/reveng/CPPLexer.java,1823,1832
19856538_0.java,22,31,ArgoUML-0.34-src/argouml-cpp/src/org/argouml/language/cpp/reveng/CPPLexer.java,1584,1593
18303692_0.java,7,18,aspectj-1.6.9-src/aspectjweaver1.6.9-src/org/aspectj/weaver/loadtime/Agent.java,7,18
19856538_0.java,22,31,batik-src-1.7/batik-1.7/sources/org/apache/batik/css/parser/Parser.java,1262,1271
19856538_0.java,22,31,batik-src-1.7/batik-1.7/sources/org/apache/batik/css/parser/Scanner.java,744,753
19856538_0.java,22,31,batik-src-1.7/batik-1.7/sources/org/apache/batik/parser/PathParser.java,596,605
19856538_0.java,22,31,batik-src-1.7/batik-1.7/sources/org/apache/batik/parser/PathParser.java,489,498
19856538_0.java,22,31,batik-src-1.7/batik-1.7/sources/org/apache/batik/parser/LengthParser.java,260,269
19856538_0.java,22,31,batik-src-1.7/batik-1.7/sources/org/apache/batik/parser/LengthParser.java,239,250
19856538_0.java,22,31,batik-src-1.7/batik-1.7/sources/org/apache/batik/parser/LengthParser.java,200,209
19856538_0.java,22,31,batik-src-1.7/batik-1.7/sources/org/apache/batik/bridge/svg12/XPathSubsetContentSelector.java,262,271
19856538_0.java,22,31,batik-src-1.7/batik-1.7/sources/org/apache/batik/css/parser/Scanner.java,425,434
19856538_0.java,22,31,batik-src-1.7/batik-1.7/sources/org/apache/batik/parser/PathParser.java,696,705
19856538_0.java,22,31,batik-src-1.7/batik-1.7/sources/org/apache/batik/parser/PathParser.java,629,638
19856538_0.java,22,31,batik-src-1.7/batik-1.7/sources/org/apache/batik/parser/PathParser.java,271,280
19856538_0.java,22,31,batik-src-1.7/batik-1.7/sources/org/apache/batik/parser/NumberParser.java,228,237
19856538_0.java,22,31,batik-src-1.7/batik-1.7/sources/org/apache/batik/parser/PathParser.java,240,249
19856538_0.java,22,31,batik-src-1.7/batik-1.7/sources/org/apache/batik/parser/PathParser.java,140,149
19856538_0.java,22,31,batik-src-1.7/batik-1.7/sources/org/apache/batik/css/parser/Scanner.java,439,448
19856538_0.java,22,31,batik-src-1.7/batik-1.7/sources/org/apache/batik/parser/NumberParser.java,138,147
19856538_0.java,22,31,batik-src-1.7/batik-1.7/sources/org/apache/batik/parser/LengthParser.java,131,143
19856538_0.java,22,31,batik-src-1.7/batik-1.7/sources/org/apache/batik/parser/PathParser.java,452,461
19856538_0.java,22,31,batik-src-1.7/batik-1.7/sources/org/apache/batik/parser/PathParser.java,415,424
19856538_0.java,22,31,batik-src-1.7/batik-1.7/sources/org/apache/batik/css/parser/Scanner.java,780,789
19856538_0.java,22,31,batik-src-1.7/batik-1.7/sources/org/apache/batik/bridge/svg12/XPathSubsetContentSelector.java,364,373
8965751_0.java,4,13,batik-src-1.7/batik-1.7/sources/org/apache/batik/parser/LengthParser.java,201,211
12428601_0.java,2,11,c-jdbc-2/c-jdbc-2.0.2-src/src/org/objectweb/cjdbc/common/util/FileManagement.java,5,14
24013939_0.java,2,11,c-jdbc-2/c-jdbc-2.0.2-src/src/org/objectweb/cjdbc/common/util/FileManagement.java,5,14
12835370_0.java,1,11,c-jdbc-2/c-jdbc-2.0.2-src/src/org/objectweb/cjdbc/common/util/FileManagement.java,4,14
11202699_0.java,1,11,c-jdbc-2/c-jdbc-2.0.2-src/src/org/objectweb/cjdbc/common/util/FileManagement.java,4,14
12428601_0.java,1,11,c-jdbc-2/c-jdbc-2.0.2-src/src/org/objectweb/cjdbc/common/util/FileManagement.java,4,14
9829474_0.java,4,14,cayenne-3/cayenne-3.0.1-src/framework/cayenne-jdk1.5-unpublished/src/main/java/org/apache/cayenne/exp/parser/ExpressionParser.java,243,253
22143333_0.java,109,119,cobertura-1/cobertura-1.9.4.1/src/net/sourceforge/cobertura/reporting/html/files/CopyFiles.java,46,56
10091556_0.java,9,18,commons-collections-3/commons-collections-3.2.1-src/src/java/org/apache/commons/collections/ProxyMap.java,8,17
10135259_0.java,1,10,Compiere_330_Source/release_330/base/src/org/compiere/process/RegisterSystem.java,69,78
23782959_0.java,1,10,Compiere_330_Source/release_330/base/src/org/compiere/process/RegisterSystem.java,69,78
1201102_0.java,1,10,Compiere_330_Source/release_330/base/src/org/compiere/process/RegisterSystem.java,69,78
4608146_0.java,1,10,Compiere_330_Source/release_330/base/src/org/compiere/process/RegisterSystem.java,69,78
19856538_0.java,22,31,Compiere_330_Source/release_330/client/Src/org/compiere/grid/ed/Calculator.java,222,231
13219118_0.java,12,24,Compiere_330_Source/release_330/ad/src/org/compiere/translate/AmtInWords_EN.java,49,61
4453908_0.java,1,15,Compiere_330_Source/release_330/base/src/org/compiere/process/RegisterSystem.java,69,85
2752455_0.java,1,17,Compiere_330_Source/release_330/base/src/org/compiere/process/RegisterSystem.java,69,85
10135259_0.java,1,17,Compiere_330_Source/release_330/base/src/org/compiere/process/RegisterSystem.java,69,85
23782959_0.java,1,17,Compiere_330_Source/release_330/base/src/org/compiere/process/RegisterSystem.java,69,85
1201102_0.java,1,17,Compiere_330_Source/release_330/base/src/org/compiere/process/RegisterSystem.java,69,85
12428601_0.java,2,11,db-derby-10/db-derby-10.6.1.0-src/java/testing/org/apache/derbyTesting/functionTests/tests/junitTests/compatibility/CompatibilityCombinations.java,814,823
11202699_0.java,2,11,db-derby-10/db-derby-10.6.1.0-src/java/testing/org/apache/derbyTesting/functionTests/tests/junitTests/compatibility/CompatibilityCombinations.java,814,823
12835370_0.java,2,11,db-derby-10/db-derby-10.6.1.0-src/java/testing/org/apache/derbyTesting/functionTests/tests/junitTests/compatibility/CompatibilityCombinations.java,814,823
12835370_0.java,1,11,db-derby-10/db-derby-10.6.1.0-src/java/testing/org/apache/derbyTesting/functionTests/tests/junitTests/compatibility/CompatibilityCombinations.java,813,823
11202699_0.java,1,11,db-derby-10/db-derby-10.6.1.0-src/java/testing/org/apache/derbyTesting/functionTests/tests/junitTests/compatibility/CompatibilityCombinations.java,813,823
12428601_0.java,1,11,db-derby-10/db-derby-10.6.1.0-src/java/testing/org/apache/derbyTesting/functionTests/tests/junitTests/compatibility/CompatibilityCombinations.java,813,823
6121298_0.java,8,17,eclipse_SDK/eclipse_SDK-4.3/src/src/org/eclipse/osgi/framework/eventmgr/CopyOnWriteIdentityMap.java,192,201
9642475_0.java,7,16,eclipse_SDK/eclipse_SDK-4.3/src/src/org/apache/lucene/search/MultiTermQuery.java,49,58
9642475_0.java,7,16,eclipse_SDK/eclipse_SDK-4.3/src/src/org/apache/lucene/search/MultiTermQuery.java,30,39
8631226_0.java,58,67,eclipse_SDK/eclipse_SDK-4.3/src/src/org/eclipse/ui/internal/about/AboutUtils.java,166,175
4154530_0.java,17,26,eclipse_SDK/eclipse_SDK-4.3/src/src/org/eclipse/help/internal/webapp/utils/Utils.java,29,38
5817648_0.java,8,17,eclipse_SDK/eclipse_SDK-4.3/src/src/org/eclipse/help/internal/webapp/utils/Utils.java,29,38
10289462_0.java,33,45,eclipse_SDK/eclipse_SDK-4.3/src/src/org/apache/jasper/runtime/JspRuntimeLibrary.java,290,302
3671309_0.java,11,22,eclipse_SDK/eclipse_SDK-4.3/src/src/org/eclipse/help/internal/base/remote/HttpsUtility.java,64,75
3671309_0.java,11,22,eclipse_SDK/eclipse_SDK-4.3/src/src/org/eclipse/help/internal/base/remote/HttpsUtility.java,84,95
3671309_0.java,11,22,eclipse_SDK/eclipse_SDK-4.3/src/src/org/eclipse/help/internal/base/remote/HttpsUtility.java,20,31
626322_0.java,5,14,eclipse_SDK/eclipse_SDK-4.3/src/src/org/eclipse/jetty/server/handler/ErrorHandler.java,124,133
17698380_0.java,47,59,eclipse_SDK/eclipse_SDK-4.3/src/src/libsrc/org/apache/tools/ant/taskdefs/XSLTProcess.java,488,500
17698380_0.java,47,59,eclipse_SDK/eclipse_SDK-4.3/src/src/libsrc/org/apache/tools/ant/taskdefs/optional/XMLValidateTask.java,380,392
5883717_1.java,2,14,eclipse_SDK/eclipse_SDK-4.3/src/src/libsrc/org/apache/tools/ant/taskdefs/XSLTProcess.java,488,500
5883717_1.java,2,14,eclipse_SDK/eclipse_SDK-4.3/src/src/libsrc/org/apache/tools/ant/taskdefs/optional/XMLValidateTask.java,380,392
6082389_0.java,14,26,eclipse_SDK/eclipse_SDK-4.3/src/src/libsrc/org/apache/tools/ant/taskdefs/XSLTProcess.java,488,500
9291241_1.java,1,11,eclipse_SDK/eclipse_SDK-4.3/src/src/libsrc/org/apache/tools/ant/taskdefs/Mkdir.java,19,29
19856538_0.java,22,31,eclipse_SDK/eclipse_SDK-4.3/src/src/org/eclipse/jetty/util/ajax/JSON.java,709,718
19856538_0.java,22,31,eclipse_SDK/eclipse_SDK-4.3/src/src/org/eclipse/pde/internal/ui/nls/StringHelper.java,91,100
19856538_0.java,22,31,eclipse_SDK/eclipse_SDK-4.3/src/src/org/eclipse/pde/internal/core/util/PropertiesUtil.java,65,74
19856538_0.java,22,31,eclipse_SDK/eclipse_SDK-4.3/src/src/org/eclipse/jdt/internal/ui/propertiesfileeditor/PropertiesFileEscapes.java,13,22
19856538_0.java,22,31,eclipse_SDK/eclipse_SDK-4.3/src/src/org/eclipse/jdt/internal/compiler/util/FloatUtil.java,65,74
19856538_0.java,22,31,eclipse_SDK/eclipse_SDK-4.3/src/src/com/ibm/icu/impl/PatternTokenizer.java,223,232
5266856_0.java,2,15,eclipse_SDK/eclipse_SDK-4.3/src/src/javax/servlet/http/HttpServlet.java,109,122
23008293_0.java,1,14,eclipse_SDK/eclipse_SDK-4.3/src/src/jdimodelsrc/org/eclipse/jdt/internal/debug/core/model/JDIThread.java,1680,1693
7324159_1.java,30,41,eclipse_SDK/eclipse_SDK-4.3/src/src/org/eclipse/jdt/internal/ui/util/TableLayoutComposite.java,74,85
8836350_0.java,7,18,eclipse_SDK/eclipse_SDK-4.3/src/src/org/eclipse/ui/internal/ide/misc/FileInfoAttributesMatcher.java,167,178
22230019_0.java,1,17,eclipse_SDK/eclipse_SDK-4.3/src/src/org/eclipse/swt/widgets/Widget.java,424,440
25719073_1.java,1,17,eclipse_SDK/eclipse_SDK-4.3/src/src/org/eclipse/swt/widgets/Widget.java,309,325
10289462_0.java,4,23,eclipse_SDK/eclipse_SDK-4.3/src/src/org/apache/jasper/runtime/JspRuntimeLibrary.java,260,279
6097643_0.java,2,19,eclipse_SDK/eclipse_SDK-4.3/src/src/org/apache/http/impl/client/AbstractHttpClient.java,110,127
11861598_0.java,1,18,eclipse_SDK/eclipse_SDK-4.3/src/src/org/eclipse/jface/wizard/WizardDialog.java,377,394
9859376_0.java,8,18,eXoPortal-v1/exo/services/communication/impl/src/java/org/exoplatform/services/communication/sms/provider/prodat/ProdatOperatorImpl.java,40,50
8416340_0.java,10,20,findbugs-1/findbugs-1.3.9/src/antTask/edu/umd/cs/findbugs/anttask/UnionBugs.java,68,78
25603104_0.java,4,14,FitLibrary20100806/fitnesse/lib/src/fitlibrarySrc/fitlibrary/eg/chat/User.java,5,15
22876532_0.java,13,22,FitLibrary20100806/fitnesse/lib/src/fitlibrarySrc/fitlibrary/eg/ListToSet.java,14,23
24647708_1.java,1,10,FitLibrary20100806/fitnesse/lib/src/fitlibrarySrc/fitlibrary/batch/resultsOut/FolderTestResultRepository.java,55,64
13434746_0.java,4,17,FitLibrary20100806/fitnesse/lib/src/fitlibrarySrc/fitlibrary/specify/parser/UseConstructor.java,25,38
13434746_0.java,4,17,FitLibrary20100806/fitnesse/lib/src/fitlibrarySrc/fitlibrary/specify/AggregateDoFixture.java,31,44
13434746_0.java,4,17,FitLibrary20100806/fitnesse/lib/src/fitlibrarySrc/fitlibrary/specify/eg/FixedPoint.java,7,20
13434746_0.java,4,17,FitLibrary20100806/fitnesse/lib/src/fitlibrarySrc/fitlibraryGeneric/specify/PrePopulated.java,140,153
13434746_0.java,4,17,FitLibrary20100806/fitnesse/lib/src/fitlibrarySrc/fitlibrary/specify/eg/MyPoint.java,7,20
19957163_1.java,4,17,FitLibrary20100806/fitnesse/lib/src/fitlibrarySrc/fitlibrary/specify/parser/UseConstructor.java,25,38
19957163_1.java,4,17,FitLibrary20100806/fitnesse/lib/src/fitlibrarySrc/fitlibrary/specify/AggregateDoFixture.java,31,44
19957163_1.java,4,17,FitLibrary20100806/fitnesse/lib/src/fitlibrarySrc/fitlibrary/specify/eg/FixedPoint.java,7,20
19957163_1.java,4,17,FitLibrary20100806/fitnesse/lib/src/fitlibrarySrc/fitlibraryGeneric/specify/PrePopulated.java,140,153
19957163_1.java,4,17,FitLibrary20100806/fitnesse/lib/src/fitlibrarySrc/fitlibrary/specify/eg/MyPoint.java,7,20
23568650_0.java,5,18,FitLibrary20100806/fitnesse/lib/src/fitlibrarySrc/fitlibrary/specify/parser/UseConstructor.java,25,38
23568650_0.java,5,18,FitLibrary20100806/fitnesse/lib/src/fitlibrarySrc/fitlibrary/specify/AggregateDoFixture.java,31,44
23568650_0.java,5,18,FitLibrary20100806/fitnesse/lib/src/fitlibrarySrc/fitlibrary/specify/eg/FixedPoint.java,7,20
23568650_0.java,5,18,FitLibrary20100806/fitnesse/lib/src/fitlibrarySrc/fitlibraryGeneric/specify/PrePopulated.java,140,153
23568650_0.java,5,18,FitLibrary20100806/fitnesse/lib/src/fitlibrarySrc/fitlibrary/specify/eg/MyPoint.java,7,20
13434746_0.java,4,19,FitLibrary20100806/fitnesse/lib/src/fitlibrarySrc/fitlibrary/specify/eg/FixedPoint.java,7,22
13434746_0.java,4,19,FitLibrary20100806/fitnesse/lib/src/fitlibrarySrc/fitlibrary/specify/eg/MyPoint.java,7,22
13434746_0.java,3,17,FitLibrary20100806/fitnesse/lib/src/fitlibrarySrc/fitlibrary/specify/AggregateDoFixture.java,30,44
15260207_0.java,92,103,freemind-src-0/freemind/accessories/plugins/dialogs/ArrayListTransferHandler.java,37,48
6121298_0.java,8,17,geotools-2/geotools-2.7-M3/modules/library/metadata/src/main/java/org/geotools/util/MapEntry.java,10,19
10599247_0.java,7,16,geotools-2/geotools-2.7-M3/modules/extension/xsd/xsd-wcs/src/main/java/org/geotools/wcs/bindings/TimeSequenceTypeBinding.java,89,98
11825416_0.java,1,11,geotools-2/geotools-2.7-M3/modules/unsupported/swing/src/main/java/org/jdesktop/swingworker/SwingWorker.java,163,173
24963319_2.java,1,11,geotools-2/geotools-2.7-M3/modules/unsupported/swing/src/main/java/org/jdesktop/swingworker/SwingWorker.java,163,173
17698380_0.java,47,59,geotools-2/geotools-2.7-M3/modules/library/main/src/main/java/org/geotools/styling/ExtentImpl.java,6,18
5883717_1.java,2,14,geotools-2/geotools-2.7-M3/modules/library/main/src/main/java/org/geotools/styling/ExtentImpl.java,6,18
6082389_0.java,14,26,geotools-2/geotools-2.7-M3/modules/library/main/src/main/java/org/geotools/styling/ExtentImpl.java,6,18
24963319_3.java,1,16,geotools-2/geotools-2.7-M3/modules/unsupported/swing/src/main/java/org/jdesktop/swingworker/SwingWorker.java,63,78
22315734_0.java,11,20,hadoop-1/hadoop-1.0.0/src/core/org/apache/hadoop/io/WritableComparator.java,44,53
8713017_0.java,1,11,hadoop-1/hadoop-1.0.0/src/core/org/apache/hadoop/io/file/tfile/SimpleBufferedOutputStream.java,26,36
16928749_0.java,51,63,hadoop-1/hadoop-1.0.0/src/mapred/org/apache/hadoop/mapred/TextOutputFormat.java,48,60
16928749_0.java,51,63,hadoop-1/hadoop-1.0.0/src/mapred/org/apache/hadoop/mapreduce/lib/output/TextOutputFormat.java,52,64
14845581_1.java,1,10,hadoop-1/hadoop-1.0.0/src/mapred/org/apache/hadoop/mapreduce/JobSubmissionFiles.java,46,55
21702608_0.java,1,13,hadoop-1/hadoop-1.0.0/src/examples/org/apache/hadoop/examples/DBCountPageView.java,275,287
16180910_0.java,1,14,hadoop-1/hadoop-1.0.0/src/mapred/org/apache/hadoop/mapred/LineRecordReader.java,47,60
16180910_0.java,1,14,hadoop-1/hadoop-1.0.0/src/mapred/org/apache/hadoop/mapreduce/lib/input/LineRecordReader.java,41,54
21702608_0.java,15,35,hadoop-1/hadoop-1.0.0/src/examples/org/apache/hadoop/examples/DBCountPageView.java,289,309
12428601_0.java,2,11,heritrix-1/heritrix-1.14.4/src/java/org/archive/util/FileUtils.java,224,233
12835370_0.java,2,11,heritrix-1/heritrix-1.14.4/src/java/org/archive/util/FileUtils.java,224,233
24013939_0.java,2,11,heritrix-1/heritrix-1.14.4/src/java/org/archive/util/FileUtils.java,224,233
11202699_0.java,1,11,heritrix-1/heritrix-1.14.4/src/java/org/archive/util/FileUtils.java,223,233
12428601_0.java,1,11,heritrix-1/heritrix-1.14.4/src/java/org/archive/util/FileUtils.java,223,233
23423905_0.java,26,35,hibernate-release-4/hibernate-release-4.2.2.Final/project/hibernate-envers/src/test/java/org/hibernate/envers/test/integration/naming/VersionsJoinTableRangeTestEntitySuperClass.java,50,59
6121298_0.java,8,17,hibernate-release-4/hibernate-release-4.2.2.Final/project/hibernate-core/src/main/java/org/hibernate/internal/util/collections/IdentityMap.java,125,134
21142088_0.java,96,105,hibernate-release-4/hibernate-release-4.2.2.Final/project/hibernate-core/src/main/java/org/hibernate/dialect/HSQLDialect.java,339,348
7452490_1.java,24,33,hibernate-release-4/hibernate-release-4.2.2.Final/project/hibernate-core/src/test/java/org/hibernate/test/naturalid/immutableentity/Building.java,85,94
10055548_0.java,71,81,hibernate-release-4/hibernate-release-4.2.2.Final/project/hibernate-core/src/test/java/org/hibernate/test/pagination/Entry.java,50,60
4207100_3.java,38,48,hibernate-release-4/hibernate-release-4.2.2.Final/project/hibernate-envers/src/test/java/org/hibernate/envers/test/integration/naming/VersionsJoinTableRangeComponentTestEntity.java,112,122
3046986_1.java,9,20,hibernate-release-4/hibernate-release-4.2.2.Final/project/hibernate-core/src/test/java/org/hibernate/metamodel/binding/EntityWithBasicCollections.java,20,31
3046986_1.java,9,20,hibernate-release-4/hibernate-release-4.2.2.Final/project/hibernate-core/src/test/java/org/hibernate/metamodel/binding/SimpleVersionedEntity.java,15,26
3046986_1.java,9,20,hibernate-release-4/hibernate-release-4.2.2.Final/project/hibernate-core/src/test/java/org/hibernate/test/bytecode/enhancement/SubEntity.java,10,21
3046986_1.java,9,20,hibernate-release-4/hibernate-release-4.2.2.Final/project/hibernate-core/src/test/java/org/hibernate/test/bytecode/enhancement/SimpleEntity.java,10,21
3046986_1.java,9,20,hibernate-release-4/hibernate-release-4.2.2.Final/project/hibernate-core/src/test/java/org/hibernate/test/bytecode/enhancement/MyEntity.java,22,33
3046986_1.java,9,20,hibernate-release-4/hibernate-release-4.2.2.Final/project/hibernate-entitymanager/src/test/java/org/hibernate/ejb/test/cacheable/annotation/NoCacheableAnnotationEntity.java,8,19
3046986_1.java,9,20,hibernate-release-4/hibernate-release-4.2.2.Final/project/hibernate-entitymanager/src/test/java/org/hibernate/ejb/test/cacheable/annotation/ExplicitlyCacheableEntity.java,10,21
3046986_1.java,9,20,hibernate-release-4/hibernate-release-4.2.2.Final/project/hibernate-entitymanager/src/test/java/org/hibernate/ejb/test/cacheable/annotation/ExplicitlyNonCacheableEntity.java,10,21
3046986_1.java,9,20,hibernate-release-4/hibernate-release-4.2.2.Final/project/hibernate-entitymanager/src/test/java/org/hibernate/ejb/test/cacheable/cachemodes/SimpleEntity.java,8,19
3046986_1.java,9,20,hibernate-release-4/hibernate-release-4.2.2.Final/project/hibernate-core/src/test/java/org/hibernate/test/annotations/subselect/Item.java,8,19
10055548_0.java,30,42,hibernate-release-4/hibernate-release-4.2.2.Final/project/hibernate-core/src/test/java/org/hibernate/test/nonflushedchanges/TimestampedEntity.java,12,24
10055548_0.java,30,42,hibernate-release-4/hibernate-release-4.2.2.Final/project/hibernate-core/src/test/java/org/hibernate/test/ops/TimestampedEntity.java,11,23
10055548_0.java,30,42,hibernate-release-4/hibernate-release-4.2.2.Final/project/hibernate-core/src/test/java/org/hibernate/test/readonly/VersionedNode.java,14,26
10055548_0.java,30,42,hibernate-release-4/hibernate-release-4.2.2.Final/project/hibernate-core/src/test/java/org/hibernate/test/nonflushedchanges/VersionedEntity.java,15,27
10055548_0.java,30,42,hibernate-release-4/hibernate-release-4.2.2.Final/project/hibernate-core/src/test/java/org/hibernate/test/ops/VersionedEntity.java,14,26
8257554_0.java,2,13,hibernate-release-4/hibernate-release-4.2.2.Final/project/hibernate-core/src/main/java/org/hibernate/cfg/SettingsFactory.java,244,255
13933424_0.java,11,22,hibernate-release-4/hibernate-release-4.2.2.Final/project/hibernate-core/src/test/java/org/hibernate/test/annotations/entity/Car.java,12,23
13933424_0.java,11,22,hibernate-release-4/hibernate-release-4.2.2.Final/project/hibernate-core/src/test/java/org/hibernate/test/annotations/access/xml/Crew.java,4,15
13933424_0.java,11,22,hibernate-release-4/hibernate-release-4.2.2.Final/project/hibernate-core/src/test/java/org/hibernate/test/annotations/access/xml/Driver.java,10,21
13933424_0.java,11,22,hibernate-release-4/hibernate-release-4.2.2.Final/project/hibernate-core/src/test/java/org/hibernate/test/annotations/onetoone/Father.java,4,15
13933424_0.java,11,22,hibernate-release-4/hibernate-release-4.2.2.Final/project/hibernate-core/src/test/java/org/hibernate/metamodel/source/annotations/xml/Father.java,4,15
19154487_0.java,3,14,hibernate-release-4/hibernate-release-4.2.2.Final/project/hibernate-core/src/test/java/org/hibernate/test/annotations/entity/Car.java,12,23
19154487_0.java,3,14,hibernate-release-4/hibernate-release-4.2.2.Final/project/hibernate-core/src/test/java/org/hibernate/test/annotations/access/xml/Crew.java,4,15
19154487_0.java,3,14,hibernate-release-4/hibernate-release-4.2.2.Final/project/hibernate-core/src/test/java/org/hibernate/test/annotations/access/xml/Driver.java,10,21
19154487_0.java,3,14,hibernate-release-4/hibernate-release-4.2.2.Final/project/hibernate-core/src/test/java/org/hibernate/test/annotations/onetoone/Father.java,4,15
19154487_0.java,3,14,hibernate-release-4/hibernate-release-4.2.2.Final/project/hibernate-core/src/test/java/org/hibernate/metamodel/source/annotations/xml/Father.java,4,15
14908094_2.java,3,14,hibernate-release-4/hibernate-release-4.2.2.Final/project/hibernate-core/src/test/java/org/hibernate/test/annotations/entity/Car.java,12,23
14908094_2.java,3,14,hibernate-release-4/hibernate-release-4.2.2.Final/project/hibernate-core/src/test/java/org/hibernate/test/annotations/access/xml/Crew.java,4,15
14908094_2.java,3,14,hibernate-release-4/hibernate-release-4.2.2.Final/project/hibernate-core/src/test/java/org/hibernate/test/annotations/access/xml/Driver.java,10,21
14908094_2.java,3,14,hibernate-release-4/hibernate-release-4.2.2.Final/project/hibernate-core/src/test/java/org/hibernate/test/annotations/onetoone/Father.java,4,15
14908094_2.java,3,14,hibernate-release-4/hibernate-release-4.2.2.Final/project/hibernate-core/src/test/java/org/hibernate/metamodel/source/annotations/xml/Father.java,4,15
15633427_0.java,1,11,hibernate-release-4/hibernate-release-4.2.2.Final/project/hibernate-core/src/main/java/org/hibernate/cfg/Environment.java,114,124
4207100_3.java,23,35,hibernate-release-4/hibernate-release-4.2.2.Final/project/hibernate-core/src/test/java/org/hibernate/test/annotations/derivedidentities/bidirectional/Product.java,33,45
4207100_3.java,23,35,hibernate-release-4/hibernate-release-4.2.2.Final/project/hibernate-core/src/test/java/org/hibernate/test/annotations/derivedidentities/bidirectional/Order.java,49,61
4207100_2.java,18,30,hibernate-release-4/hibernate-release-4.2.2.Final/project/hibernate-core/src/test/java/org/hibernate/test/annotations/derivedidentities/bidirectional/Product.java,33,45
4207100_2.java,18,30,hibernate-release-4/hibernate-release-4.2.2.Final/project/hibernate-core/src/test/java/org/hibernate/test/annotations/derivedidentities/bidirectional/Order.java,49,61
12776901_0.java,5,17,hibernate-release-4/hibernate-release-4.2.2.Final/project/hibernate-core/src/test/java/org/hibernate/test/annotations/derivedidentities/bidirectional/Product.java,33,45
12776901_0.java,5,17,hibernate-release-4/hibernate-release-4.2.2.Final/project/hibernate-core/src/test/java/org/hibernate/test/annotations/derivedidentities/bidirectional/Order.java,49,61
6921379_0.java,5,17,hibernate-release-4/hibernate-release-4.2.2.Final/project/hibernate-core/src/test/java/org/hibernate/test/annotations/derivedidentities/bidirectional/Product.java,33,45
6921379_0.java,5,17,hibernate-release-4/hibernate-release-4.2.2.Final/project/hibernate-core/src/test/java/org/hibernate/test/annotations/derivedidentities/bidirectional/Order.java,49,61
21280704_0.java,13,25,hibernate-release-4/hibernate-release-4.2.2.Final/project/hibernate-core/src/test/java/org/hibernate/test/naturalid/immutableentity/Building.java,73,85
22261392_0.java,34,46,hibernate-release-4/hibernate-release-4.2.2.Final/project/hibernate-core/src/test/java/org/hibernate/test/criteria/TestObject.java,3,15
23346101_1.java,7,20,hibernate-release-4/hibernate-release-4.2.2.Final/project/hibernate-envers/src/test/java/org/hibernate/envers/test/integration/naming/ids/EmbIdNaming.java,14,27
23346101_1.java,7,20,hibernate-release-4/hibernate-release-4.2.2.Final/project/hibernate-envers/src/test/java/org/hibernate/envers/test/entities/ids/EmbId.java,11,24
10055548_0.java,36,48,hibernate-release-4/hibernate-release-4.2.2.Final/project/hibernate-core/src/test/java/org/hibernate/test/annotations/derivedidentities/bidirectional/Product.java,21,33
2761630_0.java,1,11,hibernate-release-4/hibernate-release-4.2.2.Final/project/documentation/src/main/docbook/devguide/en-US/extras/using_a_StatelessSession.java,1,11
7047728_0.java,29,42,hibernate-release-4/hibernate-release-4.2.2.Final/project/hibernate-core/src/test/java/org/hibernate/test/annotations/generics/StateType.java,39,52
7047728_0.java,29,42,hibernate-release-4/hibernate-release-4.2.2.Final/project/hibernate-core/src/test/java/org/hibernate/test/annotations/entity/PhoneNumberType.java,43,56
7047728_0.java,29,42,hibernate-release-4/hibernate-release-4.2.2.Final/project/hibernate-core/src/main/java/org/hibernate/type/StringClobType.java,52,65
7047728_0.java,29,42,hibernate-release-4/hibernate-release-4.2.2.Final/project/hibernate-envers/src/test/java/org/hibernate/envers/test/entities/ids/CustomEnumUserType.java,45,58
14582029_0.java,1,12,hibernate-release-4/hibernate-release-4.2.2.Final/project/documentation/src/main/docbook/devguide/en-US/extras/flush_and_clear_session.java,1,12
21777900_0.java,1,12,hibernate-release-4/hibernate-release-4.2.2.Final/project/documentation/src/main/docbook/devguide/en-US/extras/flush_and_clear_session.java,1,12
14330686_0.java,1,12,hibernate-release-4/hibernate-release-4.2.2.Final/project/documentation/src/main/docbook/devguide/en-US/extras/flush_and_clear_session.java,1,12
3275733_0.java,1,12,hibernate-release-4/hibernate-release-4.2.2.Final/project/documentation/src/main/docbook/devguide/en-US/extras/flush_and_clear_session.java,1,12
10274267_0.java,1,12,hibernate-release-4/hibernate-release-4.2.2.Final/project/documentation/src/main/docbook/devguide/en-US/extras/flush_and_clear_session.java,1,12
20458485_0.java,1,12,hibernate-release-4/hibernate-release-4.2.2.Final/project/documentation/src/main/docbook/devguide/en-US/extras/flush_and_clear_session.java,1,12
3865391_0.java,5,17,hibernate-release-4/hibernate-release-4.2.2.Final/project/hibernate-core/src/test/java/org/hibernate/test/annotations/query/Identity.java,4,16
3032205_0.java,2,14,hibernate-release-4/hibernate-release-4.2.2.Final/project/hibernate-core/src/test/java/org/hibernate/test/annotations/query/Identity.java,4,16
18013191_1.java,2,14,hibernate-release-4/hibernate-release-4.2.2.Final/project/hibernate-core/src/test/java/org/hibernate/test/annotations/query/Identity.java,4,16
14908094_2.java,2,14,hibernate-release-4/hibernate-release-4.2.2.Final/project/hibernate-core/src/test/java/org/hibernate/test/annotations/access/xml/Driver.java,9,21
14908094_2.java,2,14,hibernate-release-4/hibernate-release-4.2.2.Final/project/hibernate-core/src/test/java/org/hibernate/test/annotations/access/xml/Crew.java,3,15
14908094_2.java,2,14,hibernate-release-4/hibernate-release-4.2.2.Final/project/hibernate-core/src/test/java/org/hibernate/metamodel/source/annotations/xml/Father.java,3,15
14908094_2.java,2,14,hibernate-release-4/hibernate-release-4.2.2.Final/project/hibernate-core/src/test/java/org/hibernate/test/annotations/onetoone/Father.java,3,15
13721279_0.java,4,13,hibernate-release-4/hibernate-release-4.2.2.Final/project/hibernate-core/src/test/java/org/hibernate/test/annotations/access/xml/Driver.java,9,21
13721279_0.java,4,13,hibernate-release-4/hibernate-release-4.2.2.Final/project/hibernate-core/src/test/java/org/hibernate/test/annotations/access/xml/Crew.java,3,15
13721279_0.java,4,13,hibernate-release-4/hibernate-release-4.2.2.Final/project/hibernate-core/src/test/java/org/hibernate/metamodel/source/annotations/xml/Father.java,3,15
13721279_0.java,4,13,hibernate-release-4/hibernate-release-4.2.2.Final/project/hibernate-core/src/test/java/org/hibernate/test/annotations/onetoone/Father.java,3,15
19154487_0.java,2,14,hibernate-release-4/hibernate-release-4.2.2.Final/project/hibernate-core/src/test/java/org/hibernate/test/annotations/access/xml/Driver.java,9,21
19154487_0.java,2,14,hibernate-release-4/hibernate-release-4.2.2.Final/project/hibernate-core/src/test/java/org/hibernate/test/annotations/access/xml/Crew.java,3,15
19154487_0.java,2,14,hibernate-release-4/hibernate-release-4.2.2.Final/project/hibernate-core/src/test/java/org/hibernate/metamodel/source/annotations/xml/Father.java,3,15
19154487_0.java,2,14,hibernate-release-4/hibernate-release-4.2.2.Final/project/hibernate-core/src/test/java/org/hibernate/test/annotations/onetoone/Father.java,3,15
10055548_0.java,29,42,hibernate-release-4/hibernate-release-4.2.2.Final/project/hibernate-core/src/test/java/org/hibernate/test/ops/TimestampedEntity.java,10,23
10055548_0.java,29,42,hibernate-release-4/hibernate-release-4.2.2.Final/project/hibernate-core/src/test/java/org/hibernate/test/nonflushedchanges/TimestampedEntity.java,11,24
10055548_0.java,29,42,hibernate-release-4/hibernate-release-4.2.2.Final/project/hibernate-core/src/test/java/org/hibernate/test/ops/VersionedEntity.java,13,26
10055548_0.java,29,42,hibernate-release-4/hibernate-release-4.2.2.Final/project/hibernate-core/src/test/java/org/hibernate/test/nonflushedchanges/VersionedEntity.java,14,27
10055548_0.java,29,42,hibernate-release-4/hibernate-release-4.2.2.Final/project/hibernate-core/src/test/java/org/hibernate/test/readonly/VersionedNode.java,13,26
24973385_0.java,43,56,hibernate-release-4/hibernate-release-4.2.2.Final/project/hibernate-core/src/test/java/org/hibernate/test/ops/TimestampedEntity.java,10,23
24973385_0.java,43,56,hibernate-release-4/hibernate-release-4.2.2.Final/project/hibernate-core/src/test/java/org/hibernate/test/nonflushedchanges/TimestampedEntity.java,11,24
24973385_0.java,43,56,hibernate-release-4/hibernate-release-4.2.2.Final/project/hibernate-core/src/test/java/org/hibernate/test/ops/VersionedEntity.java,13,26
24973385_0.java,43,56,hibernate-release-4/hibernate-release-4.2.2.Final/project/hibernate-core/src/test/java/org/hibernate/test/nonflushedchanges/VersionedEntity.java,14,27
24973385_0.java,43,56,hibernate-release-4/hibernate-release-4.2.2.Final/project/hibernate-core/src/test/java/org/hibernate/test/readonly/VersionedNode.java,13,26
10000096_1.java,3,15,hibernate-release-4/hibernate-release-4.2.2.Final/project/hibernate-entitymanager/src/test/java/org/hibernate/ejb/test/callbacks/Plant.java,8,20
3046986_1.java,7,20,hibernate-release-4/hibernate-release-4.2.2.Final/project/hibernate-entitymanager/src/test/java/org/hibernate/ejb/test/cacheable/annotation/NoCacheableAnnotationEntity.java,6,19
3046986_1.java,7,20,hibernate-release-4/hibernate-release-4.2.2.Final/project/hibernate-entitymanager/src/test/java/org/hibernate/ejb/test/cacheable/annotation/ExplicitlyCacheableEntity.java,8,21
3046986_1.java,7,20,hibernate-release-4/hibernate-release-4.2.2.Final/project/hibernate-entitymanager/src/test/java/org/hibernate/ejb/test/cacheable/annotation/ExplicitlyNonCacheableEntity.java,8,21
3046986_1.java,7,20,hibernate-release-4/hibernate-release-4.2.2.Final/project/hibernate-entitymanager/src/test/java/org/hibernate/ejb/test/cacheable/cachemodes/SimpleEntity.java,6,19
3046986_1.java,7,20,hibernate-release-4/hibernate-release-4.2.2.Final/project/hibernate-core/src/test/java/org/hibernate/test/annotations/subselect/Item.java,6,19
10737817_0.java,1,13,hibernate-release-4/hibernate-release-4.2.2.Final/project/hibernate-entitymanager/src/main/java/org/hibernate/ejb/criteria/QueryStructure.java,78,90
2398335_0.java,1,16,hibernate-release-4/hibernate-release-4.2.2.Final/project/documentation/src/main/docbook/devguide/en-US/extras/using_scroll.java,1,16
5713930_0.java,1,16,hibernate-release-4/hibernate-release-4.2.2.Final/project/documentation/src/main/docbook/devguide/en-US/extras/using_scroll.java,1,16
23967852_0.java,1,19,hibernate-release-4/hibernate-release-4.2.2.Final/project/hibernate-core/src/main/java/org/hibernate/dialect/pagination/SQLServer2005LimitHandler.java,43,61
15168494_0.java,1,29,hibernate-release-4/hibernate-release-4.2.2.Final/project/hibernate-core/src/main/java/org/hibernate/service/jdbc/connections/internal/ConnectionProviderInitiator.java,65,93
12428601_0.java,2,11,hsqldb-2/hsqldb-2.0.0/hsqldb/src/org/hsqldb/test/HsqldbTestCase.java,12,21
11202699_0.java,2,11,hsqldb-2/hsqldb-2.0.0/hsqldb/src/org/hsqldb/test/HsqldbTestCase.java,12,21
12835370_0.java,2,11,hsqldb-2/hsqldb-2.0.0/hsqldb/src/org/hsqldb/test/HsqldbTestCase.java,12,21
24013939_0.java,2,11,hsqldb-2/hsqldb-2.0.0/hsqldb/src/org/hsqldb/test/HsqldbTestCase.java,12,21
12835370_0.java,1,11,hsqldb-2/hsqldb-2.0.0/hsqldb/src/org/hsqldb/test/HsqldbTestCase.java,11,21
11202699_0.java,1,11,hsqldb-2/hsqldb-2.0.0/hsqldb/src/org/hsqldb/test/HsqldbTestCase.java,11,21
12428601_0.java,1,11,hsqldb-2/hsqldb-2.0.0/hsqldb/src/org/hsqldb/test/HsqldbTestCase.java,11,21
19856538_0.java,22,31,hsqldb-2/hsqldb-2.0.0/hsqldb/src/org/hsqldb/Scanner.java,1179,1188
19856538_0.java,22,31,hsqldb-2/hsqldb-2.0.0/hsqldb/src/org/hsqldb/Scanner.java,622,631
21613226_0.java,12,21,iReport-3/iReport-3.7.5-src/ireport-designer/src/com/jaspersoft/ireport/designer/fonts/FontPathDialog.java,74,83
11544023_1.java,30,39,iReport-3/iReport-3.7.5-src/ireport-designer/src/com/jaspersoft/ireport/designer/fonts/FontPathDialog.java,74,83
11544023_1.java,30,40,iReport-3/iReport-3.7.5-src/ireport-designer/src/com/jaspersoft/ireport/designer/fonts/FontPathDialog.java,74,84
10292516_0.java,45,54,iReport-3/iReport-3.7.5-src/ireport-standalone-specific/src/com/jaspersoft/ireport/designer/standalone/actions/ImportSettingsStatusJDialog.java,24,33
17966859_0.java,7,17,iReport-3/iReport-3.7.5-src/ireport-designer/src/com/jaspersoft/ireport/designer/subreport/TableComboBoxRenderer.java,11,21
11092289_1.java,27,40,iReport-3/iReport-3.7.5-src/jasperserver-plugin/src/com/jaspersoft/ireport/jasperserver/ws/IReportSSLSocketFactory.java,56,69
17635649_0.java,12,24,iReport-3/iReport-3.7.5-src/ireport-designer/src/com/jaspersoft/ireport/designer/data/fieldsproviders/olap/OlapTreeCellRenderer.java,22,34
17635649_0.java,12,24,iReport-3/iReport-3.7.5-src/ireport-designer/src/com/jaspersoft/ireport/designer/data/fieldsproviders/xml/XMLDocumentTreeCellRenderer.java,33,45
17635649_0.java,12,24,iReport-3/iReport-3.7.5-src/ireport-designer/src/com/jaspersoft/ireport/designer/data/JBTreeCellRenderer.java,17,29
22064171_0.java,73,85,iReport-3/iReport-3.7.5-src/ireport-designer/src/com/jaspersoft/ireport/designer/sheet/editors/box/ShapeStroke.java,44,56
12879764_0.java,25,40,iReport-3/iReport-3.7.5-src/jasperreports-components/src/com/jaspersoft/ireport/components/spiderchart/SpiderChartIcon.java,93,108
19856538_0.java,22,31,iText-src-5/src/core/com/itextpdf/text/html/Markup.java,101,110
19856538_0.java,22,31,iText-src-5/src/core/com/itextpdf/text/pdf/fonts/cmaps/CMapParser.java,196,205
24453994_0.java,8,17,iText-src-5/src/core/com/itextpdf/text/pdf/BarcodeEAN.java,18,27
10814214_1.java,45,54,jag-6/jag-6.1/src/com/finalist/jaggenerator/modules/DatabaseManagerFrame.java,116,125
5975897_0.java,11,20,jag-6/jag-6.1/src/com/finalist/jaggenerator/modules/DatabaseManagerFrame.java,116,125
25414160_0.java,2,11,jag-6/jag-6.1/src/com/finalist/jaggenerator/modules/DatabaseManagerFrame.java,116,125
24647708_1.java,1,10,jag-6/jag-6.1/src/com/finalist/jaggenerator/LibCopier.java,63,72
19856538_0.java,22,31,jasml_0/src/com/jasml/helper/Util.java,421,430
19856538_0.java,22,31,jasperreports-3/jasperreports-3.7.4/src/net/sf/jasperreports/olap/mapping/MappingLexer.java,341,350
19856538_0.java,22,31,jasperreports-3/jasperreports-3.7.4/src/net/sf/jasperreports/olap/mapping/MappingLexer.java,94,103
18614607_0.java,29,39,jasperreports-3/jasperreports-3.7.4/src/net/sf/jasperreports/j2ee/servlets/PdfServlet.java,61,70
18614607_0.java,29,39,jasperreports-3/jasperreports-3.7.4/src/net/sf/jasperreports/j2ee/servlets/RtfServlet.java,63,72
18614607_0.java,29,39,jasperreports-3/jasperreports-3.7.4/src/net/sf/jasperreports/j2ee/servlets/OdtServlet.java,61,70
8037824_0.java,1,20,jasperreports-3/jasperreports-3.7.4/src/net/sf/jasperreports/engine/design/JRVerifier.java,1221,1240
6082389_0.java,15,26,jboss-5/jboss-5.1.0.GA-src/connector/src/main/org/jboss/resource/metadata/mcf/DataSourceConnectionPropertyMetaData.java,14,25
6082389_0.java,15,26,jboss-5/jboss-5.1.0.GA-src/testsuite/src/main/org/jboss/test/xml/mbeanserver/JavaBeanSchemaInitializer.java,91,102
6082389_0.java,15,26,jboss-5/jboss-5.1.0.GA-src/embedded/src/main/java/org/jboss/embedded/util/SystemProperty.java,4,15
5883717_1.java,3,14,jboss-5/jboss-5.1.0.GA-src/testsuite/src/main/org/jboss/test/xml/mbeanserver/JavaBeanSchemaInitializer.java,91,102
5883717_1.java,3,14,jboss-5/jboss-5.1.0.GA-src/embedded/src/main/java/org/jboss/embedded/util/SystemProperty.java,4,15
17698380_0.java,48,59,jboss-5/jboss-5.1.0.GA-src/embedded/src/main/java/org/jboss/embedded/util/SystemProperty.java,4,15
21734562_0.java,11,21,jboss-5/jboss-5.1.0.GA-src/tomcat/src/main/org/jboss/web/tomcat/security/authenticators/JASPIFormAuthenticator.java,28,38
21734562_0.java,11,21,jboss-5/jboss-5.1.0.GA-src/tomcat/src/main/org/jboss/web/tomcat/security/FormAuthenticator.java,49,59
17698380_0.java,47,59,jboss-5/jboss-5.1.0.GA-src/embedded/src/main/java/org/jboss/embedded/util/SystemProperty.java,3,15
17698380_0.java,47,59,jboss-5/jboss-5.1.0.GA-src/testsuite/src/main/org/jboss/test/xml/mbeanserver/JavaBeanSchemaInitializer.java,90,102
5883717_1.java,2,14,jboss-5/jboss-5.1.0.GA-src/embedded/src/main/java/org/jboss/embedded/util/SystemProperty.java,3,15
5883717_1.java,2,14,jboss-5/jboss-5.1.0.GA-src/testsuite/src/main/org/jboss/test/xml/mbeanserver/JavaBeanSchemaInitializer.java,90,102
6082389_0.java,14,26,jboss-5/jboss-5.1.0.GA-src/embedded/src/main/java/org/jboss/embedded/util/SystemProperty.java,3,15
17635649_0.java,13,24,jboss-5/jboss-5.1.0.GA-src/console/src/main/org/jboss/console/navtree/TreeCellRenderer.java,15,26
21099738_0.java,5,20,jboss-5/jboss-5.1.0.GA-src/console/src/main/org/jboss/console/plugins/helpers/servlet/ServletHelper.java,8,23
8424176_0.java,12,22,jchempaint-src-3/cdk/src/main/org/openscience/cdk/qsar/descriptors/molecular/XLogPDescriptor.java,960,970
19856538_0.java,22,31,jedit4/jEdit/com/microstar/xml/XmlParser.java,805,814
19856538_0.java,22,31,jext-sources-5/jext-src-5.0/src/lib/com/microstar/xml/XmlParser.java,801,810
10548630_0.java,94,105,jfreechart-1/jfreechart-1.0.13/swt/org/jfree/experimental/swt/SWTUtils.java,230,241
1110491_0.java,32,43,jfreechart-1/jfreechart-1.0.13/swt/org/jfree/experimental/swt/SWTUtils.java,230,241
11958726_0.java,53,62,jfreechart-1/jfreechart-1.0.13/source/org/jfree/chart/ChartPanel.java,1253,1262
11368428_1.java,1,10,jfreechart-1/jfreechart-1.0.13/source/org/jfree/chart/demo/BarChartDemo1.java,29,38
11368428_1.java,1,10,jfreechart-1/jfreechart-1.0.13/swt/org/jfree/experimental/chart/swt/demo/SWTBarChartDemo1.java,19,28
16058183_0.java,1,13,jfreechart-1/jfreechart-1.0.13/source/org/jfree/data/KeyToGroupMap.java,18,30
14849596_0.java,10,21,jfreechart-1/jfreechart-1.0.13/source/org/jfree/chart/ChartPanel.java,451,462
21998949_0.java,11,29,jfreechart-1/jfreechart-1.0.13/source/org/jfree/chart/plot/SpiderWebPlot.java,502,520
6722760_1.java,28,40,jgraph-latest-bsd-src/examples/org/jgraph/example/HelloWorld.java,28,40
15889119_0.java,1,16,jgrapht-0/jgrapht-0.8.1/src/org/jgrapht/experimental/touchgraph/TouchgraphConverter.java,7,22
550172_0.java,60,70,jhotdraw-7.5.1/jhotdraw_7.5.1/Source/jhotdraw7/src/main/java/org/jhotdraw/util/Images.java,71,82
17461205_0.java,121,131,jhotdraw-7.5.1/jhotdraw_7.5.1/Source/jhotdraw7/src/main/java/org/jhotdraw/gui/plaf/palette/PaletteFontChooserUI.java,352,362
20337023_0.java,79,89,jhotdraw-7.5.1/jhotdraw_7.5.1/Source/jhotdraw7/src/main/java/org/jhotdraw/gui/plaf/palette/PaletteFontChooserUI.java,352,362
21569744_0.java,3,13,jhotdraw-7.5.1/jhotdraw_7.5.1/Source/jhotdraw7/src/main/java/org/jhotdraw/gui/plaf/palette/PaletteToolBarUI.java,871,881
21248274_0.java,93,103,jhotdraw-7.5.1/jhotdraw_7.5.1/Source/jhotdraw7/src/main/java/org/jhotdraw/gui/ToolBarLayout.java,41,51
6535337_0.java,5,14,jhotdraw-7.5.1/jhotdraw_7.5.1/Source/jhotdraw7/src/main/java/org/jhotdraw/gui/VerticalGridLayout.java,134,143
13731734_0.java,5,17,jhotdraw-7.5.1/jhotdraw_7.5.1/Source/jhotdraw7/src/main/java/org/jhotdraw/draw/DefaultDrawingViewTransferHandler.java,549,561
25150803_0.java,37,48,jhotdraw-7.5.1/jhotdraw_7.5.1/Source/jhotdraw7/src/main/java/org/jhotdraw/gui/plaf/palette/PaletteListCellRenderer.java,21,32
18202284_0.java,2,11,jhotdraw-7.5.1/jhotdraw_7.5.1/Source/jhotdraw7/src/main/java/org/jhotdraw/samples/color/CIEXYChromaticityDiagram.java,31,40
23397256_0.java,70,79,jhotdraw-7.5.1/jhotdraw_7.5.1/Source/jhotdraw7/src/main/java/org/jhotdraw/samples/color/CIEXYChromaticityDiagram.java,31,40
18202284_0.java,1,11,jhotdraw-7.5.1/jhotdraw_7.5.1/Source/jhotdraw7/src/main/java/org/jhotdraw/samples/color/CIEXYChromaticityDiagram.java,30,40
6535337_0.java,1,14,jhotdraw-7.5.1/jhotdraw_7.5.1/Source/jhotdraw7/src/main/java/org/jhotdraw/gui/VerticalGridLayout.java,130,143
19856538_0.java,22,31,jparse/jparse-0.96/jparse/JavaLexer.java,1301,1310
19856538_0.java,22,31,jparse/jparse-0.96/jparse/JavaLexer.java,1863,1872
19856538_0.java,22,31,jparse/jparse-0.96/jparse/JavaLexer.java,1569,1578
19856538_0.java,22,31,jparse/jparse-0.96/jparse/JavaLexer.java,1488,1497
11336735_0.java,4,13,jruby-1.5.2/jruby-1.5.2/src/org/jruby/anno/AnnotationBinder.java,25,34
19856538_0.java,22,31,jruby-1.5.2/jruby-1.5.2/src/org/jruby/lexer/yacc/RubyYaccLexer.java,1009,1018
19856538_0.java,22,31,jruby-1.5.2/jruby-1.5.2/src/org/jruby/RubyRegexp.java,1778,1787
19856538_0.java,22,31,jruby-1.5.2/jruby-1.5.2/src/org/jruby/lexer/yacc/RubyYaccLexer.java,2028,2037
9829474_0.java,2,11,jruby-1.5.2/jruby-1.5.2/src/org/jruby/compiler/impl/StandardASMCompiler.java,387,396
4024890_0.java,16,26,jspwiki-2.8.4/src/com/ecyrd/jspwiki/attachment/AttachmentServlet.java,207,216
22143333_0.java,72,82,jspwiki-2.8.4/src/com/ecyrd/jspwiki/attachment/AttachmentServlet.java,207,216
22143333_0.java,109,119,jspwiki-2.8.4/src/com/ecyrd/jspwiki/attachment/AttachmentServlet.java,207,216
12428601_0.java,2,11,jstock-1.0.7c/jstock/src/org/yccheok/jstock/gui/Utils.java,589,598
11202699_0.java,2,11,jstock-1.0.7c/jstock/src/org/yccheok/jstock/gui/Utils.java,589,598
12835370_0.java,2,11,jstock-1.0.7c/jstock/src/org/yccheok/jstock/gui/Utils.java,589,598
24013939_0.java,2,11,jstock-1.0.7c/jstock/src/org/yccheok/jstock/gui/Utils.java,589,598
15059935_0.java,16,26,jstock-1.0.7c/jstock/src/org/yccheok/jstock/gui/ChangeStockInfoJDialog.java,124,134
7732479_2.java,70,80,jstock-1.0.7c/jstock/src/org/yccheok/jstock/gui/ChangeStockInfoJDialog.java,124,134
17578815_0.java,33,43,jstock-1.0.7c/jstock/src/org/yccheok/jstock/gui/ChangeStockInfoJDialog.java,124,134
12835370_0.java,1,11,jstock-1.0.7c/jstock/src/org/yccheok/jstock/gui/Utils.java,588,598
11202699_0.java,1,11,jstock-1.0.7c/jstock/src/org/yccheok/jstock/gui/Utils.java,588,598
12428601_0.java,1,11,jstock-1.0.7c/jstock/src/org/yccheok/jstock/gui/Utils.java,588,598
15705710_0.java,13,23,jstock-1.0.7c/jstock/src/org/yccheok/jstock/gui/OptionsSellAdvisorJPanel.java,295,305
15705710_0.java,13,23,jstock-1.0.7c/jstock/src/org/yccheok/jstock/gui/CountryJDialog.java,118,128
3629882_0.java,3,15,jstock-1.0.7c/jstock/src/org/yccheok/jstock/gui/Utils.java,1485,1497
550172_0.java,39,53,jstock-1.0.7c/jstock/src/org/yccheok/jstock/gui/Utils.java,457,471
24330611_0.java,251,261,jung2-2_0_1/jung-samples-2.0.1/edu/uci/ics/jung/samples/TreeCollapseDemo.java,194,204
24330611_0.java,251,261,jung2-2_0_1/jung-samples-2.0.1/edu/uci/ics/jung/samples/TreeLayoutDemo.java,156,166
24330611_0.java,251,261,jung2-2_0_1/jung-samples-2.0.1/edu/uci/ics/jung/samples/L2RTreeLayoutDemo.java,165,175
24330611_0.java,166,177,jung2-2_0_1/jung-samples-2.0.1/edu/uci/ics/jung/samples/WorldMapGraphDemo.java,134,145
24330611_0.java,166,177,jung2-2_0_1/jung-samples-2.0.1/edu/uci/ics/jung/samples/AnnotationsDemo.java,90,101
24330611_0.java,166,177,jung2-2_0_1/jung-samples-2.0.1/edu/uci/ics/jung/samples/VertexLabelPositionDemo.java,63,74
24330611_0.java,166,177,jung2-2_0_1/jung-samples-2.0.1/edu/uci/ics/jung/samples/InternalFrameSatelliteViewDemo.java,93,104
24330611_0.java,166,177,jung2-2_0_1/jung-samples-2.0.1/edu/uci/ics/jung/samples/GraphEditorDemo.java,116,127
24330611_0.java,166,177,jung2-2_0_1/jung-samples-2.0.1/edu/uci/ics/jung/samples/PluggableRendererDemo.java,371,382
24330611_0.java,166,177,jung2-2_0_1/jung-samples-2.0.1/edu/uci/ics/jung/samples/LensDemo.java,126,137
24330611_0.java,166,177,jung2-2_0_1/jung-samples-2.0.1/edu/uci/ics/jung/samples/RadialTreeLensDemo.java,120,131
24330611_0.java,166,177,jung2-2_0_1/jung-samples-2.0.1/edu/uci/ics/jung/samples/EdgeLabelDemo.java,78,89
24330611_0.java,166,177,jung2-2_0_1/jung-samples-2.0.1/edu/uci/ics/jung/samples/BalloonLayoutDemo.java,115,126
24330611_0.java,166,177,jung2-2_0_1/jung-samples-2.0.1/edu/uci/ics/jung/samples/LensVertexImageShaperDemo.java,150,161
24330611_0.java,166,177,jung2-2_0_1/jung-jai-samples-2.0.1/edu/uci/ics/jung/samples/HyperbolicVertexImageShaperDemo.java,150,161
24330611_0.java,166,177,jung2-2_0_1/jung-samples-2.0.1/edu/uci/ics/jung/samples/L2RTreeLayoutDemo.java,106,117
24330611_0.java,166,177,jung2-2_0_1/jung-samples-2.0.1/edu/uci/ics/jung/samples/VertexImageShaperDemo.java,155,166
24330611_0.java,166,177,jung2-2_0_1/jung-samples-2.0.1/edu/uci/ics/jung/samples/VertexCollapseDemo.java,102,113
24330611_0.java,166,177,jung2-2_0_1/jung-samples-2.0.1/edu/uci/ics/jung/samples/UnicodeLabelDemo.java,67,78
24330611_0.java,166,177,jung2-2_0_1/jung-samples-2.0.1/edu/uci/ics/jung/samples/DrawnIconVertexDemo.java,83,94
24330611_0.java,166,177,jung2-2_0_1/jung-samples-2.0.1/edu/uci/ics/jung/samples/TreeLayoutDemo.java,104,115
24330611_0.java,166,177,jung2-2_0_1/jung-samples-2.0.1/edu/uci/ics/jung/samples/TreeCollapseDemo.java,113,124
24330611_0.java,166,177,jung2-2_0_1/jung-samples-2.0.1/edu/uci/ics/jung/samples/VertexLabelAsShapeDemo.java,76,87
24330611_0.java,166,177,jung2-2_0_1/jung-samples-2.0.1/edu/uci/ics/jung/samples/SubLayoutDemo.java,98,109
24330611_0.java,166,177,jung2-2_0_1/jung-samples-2.0.1/edu/uci/ics/jung/samples/GraphFromGraphMLDemo.java,82,93
24330611_0.java,165,177,jung2-2_0_1/jung-jai-samples-2.0.1/edu/uci/ics/jung/samples/HyperbolicVertexImageShaperDemo.java,149,161
24330611_0.java,165,177,jung2-2_0_1/jung-samples-2.0.1/edu/uci/ics/jung/samples/ShowLayouts.java,127,139
24330611_0.java,165,177,jung2-2_0_1/jung-samples-2.0.1/edu/uci/ics/jung/samples/LensVertexImageShaperDemo.java,149,161
24330611_0.java,165,177,jung2-2_0_1/jung-samples-2.0.1/edu/uci/ics/jung/samples/RadialTreeLensDemo.java,119,131
24330611_0.java,165,177,jung2-2_0_1/jung-samples-2.0.1/edu/uci/ics/jung/samples/LensDemo.java,125,137
24330611_0.java,165,177,jung2-2_0_1/jung-samples-2.0.1/edu/uci/ics/jung/samples/PluggableRendererDemo.java,370,382
24330611_0.java,165,177,jung2-2_0_1/jung-samples-2.0.1/edu/uci/ics/jung/samples/GraphEditorDemo.java,115,127
24330611_0.java,165,177,jung2-2_0_1/jung-samples-2.0.1/edu/uci/ics/jung/samples/InternalFrameSatelliteViewDemo.java,92,104
24330611_0.java,165,177,jung2-2_0_1/jung-samples-2.0.1/edu/uci/ics/jung/samples/VertexLabelAsShapeDemo.java,75,87
24330611_0.java,165,177,jung2-2_0_1/jung-samples-2.0.1/edu/uci/ics/jung/samples/VertexCollapseDemoWithLayouts.java,116,128
24330611_0.java,165,177,jung2-2_0_1/jung-samples-2.0.1/edu/uci/ics/jung/samples/TreeCollapseDemo.java,112,124
24330611_0.java,165,177,jung2-2_0_1/jung-samples-2.0.1/edu/uci/ics/jung/samples/TreeLayoutDemo.java,103,115
24330611_0.java,165,177,jung2-2_0_1/jung-samples-2.0.1/edu/uci/ics/jung/samples/SubLayoutDemo.java,97,109
24330611_0.java,165,177,jung2-2_0_1/jung-samples-2.0.1/edu/uci/ics/jung/samples/DrawnIconVertexDemo.java,82,94
24330611_0.java,165,177,jung2-2_0_1/jung-samples-2.0.1/edu/uci/ics/jung/samples/UnicodeLabelDemo.java,66,78
24330611_0.java,165,177,jung2-2_0_1/jung-samples-2.0.1/edu/uci/ics/jung/samples/WorldMapGraphDemo.java,133,145
24330611_0.java,165,177,jung2-2_0_1/jung-samples-2.0.1/edu/uci/ics/jung/samples/GraphZoomScrollPaneDemo.java,118,130
24330611_0.java,165,177,jung2-2_0_1/jung-samples-2.0.1/edu/uci/ics/jung/samples/GraphFromGraphMLDemo.java,81,93
24330611_0.java,165,177,jung2-2_0_1/jung-samples-2.0.1/edu/uci/ics/jung/samples/VertexImageShaperDemo.java,154,166
24330611_0.java,165,177,jung2-2_0_1/jung-samples-2.0.1/edu/uci/ics/jung/samples/VertexLabelPositionDemo.java,62,74
24330611_0.java,165,177,jung2-2_0_1/jung-samples-2.0.1/edu/uci/ics/jung/samples/AnnotationsDemo.java,89,101
24330611_0.java,162,177,jung2-2_0_1/jung-samples-2.0.1/edu/uci/ics/jung/samples/TreeLayoutDemo.java,100,115
24330611_0.java,162,177,jung2-2_0_1/jung-samples-2.0.1/edu/uci/ics/jung/samples/TreeCollapseDemo.java,109,124
24330611_0.java,162,177,jung2-2_0_1/jung-samples-2.0.1/edu/uci/ics/jung/samples/L2RTreeLayoutDemo.java,102,117
24330611_0.java,162,177,jung2-2_0_1/jung-samples-2.0.1/edu/uci/ics/jung/samples/VertexLabelAsShapeDemo.java,72,87
23586872_1.java,1,20,junit-4/org/junit/Assert.java,33,52
8802082_2.java,1,19,junit-4/org/junit/internal/runners/statements/ExpectException.java,11,29
24040300_3.java,20,32,lucene-4.3.0/lucene-4.3.0/analysis/smartcn/src/java/org/apache/lucene/analysis/cn/smart/hhmm/SegTokenPair.java,25,37
7383847_1.java,35,47,lucene-4.3.0/lucene-4.3.0/analysis/smartcn/src/java/org/apache/lucene/analysis/cn/smart/hhmm/PathNode.java,22,34
7383847_1.java,35,47,lucene-4.3.0/lucene-4.3.0/analysis/smartcn/src/java/org/apache/lucene/analysis/cn/smart/hhmm/SegTokenPair.java,25,37
12728036_0.java,1,10,megamek-0.35.18/src/megamek/client/ui/swing/MegaMekGUI.java,62,71
5309185_0.java,1,10,megamek-0.35.18/src/megamek/client/ui/swing/MegaMekGUI.java,62,71
14941808_0.java,190,199,megamek-0.35.18/src/megamek/client/ui/swing/MegaMekGUI.java,62,71
13293946_0.java,29,38,megamek-0.35.18/src/megamek/client/ui/swing/MegaMekGUI.java,62,71
14634075_2.java,3,12,megamek-0.35.18/src/megamek/client/ui/swing/MegaMekGUI.java,62,71
12913121_0.java,47,56,megamek-0.35.18/src/megamek/client/ui/swing/MegaMekGUI.java,62,71
12640454_0.java,43,52,megamek-0.35.18/src/megamek/client/ui/swing/MegaMekGUI.java,62,71
10883946_0.java,193,202,megamek-0.35.18/src/megamek/client/ui/swing/MegaMekGUI.java,62,71
13587740_0.java,50,59,megamek-0.35.18/src/megamek/client/ui/swing/MegaMekGUI.java,62,71
22143333_0.java,109,119,mvnforum-1.2.2-mvnad-1.0.1/mvnforum-1.2.2-mvnad-1.0.1-src-20100817/myvietnam/src/net/myvietnam/mvncore/web/fileupload/disk/DiskFileItem.java,152,162
20590064_1.java,7,20,myfaces-core-2.0.2/myfaces-core-2.0.2-src/src/myfaces-core-project-2.0.2/myfaces-core-project-2.0.2/api/src/test/java/javax/faces/component/_SharedRendererUtilsTest.java,17,30
20227507_1.java,7,20,myfaces-core-2.0.2/myfaces-core-2.0.2-src/src/myfaces-core-project-2.0.2/myfaces-core-project-2.0.2/api/src/test/java/javax/faces/component/_SharedRendererUtilsTest.java,17,30
13431252_0.java,5,14,netbeans-6.9.1-201007282301/cnd.gotodeclaration/src/org/netbeans/modules/cnd/gotodeclaration/util/EmptyIcon.java,12,21
16630078_0.java,2,11,netbeans-6.9.1-201007282301/terminal/src/org/netbeans/modules/terminal/ioprovider/Terminal.java,538,547
25150803_0.java,52,61,netbeans-6.9.1-201007282301/spellchecker/src/org/netbeans/modules/spellchecker/options/CheckBoxRenderrer.java,66,75
17461205_0.java,118,128,netbeans-6.9.1-201007282301/welcome/src/org/netbeans/modules/welcome/content/LinkButton.java,66,76
12189204_0.java,14,23,netbeans-6.9.1-201007282301/cnd.toolchain/src/org/netbeans/modules/cnd/toolchain/ui/options/AddCompilerSetPanel.java,289,298
12189204_0.java,14,23,netbeans-6.9.1-201007282301/cnd.toolchain/src/org/netbeans/modules/cnd/toolchain/ui/options/DuplicateCompilerSetPanel.java,67,76
3694885_0.java,52,62,netbeans-6.9.1-201007282301/options.keymap/src/org/netbeans/modules/options/keymap/KeymapPanel.java,361,371
22513858_0.java,38,48,netbeans-6.9.1-201007282301/options.keymap/src/org/netbeans/modules/options/keymap/KeymapPanel.java,361,371
15844981_0.java,48,58,netbeans-6.9.1-201007282301/options.keymap/src/org/netbeans/modules/options/keymap/KeymapPanel.java,361,371
18554517_2.java,74,84,netbeans-6.9.1-201007282301/options.keymap/src/org/netbeans/modules/options/keymap/KeymapPanel.java,361,371
17461205_0.java,121,131,netbeans-6.9.1-201007282301/options.keymap/src/org/netbeans/modules/options/keymap/KeymapPanel.java,361,371
9309361_0.java,74,84,netbeans-6.9.1-201007282301/options.keymap/src/org/netbeans/modules/options/keymap/KeymapPanel.java,361,371
20337023_0.java,79,89,netbeans-6.9.1-201007282301/options.keymap/src/org/netbeans/modules/options/keymap/KeymapPanel.java,361,371
11544023_1.java,30,39,netbeans-6.9.1-201007282301/form/test/unit/src/org/netbeans/modules/form/layoutdesign/ALT_Indent03.java,18,27
11544023_1.java,30,39,netbeans-6.9.1-201007282301/form/test/unit/src/org/netbeans/modules/form/layoutdesign/ALT_ParallelPosition21.java,14,23
11544023_1.java,30,39,netbeans-6.9.1-201007282301/form/test/qa-functional/data/SampleProject/src/org/netbeans/test/editor/formatting/testBasicIndentation.java,104,113
11544023_1.java,30,39,netbeans-6.9.1-201007282301/form/test/unit/src/org/netbeans/modules/form/layoutdesign/ALT_Duplicating_Bug128426.java,14,23
11544023_1.java,30,39,netbeans-6.9.1-201007282301/form/test/unit/src/org/netbeans/modules/form/layoutdesign/ALT_ParallelPosition20.java,16,25
11544023_1.java,30,39,netbeans-6.9.1-201007282301/form/test/unit/src/org/netbeans/modules/form/layoutdesign/ALT_ParallelPosition19.java,16,25
21613226_0.java,12,21,netbeans-6.9.1-201007282301/form/test/unit/src/org/netbeans/modules/form/layoutdesign/ALT_Indent03.java,18,27
21613226_0.java,12,21,netbeans-6.9.1-201007282301/form/test/unit/src/org/netbeans/modules/form/layoutdesign/ALT_ParallelPosition21.java,14,23
21613226_0.java,12,21,netbeans-6.9.1-201007282301/form/test/qa-functional/data/SampleProject/src/org/netbeans/test/editor/formatting/testBasicIndentation.java,104,113
21613226_0.java,12,21,netbeans-6.9.1-201007282301/form/test/unit/src/org/netbeans/modules/form/layoutdesign/ALT_Duplicating_Bug128426.java,14,23
21613226_0.java,12,21,netbeans-6.9.1-201007282301/form/test/unit/src/org/netbeans/modules/form/layoutdesign/ALT_ParallelPosition20.java,16,25
21613226_0.java,12,21,netbeans-6.9.1-201007282301/form/test/unit/src/org/netbeans/modules/form/layoutdesign/ALT_ParallelPosition19.java,16,25
25049514_0.java,107,116,netbeans-6.9.1-201007282301/gsf.codecoverage/src/org/netbeans/modules/gsf/codecoverage/CoverageReportTopComponent.java,355,364
11156584_0.java,46,55,netbeans-6.9.1-201007282301/debugger.jpda.ui/src/org/netbeans/modules/debugger/jpda/ui/models/WatchesColumnModels.java,208,217
25550345_0.java,191,201,netbeans-6.9.1-201007282301/utilities/src/org/netbeans/modules/search/ResultViewPanel.java,902,912
10814214_1.java,45,54,netbeans-6.9.1-201007282301/web.project/src/org/netbeans/modules/web/project/ui/customizer/CustomizerLibraries.java,350,359
10814214_1.java,45,54,netbeans-6.9.1-201007282301/web.struts/src/org/netbeans/modules/web/struts/wizards/FormBeanPropertiesPanelVisual.java,48,57
10814214_1.java,45,54,netbeans-6.9.1-201007282301/j2ee.ddloaders/src/org/netbeans/modules/j2ee/ddloaders/web/multiview/SecurityRolesEditorPanel.java,75,84
10814214_1.java,45,54,netbeans-6.9.1-201007282301/j2ee.ddloaders/src/org/netbeans/modules/j2ee/ddloaders/web/multiview/SecurityRolesEditorPanel.java,87,96
10814214_1.java,45,54,netbeans-6.9.1-201007282301/tasklist.todo/src/org/netbeans/modules/tasklist/todo/settings/ToDoCustomizer.java,91,100
10814214_1.java,45,54,netbeans-6.9.1-201007282301/j2ee.ejbjarproject/src/org/netbeans/modules/j2ee/ejbjarproject/ui/customizer/CustomizerLibraries.java,313,322
10814214_1.java,45,54,netbeans-6.9.1-201007282301/j2ee.clientproject/src/org/netbeans/modules/j2ee/clientproject/ui/customizer/CustomizerLibraries.java,340,349
10814214_1.java,45,54,netbeans-6.9.1-201007282301/java.source/src/org/netbeans/modules/java/ui/FmtImports.java,64,73
10814214_1.java,45,54,netbeans-6.9.1-201007282301/form/test/unit/src/org/netbeans/modules/form/layoutdesign/ALT_Bug124689.java,57,66
10814214_1.java,45,54,netbeans-6.9.1-201007282301/websvc.wsitconf/src/org/netbeans/modules/websvc/wsitconf/ui/service/subpanels/TargetsPanel.java,99,108
10814214_1.java,45,54,netbeans-6.9.1-201007282301/identity.server.manager/src/org/netbeans/modules/identity/server/manager/ui/ProfileEditorPanel.java,350,359
10814214_1.java,45,54,netbeans-6.9.1-201007282301/vmd.midpnb/src/org/netbeans/modules/vmd/midpnb/propertyeditors/SVGFormEditorElement.java,640,649
5975897_0.java,11,20,netbeans-6.9.1-201007282301/web.project/src/org/netbeans/modules/web/project/ui/customizer/CustomizerLibraries.java,350,359
5975897_0.java,11,20,netbeans-6.9.1-201007282301/editor.macros/src/org/netbeans/modules/editor/macros/storage/ui/MacrosPanel.java,111,120
5975897_0.java,11,20,netbeans-6.9.1-201007282301/web.struts/src/org/netbeans/modules/web/struts/wizards/FormBeanPropertiesPanelVisual.java,48,57
5975897_0.java,11,20,netbeans-6.9.1-201007282301/j2ee.ddloaders/src/org/netbeans/modules/j2ee/ddloaders/web/multiview/SecurityRolesEditorPanel.java,75,84
5975897_0.java,11,20,netbeans-6.9.1-201007282301/j2ee.ddloaders/src/org/netbeans/modules/j2ee/ddloaders/web/multiview/SecurityRolesEditorPanel.java,87,96
5975897_0.java,11,20,netbeans-6.9.1-201007282301/tasklist.todo/src/org/netbeans/modules/tasklist/todo/settings/ToDoCustomizer.java,91,100
5975897_0.java,11,20,netbeans-6.9.1-201007282301/j2ee.ejbjarproject/src/org/netbeans/modules/j2ee/ejbjarproject/ui/customizer/CustomizerLibraries.java,313,322
5975897_0.java,11,20,netbeans-6.9.1-201007282301/j2ee.clientproject/src/org/netbeans/modules/j2ee/clientproject/ui/customizer/CustomizerLibraries.java,340,349
5975897_0.java,11,20,netbeans-6.9.1-201007282301/java.source/src/org/netbeans/modules/java/ui/FmtImports.java,64,73
5975897_0.java,11,20,netbeans-6.9.1-201007282301/form/test/unit/src/org/netbeans/modules/form/layoutdesign/ALT_Bug124689.java,57,66
5975897_0.java,11,20,netbeans-6.9.1-201007282301/websvc.wsitconf/src/org/netbeans/modules/websvc/wsitconf/ui/service/subpanels/TargetsPanel.java,99,108
5975897_0.java,11,20,netbeans-6.9.1-201007282301/identity.server.manager/src/org/netbeans/modules/identity/server/manager/ui/ProfileEditorPanel.java,350,359
5975897_0.java,11,20,netbeans-6.9.1-201007282301/vmd.midpnb/src/org/netbeans/modules/vmd/midpnb/propertyeditors/SVGFormEditorElement.java,640,649
25414160_0.java,2,11,netbeans-6.9.1-201007282301/web.project/src/org/netbeans/modules/web/project/ui/customizer/CustomizerLibraries.java,350,359
25414160_0.java,2,11,netbeans-6.9.1-201007282301/editor.macros/src/org/netbeans/modules/editor/macros/storage/ui/MacrosPanel.java,111,120
25414160_0.java,2,11,netbeans-6.9.1-201007282301/web.struts/src/org/netbeans/modules/web/struts/wizards/FormBeanPropertiesPanelVisual.java,48,57
25414160_0.java,2,11,netbeans-6.9.1-201007282301/web.project/src/org/netbeans/modules/web/project/ui/wizards/PanelSupportedFrameworksVisual.java,126,135
25414160_0.java,2,11,netbeans-6.9.1-201007282301/j2ee.ddloaders/src/org/netbeans/modules/j2ee/ddloaders/web/multiview/SecurityRolesEditorPanel.java,75,84
25414160_0.java,2,11,netbeans-6.9.1-201007282301/j2ee.ddloaders/src/org/netbeans/modules/j2ee/ddloaders/web/multiview/SecurityRolesEditorPanel.java,87,96
25414160_0.java,2,11,netbeans-6.9.1-201007282301/tasklist.todo/src/org/netbeans/modules/tasklist/todo/settings/ToDoCustomizer.java,91,100
25414160_0.java,2,11,netbeans-6.9.1-201007282301/j2ee.ejbjarproject/src/org/netbeans/modules/j2ee/ejbjarproject/ui/customizer/CustomizerLibraries.java,313,322
25414160_0.java,2,11,netbeans-6.9.1-201007282301/java.source/src/org/netbeans/modules/java/ui/FmtImports.java,64,73
25414160_0.java,2,11,netbeans-6.9.1-201007282301/form/test/unit/src/org/netbeans/modules/form/layoutdesign/ALT_Bug124689.java,57,66
25414160_0.java,2,11,netbeans-6.9.1-201007282301/websvc.wsitconf/src/org/netbeans/modules/websvc/wsitconf/ui/service/subpanels/TargetsPanel.java,99,108
25414160_0.java,2,11,netbeans-6.9.1-201007282301/identity.server.manager/src/org/netbeans/modules/identity/server/manager/ui/ProfileEditorPanel.java,350,359
25414160_0.java,2,11,netbeans-6.9.1-201007282301/vmd.midpnb/src/org/netbeans/modules/vmd/midpnb/propertyeditors/SVGFormEditorElement.java,640,649
4896878_1.java,33,43,netbeans-6.9.1-201007282301/versioning.util/src/org/netbeans/modules/versioning/util/CollectionUtils.java,449,459
21613226_0.java,11,21,netbeans-6.9.1-201007282301/form/test/unit/src/org/netbeans/modules/form/layoutdesign/ALT_Duplicating_Bug128426.java,13,23
3987965_0.java,1,12,netbeans-6.9.1-201007282301/java.source/test/qa-functional/src/org/netbeans/test/java/Utilities.java,103,114
13561675_0.java,91,101,netbeans-6.9.1-201007282301/cnd.discovery/src/org/netbeans/modules/cnd/discovery/wizard/SelectProviderPanel.java,57,67
24647708_1.java,1,10,netbeans-6.9.1-201007282301/form/test/qa-functional/src/org/netbeans/qa/form/VisualDevelopmentUtil.java,16,25
22902269_0.java,9,19,netbeans-6.9.1-201007282301/javacard.project/src/org/netbeans/modules/javacard/project/customizer/WebProjectProperties.java,121,131
13724811_0.java,17,26,netbeans-6.9.1-201007282301/dlight.perfan/src/org/netbeans/modules/dlight/perfan/util/TasksCachedProcessor.java,29,39
12023209_0.java,55,66,netbeans-6.9.1-201007282301/cnd.utils/src/org/netbeans/modules/cnd/utils/cache/WeakSharedSet.java,40,51
13824658_2.java,79,88,netbeans-6.9.1-201007282301/vmd.midpnb/src/org/netbeans/modules/vmd/midpnb/propertyeditors/SVGFormEditorElement.java,639,649
13824658_2.java,79,88,netbeans-6.9.1-201007282301/identity.server.manager/src/org/netbeans/modules/identity/server/manager/ui/ProfileEditorPanel.java,349,359
13824658_2.java,79,88,netbeans-6.9.1-201007282301/form/test/unit/src/org/netbeans/modules/form/layoutdesign/ALT_Bug124689.java,56,66
25414160_0.java,1,11,netbeans-6.9.1-201007282301/vmd.midpnb/src/org/netbeans/modules/vmd/midpnb/propertyeditors/SVGFormEditorElement.java,639,649
25414160_0.java,1,11,netbeans-6.9.1-201007282301/identity.server.manager/src/org/netbeans/modules/identity/server/manager/ui/ProfileEditorPanel.java,349,359
25414160_0.java,1,11,netbeans-6.9.1-201007282301/websvc.wsitconf/src/org/netbeans/modules/websvc/wsitconf/ui/service/subpanels/TargetsPanel.java,98,108
25414160_0.java,1,11,netbeans-6.9.1-201007282301/form/test/unit/src/org/netbeans/modules/form/layoutdesign/ALT_Bug124689.java,56,66
25414160_0.java,1,11,netbeans-6.9.1-201007282301/java.source/src/org/netbeans/modules/java/ui/FmtImports.java,63,73
13678077_0.java,39,48,netbeans-6.9.1-201007282301/tasklist.todo/src/org/netbeans/modules/tasklist/todo/settings/ToDoCustomizer.java,90,100
6951800_0.java,2,13,netbeans-6.9.1-201007282301/javahelp/src/org/netbeans/modules/javahelp/BrowserDisplayer.java,249,260
8869781_0.java,31,41,netbeans-6.9.1-201007282301/j2ee.sun.ddui/src/org/netbeans/modules/j2ee/sun/validation/util/Utils.java,76,86
19856538_0.java,22,31,netbeans-6.9.1-201007282301/cnd.antlr/src/org/netbeans/modules/cnd/antlr/actions/java/ActionLexer.java,2363,2372
19856538_0.java,22,31,netbeans-6.9.1-201007282301/cnd.antlr/src/org/netbeans/modules/cnd/antlr/actions/java/ActionLexer.java,2126,2135
19856538_0.java,22,31,netbeans-6.9.1-201007282301/cnd.antlr/src/org/netbeans/modules/cnd/antlr/preprocessor/PreprocessorLexer.java,1252,1261
19856538_0.java,22,31,netbeans-6.9.1-201007282301/cnd.antlr/src/org/netbeans/modules/cnd/antlr/actions/java/ActionLexer.java,1901,1910
19856538_0.java,22,31,netbeans-6.9.1-201007282301/cnd.antlr/src/org/netbeans/modules/cnd/antlr/actions/java/ActionLexer.java,1766,1775
19856538_0.java,22,31,netbeans-6.9.1-201007282301/java.lexer/src/org/netbeans/lib/java/lexer/JavaLexer.java,265,274
19856538_0.java,22,31,netbeans-6.9.1-201007282301/cnd.script/src/org/netbeans/modules/cnd/script/lexer/BatLexer.java,128,137
19856538_0.java,22,31,netbeans-6.9.1-201007282301/java.lexer/src/org/netbeans/lib/java/lexer/JavaLexer.java,918,927
19856538_0.java,22,31,netbeans-6.9.1-201007282301/cnd.antlr/src/org/netbeans/modules/cnd/antlr/actions/java/ActionLexer.java,2535,2544
19856538_0.java,22,31,netbeans-6.9.1-201007282301/cnd.antlr/src/org/netbeans/modules/cnd/antlr/actions/java/ActionLexer.java,1427,1436
19856538_0.java,22,31,netbeans-6.9.1-201007282301/ruby/src/org/netbeans/modules/ruby/lexer/RubyStringLexer.java,44,53
19856538_0.java,22,31,netbeans-6.9.1-201007282301/lexer/src/org/netbeans/lib/lexer/UnicodeEscapesPreprocessor.java,14,23
19856538_0.java,22,31,netbeans-6.9.1-201007282301/lexer/demo/src/org/netbeans/modules/lexer/demo/antlr/CalcScanner.java,97,106
19856538_0.java,22,31,netbeans-6.9.1-201007282301/options.editor/src/org/netbeans/modules/options/colors/AllLanguagesLexer.java,64,73
19856538_0.java,22,31,netbeans-6.9.1-201007282301/cnd.lexer/src/org/netbeans/modules/cnd/lexer/CndLexer.java,271,280
19856538_0.java,22,31,netbeans-6.9.1-201007282301/cnd.antlr/src/org/netbeans/modules/cnd/antlr/actions/java/ActionLexer.java,937,946
19856538_0.java,22,31,netbeans-6.9.1-201007282301/lexer/demo/src/org/netbeans/modules/lexer/demo/antlr/CalcScanner.java,315,324
19856538_0.java,22,31,netbeans-6.9.1-201007282301/cnd.antlr/src/org/netbeans/modules/cnd/antlr/ANTLRTokdefLexer.java,493,502
19856538_0.java,22,31,netbeans-6.9.1-201007282301/cnd.antlr/src/org/netbeans/modules/cnd/antlr/ANTLRLexer.java,232,241
19856538_0.java,22,31,netbeans-6.9.1-201007282301/cnd.antlr/src/org/netbeans/modules/cnd/antlr/ANTLRTokdefLexer.java,135,144
19856538_0.java,22,31,netbeans-6.9.1-201007282301/cnd.antlr/src/org/netbeans/modules/cnd/antlr/ANTLRLexer.java,1376,1385
19856538_0.java,22,31,netbeans-6.9.1-201007282301/cnd.antlr/src/org/netbeans/modules/cnd/antlr/ANTLRLexer.java,1238,1247
19856538_0.java,22,31,netbeans-6.9.1-201007282301/cnd.antlr/src/org/netbeans/modules/cnd/antlr/ANTLRTokdefLexer.java,671,680
19856538_0.java,22,31,netbeans-6.9.1-201007282301/cnd.antlr/src/org/netbeans/modules/cnd/antlr/preprocessor/PreprocessorLexer.java,970,979
19856538_0.java,22,31,netbeans-6.9.1-201007282301/cnd.antlr/src/org/netbeans/modules/cnd/antlr/actions/java/ActionLexer.java,1681,1690
19856538_0.java,22,31,netbeans-6.9.1-201007282301/cnd.antlr/src/org/netbeans/modules/cnd/antlr/actions/java/ActionLexer.java,1286,1295
19856538_0.java,22,31,netbeans-6.9.1-201007282301/cnd.antlr/src/org/netbeans/modules/cnd/antlr/actions/java/ActionLexer.java,1166,1175
19856538_0.java,22,31,netbeans-6.9.1-201007282301/cnd.modelimpl/src/org/netbeans/modules/cnd/modelimpl/repository/OffsetableKey.java,36,45
19856538_0.java,22,31,netbeans-6.9.1-201007282301/o.jruby/patched_files/org/jruby/nb/lexer/yacc/RubyYaccLexer.java,1741,1750
19856538_0.java,22,31,netbeans-6.9.1-201007282301/cnd.antlr/src/org/netbeans/modules/cnd/antlr/ANTLRLexer.java,936,945
19856538_0.java,22,31,netbeans-6.9.1-201007282301/cnd.lexer/src/org/netbeans/modules/cnd/lexer/CppStringLexer.java,102,111
23397256_0.java,70,79,netbeans-6.9.1-201007282301/dlight.visualizers/src/org/netbeans/modules/dlight/visualizers/CallStackTopComponent.java,29,38
23397256_0.java,70,79,netbeans-6.9.1-201007282301/dlight.visualizers/src/org/netbeans/modules/dlight/visualizers/ThreadMapTopComponent.java,32,41
18202284_0.java,2,11,netbeans-6.9.1-201007282301/dlight.visualizers/src/org/netbeans/modules/dlight/visualizers/CallStackTopComponent.java,29,38
18202284_0.java,2,11,netbeans-6.9.1-201007282301/dlight.visualizers/src/org/netbeans/modules/dlight/visualizers/ThreadMapTopComponent.java,32,41
13561675_0.java,91,103,netbeans-6.9.1-201007282301/cnd.makeproject/src/org/netbeans/modules/cnd/makeproject/ui/wizards/SourceFilesPanel.java,43,55
13561675_0.java,91,103,netbeans-6.9.1-201007282301/cnd.discovery/src/org/netbeans/modules/cnd/discovery/wizard/ProviderControl.java,200,212
13561675_0.java,91,103,netbeans-6.9.1-201007282301/cnd.discovery/src/org/netbeans/modules/cnd/discovery/wizard/SelectProviderPanel.java,57,69
13824658_2.java,91,102,netbeans-6.9.1-201007282301/db.dataview/src/org/netbeans/modules/db/dataview/output/ShowSQLDialog.java,46,57
23300658_2.java,16,27,netbeans-6.9.1-201007282301/db.dataview/src/org/netbeans/modules/db/dataview/output/ShowSQLDialog.java,46,57
21913079_0.java,65,77,netbeans-6.9.1-201007282301/websvc.metro.samples/samples_src/CalculatorClientApp/src/java/org/me/calculator/client/ClientServlet.java,33,45
21913079_0.java,65,77,netbeans-6.9.1-201007282301/websvc.metro.samples/samples_src/SecureCalculatorClientApp/src/java/org/me/calculator/client/ClientServlet.java,40,52
12761245_0.java,47,59,netbeans-6.9.1-201007282301/websvc.metro.samples/samples_src/CalculatorClientApp/src/java/org/me/calculator/client/ClientServlet.java,33,45
12761245_0.java,47,59,netbeans-6.9.1-201007282301/websvc.metro.samples/samples_src/SecureCalculatorClientApp/src/java/org/me/calculator/client/ClientServlet.java,40,52
24640067_0.java,33,45,netbeans-6.9.1-201007282301/websvc.metro.samples/samples_src/CalculatorClientApp/src/java/org/me/calculator/client/ClientServlet.java,33,45
24640067_0.java,33,45,netbeans-6.9.1-201007282301/websvc.metro.samples/samples_src/SecureCalculatorClientApp/src/java/org/me/calculator/client/ClientServlet.java,40,52
14806326_1.java,28,40,netbeans-6.9.1-201007282301/websvc.metro.samples/samples_src/CalculatorClientApp/src/java/org/me/calculator/client/ClientServlet.java,33,45
14806326_1.java,28,40,netbeans-6.9.1-201007282301/websvc.metro.samples/samples_src/SecureCalculatorClientApp/src/java/org/me/calculator/client/ClientServlet.java,40,52
13311280_0.java,76,86,netbeans-6.9.1-201007282301/form/test/qa-functional/data/SampleDesktopApplication/src/sampledesktopapplication/SampleDesktopView.java,80,90
12377779_0.java,6,16,netbeans-6.9.1-201007282301/kenai.ui/src/org/netbeans/modules/kenai/ui/treelist/TreeList.java,130,140
18202284_0.java,1,11,netbeans-6.9.1-201007282301/dlight.visualizers/src/org/netbeans/modules/dlight/visualizers/ThreadMapTopComponent.java,31,41
18202284_0.java,1,11,netbeans-6.9.1-201007282301/dlight.visualizers/src/org/netbeans/modules/dlight/visualizers/CallStackTopComponent.java,28,38
10315932_0.java,1,11,netbeans-6.9.1-201007282301/openide.explorer/src/org/openide/explorer/view/OutlineView.java,934,944
13824658_2.java,79,89,netbeans-6.9.1-201007282301/java.source/src/org/netbeans/modules/java/ui/FmtImports.java,63,74
13824658_2.java,79,89,netbeans-6.9.1-201007282301/form/test/unit/src/org/netbeans/modules/form/layoutdesign/ALT_Bug124689.java,56,67
13824658_2.java,79,89,netbeans-6.9.1-201007282301/identity.server.manager/src/org/netbeans/modules/identity/server/manager/ui/ProfileEditorPanel.java,349,360
13824658_2.java,79,89,netbeans-6.9.1-201007282301/vmd.midpnb/src/org/netbeans/modules/vmd/midpnb/propertyeditors/SVGFormEditorElement.java,639,650
14826148_3.java,10,26,netbeans-6.9.1-201007282301/welcome/src/org/netbeans/modules/welcome/content/RSSFeed.java,501,517
13524878_0.java,1,15,netbeans-6.9.1-201007282301/java.source/test/unit/data/jdk/JTable.java,1469,1483
25150803_0.java,35,48,netbeans-6.9.1-201007282301/java.navigation/src/org/netbeans/modules/java/stackanalyzer/AnalyserCellRenderer.java,29,42
13311280_0.java,214,225,netbeans-6.9.1-201007282301/swingapp/appshells/BasicShellApp/src/applicationpackage/ShellView.java,80,91
13311280_0.java,214,225,netbeans-6.9.1-201007282301/form/test/qa-functional/data/SampleDesktopApplication/src/sampledesktopapplication/SampleDesktopView.java,151,162
14806326_1.java,24,40,netbeans-6.9.1-201007282301/websvc.metro.samples/samples_src/CalculatorClientApp/src/java/org/me/calculator/client/ClientServlet.java,29,45
14806326_1.java,24,40,netbeans-6.9.1-201007282301/websvc.metro.samples/samples_src/SecureCalculatorClientApp/src/java/org/me/calculator/client/ClientServlet.java,36,52
22585813_0.java,1,15,netbeans-6.9.1-201007282301/o.mozilla.rhino.patched/patched_files/org/mozilla/nb/javascript/ScriptRuntime.java,774,788
6691268_0.java,1,15,netbeans-6.9.1-201007282301/debugger.jpda/src/org/netbeans/modules/debugger/jpda/expr/InvocationExceptionTranslated.java,172,186
1368041_0.java,17,33,netbeans-6.9.1-201007282301/kenai/src/org/codeviation/pojson/JsonUtils.java,59,71
23473251_1.java,73,86,netbeans-6.9.1-201007282301/form/test/qa-functional/data/SampleProject/src/org/netbeans/test/editor/formatting/testAdvancedIndentation.java,68,81
17780636_0.java,12,30,netbeans-6.9.1-201007282301/o.n.swing.outline/src/org/netbeans/swing/etable/ETableTransferHandler.java,12,30
13311280_0.java,187,205,netbeans-6.9.1-201007282301/form/test/qa-functional/data/SampleDesktopApplication/src/sampledesktopapplication/SampleDesktopView.java,131,149
13311280_0.java,162,181,netbeans-6.9.1-201007282301/form/test/qa-functional/data/SampleDesktopApplication/src/sampledesktopapplication/SampleDesktopView.java,106,125
19856538_0.java,21,50,netbeans-6.9.1-201007282301/mobility.midpexamples/LocalizationDemo/src/l10ndemo/LocalizationSupport.java,189,218
19856538_0.java,21,50,netbeans-6.9.1-201007282301/properties/src/org/netbeans/modules/properties/UtilConvert.java,58,87
13311280_0.java,6,59,netbeans-6.9.1-201007282301/form/test/qa-functional/data/SampleDesktopApplication/src/sampledesktopapplication/SampleDesktopView.java,17,70
13311280_0.java,6,59,netbeans-6.9.1-201007282301/java.examples/MarsRoverViewer/src/marsroverviewer/MarsRoverViewerView.java,28,81
24848281_0.java,7,20,openjms-0.7.7-beta-1/openjms-0.7.7-beta-1/modules/jms/src/main/java/org/exolab/jms/authentication/User.java,9,22
19856538_0.java,22,31,pmd-4.2.5/pmd-4.2.5/src/net/sourceforge/pmd/rules/SuspiciousOctalEscape.java,65,74
12593810_0.java,1,11,poi-3.6-20091214/poi-3.6/src/ooxml/java/org/apache/poi/ss/usermodel/WorkbookFactory.java,18,28
8584917_0.java,1,10,poi-3.6-20091214/poi-3.6/src/ooxml/java/org/apache/poi/xssf/usermodel/XSSFCell.java,229,238
18201985_0.java,1,11,poi-3.6-20091214/poi-3.6/src/examples/src/org/apache/poi/xssf/usermodel/examples/CalendarDemo.java,9,19
18201985_0.java,1,11,poi-3.6-20091214/poi-3.6/src/examples/src/org/apache/poi/ss/examples/CalendarDemo.java,11,21
19856538_0.java,22,31,poi-3.6-20091214/poi-3.6/src/java/org/apache/poi/util/HexRead.java,70,79
18201985_0.java,1,26,poi-3.6-20091214/poi-3.6/src/examples/src/org/apache/poi/ss/examples/CalendarDemo.java,11,36
15705710_0.java,13,23,pooka_080505/net/suberic/util/gui/propedit/SectionedEditorPane.java,155,165
9562517_0.java,6,16,spring-framework-3.0.5/spring-framework-3.0.5.RELEASE/projects/org.springframework.test/src/test/java/org/springframework/test/util/subpackage/Person.java,9,19
9562517_1.java,5,15,spring-framework-3.0.5/spring-framework-3.0.5.RELEASE/projects/org.springframework.test/src/test/java/org/springframework/test/util/subpackage/Person.java,9,19
7968632_1.java,1,11,spring-framework-3.0.5/spring-framework-3.0.5.RELEASE/projects/org.springframework.web.servlet/src/main/java/org/springframework/web/servlet/tags/form/ValueFormatter.java,11,21
20913543_1.java,4,14,spring-framework-3.0.5/spring-framework-3.0.5.RELEASE/projects/org.springframework.beans/src/main/java/org/springframework/beans/factory/support/AutowireUtils.java,32,42
21913079_0.java,65,75,spring-framework-3.0.5/spring-framework-3.0.5.RELEASE/projects/org.springframework.web.servlet/src/main/java/org/springframework/web/servlet/FrameworkServlet.java,201,211
14806326_1.java,28,38,spring-framework-3.0.5/spring-framework-3.0.5.RELEASE/projects/org.springframework.web.servlet/src/main/java/org/springframework/web/servlet/FrameworkServlet.java,201,211
12761245_0.java,47,57,spring-framework-3.0.5/spring-framework-3.0.5.RELEASE/projects/org.springframework.web.servlet/src/main/java/org/springframework/web/servlet/FrameworkServlet.java,201,211
24640067_0.java,33,43,spring-framework-3.0.5/spring-framework-3.0.5.RELEASE/projects/org.springframework.web.servlet/src/main/java/org/springframework/web/servlet/FrameworkServlet.java,201,211
17698380_0.java,47,59,spring-framework-3.0.5/spring-framework-3.0.5.RELEASE/projects/org.springframework.web.servlet/src/main/java/org/springframework/web/servlet/tags/Param.java,3,15
5883717_1.java,2,14,spring-framework-3.0.5/spring-framework-3.0.5.RELEASE/projects/org.springframework.web.servlet/src/main/java/org/springframework/web/servlet/tags/Param.java,3,15
6082389_0.java,14,26,spring-framework-3.0.5/spring-framework-3.0.5.RELEASE/projects/org.springframework.web.servlet/src/main/java/org/springframework/web/servlet/tags/Param.java,3,15
19856538_0.java,22,31,spring-framework-3.0.5/spring-framework-3.0.5.RELEASE/projects/org.springframework.expression/src/main/java/org/springframework/expression/spel/standard/Tokenizer.java,135,144
3758110_0.java,5,19,spring-framework-3.0.5/spring-framework-3.0.5.RELEASE/projects/org.springframework.web.servlet/src/main/java/org/springframework/web/servlet/mvc/annotation/DefaultAnnotationHandlerMapping.java,78,92
20615360_0.java,1,12,spring-framework-3.0.5/spring-framework-3.0.5.RELEASE/projects/org.springframework.aop/src/main/java/org/springframework/aop/interceptor/ExposeBeanNameAdvisors.java,32,43
16206651_1.java,2,14,spring-framework-3.0.5/spring-framework-3.0.5.RELEASE/projects/org.springframework.transaction/src/test/java/org/springframework/transaction/annotation/AnnotationTransactionAttributeSourceTests.java,381,393
16206651_0.java,2,14,spring-framework-3.0.5/spring-framework-3.0.5.RELEASE/projects/org.springframework.transaction/src/test/java/org/springframework/transaction/annotation/AnnotationTransactionAttributeSourceTests.java,381,393
23419554_0.java,27,39,spring-framework-3.0.5/spring-framework-3.0.5.RELEASE/projects/org.springframework.transaction/src/test/java/org/springframework/transaction/annotation/AnnotationTransactionAttributeSourceTests.java,381,393
22608959_0.java,2,14,spring-framework-3.0.5/spring-framework-3.0.5.RELEASE/projects/org.springframework.transaction/src/test/java/org/springframework/transaction/annotation/AnnotationTransactionAttributeSourceTests.java,381,393
22233192_1.java,4,16,spring-framework-3.0.5/spring-framework-3.0.5.RELEASE/projects/org.springframework.transaction/src/test/java/org/springframework/transaction/annotation/AnnotationTransactionAttributeSourceTests.java,381,393
21787713_0.java,1,11,spring-framework-3.0.5/spring-framework-3.0.5.RELEASE/projects/org.springframework.web.servlet/src/main/java/org/springframework/web/servlet/DispatcherServlet.java,119,129
3751463_0.java,1,11,spring-framework-3.0.5/spring-framework-3.0.5.RELEASE/projects/org.springframework.context/src/main/java/org/springframework/scheduling/config/ScheduledTasksBeanDefinitionParser.java,42,52
17698380_0.java,47,62,spring-framework-3.0.5/spring-framework-3.0.5.RELEASE/projects/org.springframework.web.servlet/src/main/java/org/springframework/web/servlet/tags/Param.java,3,18
6149818_0.java,3,14,spring-framework-3.0.5/spring-framework-3.0.5.RELEASE/projects/org.springframework.core/src/main/java/org/springframework/util/DefaultPropertiesPersister.java,69,80
20996373_0.java,1,15,spring-framework-3.0.5/spring-framework-3.0.5.RELEASE/projects/org.springframework.web/src/test/java/org/springframework/mock/web/DelegatingServletInputStream.java,6,20
20996373_0.java,1,15,spring-framework-3.0.5/spring-framework-3.0.5.RELEASE/projects/org.springframework.test/src/main/java/org/springframework/mock/web/DelegatingServletInputStream.java,6,20
20996373_0.java,1,15,spring-framework-3.0.5/spring-framework-3.0.5.RELEASE/projects/org.springframework.web.servlet/src/test/java/org/springframework/mock/web/DelegatingServletInputStream.java,6,20
4781746_0.java,1,13,spring-framework-3.0.5/spring-framework-3.0.5.RELEASE/projects/org.springframework.web.servlet/src/main/java/org/springframework/web/servlet/DispatcherServlet.java,91,103
10924700_0.java,1,17,spring-framework-3.0.5/spring-framework-3.0.5.RELEASE/projects/org.springframework.oxm/src/main/java/org/springframework/oxm/jaxb/Jaxb2Marshaller.java,253,269
18209411_3.java,3,20,spring-framework-3.0.5/spring-framework-3.0.5.RELEASE/projects/org.springframework.context/src/test/java/org/springframework/context/annotation/AnnotationConfigApplicationContextTests.java,192,209
20421869_2.java,22,51,spring-framework-3.0.5/spring-framework-3.0.5.RELEASE/projects/org.springframework.context/src/main/java/org/springframework/context/annotation/ClassPathScanningCandidateComponentProvider.java,90,119
18623736_0.java,1,39,spring-framework-3.0.5/spring-framework-3.0.5.RELEASE/projects/org.springframework.beans/src/main/java/org/springframework/beans/propertyeditors/CustomCollectionEditor.java,33,71
20681509_0.java,2,14,squirrel_sql/squirrel_sql-3.1.2/src/src/net/sourceforge/squirrel_sql/plugins/graph/xmlbeans/FoldingPointXmlBean.java,3,15
23423905_0.java,26,35,struts2-2.2.1-all/struts-2.2.1/src/apps/rest-showcase/src/main/java/org/apache/struts2/rest/example/Order.java,61,70
10289462_0.java,33,45,struts2-2.2.1-all/struts-2.2.1/src/plugins/embeddedjsp/src/main/java/org/apache/struts2/jasper/runtime/JspRuntimeLibrary.java,285,297
18013191_1.java,3,14,struts2-2.2.1-all/struts-2.2.1/src/apps/portlet/src/main/java/org/apache/struts2/portlet/example/model/Name.java,4,15
18013191_1.java,3,14,struts2-2.2.1-all/struts-2.2.1/src/plugins/oval/src/test/java/org/apache/struts2/oval/interceptor/SimpleFieldsXML.java,8,19
18013191_1.java,3,14,struts2-2.2.1-all/struts-2.2.1/src/xwork-core/src/test/java/com/opensymphony/xwork2/test/annotations/Person.java,4,15
3865391_0.java,6,17,struts2-2.2.1-all/struts-2.2.1/src/apps/portlet/src/main/java/org/apache/struts2/portlet/example/model/Name.java,4,15
3865391_0.java,6,17,struts2-2.2.1-all/struts-2.2.1/src/plugins/oval/src/test/java/org/apache/struts2/oval/interceptor/SimpleFieldsXML.java,8,19
3032205_0.java,3,14,struts2-2.2.1-all/struts-2.2.1/src/apps/portlet/src/main/java/org/apache/struts2/portlet/example/model/Name.java,4,15
3032205_0.java,3,14,struts2-2.2.1-all/struts-2.2.1/src/plugins/oval/src/test/java/org/apache/struts2/oval/interceptor/SimpleFieldsXML.java,8,19
3032205_0.java,3,14,struts2-2.2.1-all/struts-2.2.1/src/xwork-core/src/test/java/com/opensymphony/xwork2/test/annotations/Person.java,4,15
19856538_0.java,22,31,struts2-2.2.1-all/struts-2.2.1/src/plugins/json/src/main/java/org/apache/struts2/json/JSONReader.java,184,193
8658036_4.java,18,30,struts2-2.2.1-all/struts-2.2.1/src/xwork-core/src/test/java/com/opensymphony/xwork2/test/annotations/ValidateAnnotatedMethodOnlyAction.java,7,19
15110171_0.java,26,38,struts2-2.2.1-all/struts-2.2.1/src/xwork-core/src/main/java/com/opensymphony/xwork2/validator/validators/StringLengthFieldValidator.java,28,40
19447834_0.java,5,18,struts2-2.2.1-all/struts-2.2.1/src/apps/showcase/src/main/java/org/apache/struts2/showcase/action/ExampleAction.java,38,51
3032205_0.java,2,14,struts2-2.2.1-all/struts-2.2.1/src/apps/portlet/src/main/java/org/apache/struts2/portlet/example/model/Name.java,3,15
3865391_0.java,5,17,struts2-2.2.1-all/struts-2.2.1/src/xwork-core/src/test/java/com/opensymphony/xwork2/test/annotations/Person.java,3,15
3865391_0.java,5,17,struts2-2.2.1-all/struts-2.2.1/src/apps/portlet/src/main/java/org/apache/struts2/portlet/example/model/Name.java,3,15
18013191_1.java,2,14,struts2-2.2.1-all/struts-2.2.1/src/xwork-core/src/test/java/com/opensymphony/xwork2/test/annotations/Person.java,3,15
18013191_1.java,2,14,struts2-2.2.1-all/struts-2.2.1/src/apps/portlet/src/main/java/org/apache/struts2/portlet/example/model/Name.java,3,15
16179971_5.java,4,17,struts2-2.2.1-all/struts-2.2.1/src/xwork-core/src/test/java/com/opensymphony/xwork2/ognl/OgnlValueStackTest.java,677,690
11704369_0.java,3,17,struts2-2.2.1-all/struts-2.2.1/src/apps/showcase/src/main/java/org/apache/struts2/showcase/ajax/Example5Action.java,5,19
3032205_0.java,1,14,struts2-2.2.1-all/struts-2.2.1/src/xwork-core/src/test/java/com/opensymphony/xwork2/test/annotations/Person.java,2,15
14019840_0.java,1,17,struts2-2.2.1-all/struts-2.2.1/src/core/src/main/java/org/apache/struts2/dispatcher/mapper/DefaultActionMapper.java,128,144
10289462_0.java,4,23,struts2-2.2.1-all/struts-2.2.1/src/plugins/embeddedjsp/src/main/java/org/apache/struts2/jasper/runtime/JspRuntimeLibrary.java,255,274
15110171_0.java,2,24,struts2-2.2.1-all/struts-2.2.1/src/xwork-core/src/main/java/com/opensymphony/xwork2/validator/validators/StringLengthFieldValidator.java,4,26
19856538_0.java,22,31,sunflow-src-v0.07.2/sunflow/src/org/sunflow/image/Bitmap.java,38,47
2752455_0.java,1,10,Vuze_4812_source/org/gudy/azureus2/core3/security/impl/SESecurityManagerImpl.java,524,533
2752455_0.java,1,10,Vuze_4812_source/org/gudy/azureus2/core3/security/impl/SESecurityManagerImpl.java,429,438
10165127_0.java,39,48,Vuze_4812_source/com/aelitis/azureus/core/util/http/HTTPAuthHelper.java,275,284
10135259_0.java,1,10,Vuze_4812_source/com/aelitis/azureus/core/util/http/HTTPAuthHelper.java,275,284
10135259_0.java,1,10,Vuze_4812_source/org/gudy/azureus2/core3/security/impl/SESecurityManagerImpl.java,524,533
10135259_0.java,1,10,Vuze_4812_source/org/gudy/azureus2/core3/security/impl/SESecurityManagerImpl.java,429,438
23782959_0.java,1,10,Vuze_4812_source/com/aelitis/azureus/core/util/http/HTTPAuthHelper.java,275,284
23782959_0.java,1,10,Vuze_4812_source/org/gudy/azureus2/core3/security/impl/SESecurityManagerImpl.java,524,533
23782959_0.java,1,10,Vuze_4812_source/org/gudy/azureus2/core3/security/impl/SESecurityManagerImpl.java,429,438
1201102_0.java,1,10,Vuze_4812_source/com/aelitis/azureus/core/util/http/HTTPAuthHelper.java,275,284
1201102_0.java,1,10,Vuze_4812_source/org/gudy/azureus2/core3/security/impl/SESecurityManagerImpl.java,524,533
1201102_0.java,1,10,Vuze_4812_source/org/gudy/azureus2/core3/security/impl/SESecurityManagerImpl.java,429,438
4608146_0.java,1,10,Vuze_4812_source/com/aelitis/azureus/core/util/http/HTTPAuthHelper.java,275,284
4608146_0.java,1,10,Vuze_4812_source/org/gudy/azureus2/core3/security/impl/SESecurityManagerImpl.java,524,533
4608146_0.java,1,10,Vuze_4812_source/org/gudy/azureus2/core3/security/impl/SESecurityManagerImpl.java,429,438
10165127_0.java,39,52,Vuze_4812_source/com/aelitis/azureus/core/util/http/HTTPAuthHelper.java,275,288
10165127_0.java,39,52,Vuze_4812_source/org/gudy/azureus2/core3/security/impl/SESecurityManagerImpl.java,429,442
19856538_0.java,22,31,Vuze_4812_source/org/gudy/azureus2/core3/util/BDecoder.java,252,261
25373489_0.java,47,58,weka-3-7-9/main/java/weka/gui/beans/KnowledgeFlowApp.java,2037,2048
25373489_0.java,26,35,weka-3-7-9/main/java/weka/gui/beans/KnowledgeFlowApp.java,1992,2001
10777586_0.java,1,15,weka-3-7-9/main/java/weka/core/Instances.java,1078,1092
10930216_1.java,1,15,weka-3-7-9/main/java/weka/core/Instances.java,1078,1092
10774468_0.java,42,59,weka-3-7-9/main/java/weka/core/NormalizableDistance.java,177,194
10774468_0.java,42,59,weka-3-7-9/main/java/weka/attributeSelection/ReliefFAttributeEval.java,443,460
10774468_0.java,42,59,weka-3-7-9/main/java/weka/clusterers/FarthestFirst.java,181,198
19856538_0.java,22,31,xerces-J-2.10.0/xerces-2_10_0/src/org/apache/xerces/dom/DOMImplementationSourceImpl.java,47,56