10055548_0.java,49,61,geotools-2/geotools-2.7-M3/modules/library/main/src/main/java/org/geotools/filter/capability/OperatorImpl.java,21,33,AUTO-D,accidentally similar hashCode() and equals(),,
10055548_0.java,49,61,hibernate-release-4/hibernate-release-4.2.2.Final/project/hibernate-core/src/test/java/org/hibernate/test/pagination/Entry.java,35,47,AUTO-D,accidentally similar hashCode() and equals(),,
10055548_0.java,49,61,hibernate-release-4/hibernate-release-4.2.2.Final/project/hibernate-envers/src/test/java/org/hibernate/envers/test/integration/accesstype/Country.java,34,46,AUTO-D,accidentally similar hashCode() and equals(),,
10055548_0.java,49,61,spring-framework-3.0.5/spring-framework-3.0.5.RELEASE/projects/org.springframework.context/src/test/java/org/springframework/context/annotation/AnnotationConfigApplicationContextTests.java,197,209,AUTO-D,accidentally similar hashCode() and equals(),,
10194435_0.java,5,21,eXoPortal-v1/exo/services/organization/impl/src/java/org/exoplatform/services/organization/impl/UserImpl.java,33,49,AUTO-D,similar getters & setters methods,,
12776901_0.java,1,17,hibernate-release-4/hibernate-release-4.2.2.Final/project/hibernate-core/src/test/java/org/hibernate/test/annotations/derivedidentities/bidirectional/Order.java,45,61,AUTO-D,accidentally similar hashCode() and equals(),,
12776901_0.java,1,17,hibernate-release-4/hibernate-release-4.2.2.Final/project/hibernate-core/src/test/java/org/hibernate/test/annotations/derivedidentities/bidirectional/Product.java,29,45,AUTO-D,accidentally similar hashCode() and equals(),,
12776901_0.java,1,17,hibernate-release-4/hibernate-release-4.2.2.Final/project/hibernate-core/src/test/java/org/hibernate/test/annotations/manytoonewithformula/Model.java,14,30,AUTO-D,accidentally similar hashCode() and equals(),,
12776901_0.java,5,17,hibernate-release-4/hibernate-release-4.2.2.Final/project/hibernate-core/src/test/java/org/hibernate/test/annotations/manytoonewithformula/Model.java,18,30,AUTO-D,accidentally similar hashCode() and equals(),,
12776901_0.java,5,17,hibernate-release-4/hibernate-release-4.2.2.Final/project/hibernate-envers/src/test/java/org/hibernate/envers/test/integration/naming/VersionsJoinTableRangeComponentTestEntity.java,76,88,AUTO-D,accidentally similar hashCode() and equals(),,
12776901_0.java,5,17,hibernate-release-4/hibernate-release-4.2.2.Final/project/hibernate-envers/src/test/java/org/hibernate/envers/test/integration/naming/VersionsJoinTableRangeTestEntitySuperClass.java,30,42,AUTO-D,accidentally similar hashCode() and equals(),,
12776901_0.java,5,17,struts2-2.2.1-all/struts-2.2.1/src/apps/rest-showcase/src/main/java/org/apache/struts2/rest/example/Order.java,38,50,AUTO-D,accidentally similar hashCode() and equals(),,
14505129_0.java,42,55,c-jdbc-2/c-jdbc-2.0.2-src/src/org/objectweb/cjdbc/console/views/InfoViewer.java,196,209,AUTO-D,accidentally similar getter,,
14636363_1.java,64,80,apache-roller-4.0.1/apache-roller-src-4.0.1/apps/planet/src/java/org/apache/roller/planet/pojos/StaticTemplate.java,26,42,AUTO-D,similar getters & setters methods,,
14636363_1.java,64,80,apache-roller-4.0.1/apache-roller-src-4.0.1/apps/weblogger/src/java/org/apache/roller/weblogger/business/themes/SharedTheme.java,27,43,AUTO-D,similar getters & setters methods,,
14636363_1.java,64,80,apache-roller-4.0.1/apache-roller-src-4.0.1/apps/weblogger/src/java/org/apache/roller/weblogger/business/themes/SharedThemeTemplate.java,38,54,AUTO-D,similar getters & setters methods,,
14636363_1.java,64,80,apache-roller-4.0.1/apache-roller-src-4.0.1/apps/weblogger/src/java/org/apache/roller/weblogger/pojos/StaticTemplate.java,17,33,AUTO-D,similar getters & setters methods,,
14636363_1.java,64,80,apache-roller-4.0.1/apache-roller-src-4.0.1/apps/weblogger/src/java/org/apache/roller/weblogger/pojos/StaticThemeTemplate.java,25,41,AUTO-D,similar getters & setters methods,,
14636363_1.java,64,80,jag-6/jag-6.1/src/com/finalist/jaggenerator/template/TemplateConfigParameter.java,21,37,AUTO-D,similar getters & setters methods,,
14930413_0.java,11,24,spring-framework-3.0.5/spring-framework-3.0.5.RELEASE/projects/org.springframework.web.servlet/src/main/java/org/springframework/web/servlet/tags/Param.java,5,18,AUTO-D,similar getters & setters methods,,
15649188_0.java,23,39,hibernate-release-4/hibernate-release-4.2.2.Final/project/hibernate-core/src/test/java/org/hibernate/test/component/cascading/toone/Address.java,27,43,AUTO-D,similar getters & setters methods,,
16688737_0.java,13,29,geotools-2/geotools-2.7-M3/modules/library/main/src/main/java/org/geotools/filter/capability/OperatorImpl.java,17,33,AUTO-D,accidentally similar hashCode() and equals(),,
16688737_0.java,13,29,hibernate-release-4/hibernate-release-4.2.2.Final/project/hibernate-core/src/test/java/org/hibernate/test/pagination/Entry.java,31,47,AUTO-D,accidentally similar hashCode() and equals(),,
16688737_0.java,13,29,spring-framework-3.0.5/spring-framework-3.0.5.RELEASE/projects/org.springframework.context/src/test/java/org/springframework/context/annotation/AnnotationConfigApplicationContextTests.java,193,209,AUTO-D,accidentally similar hashCode() and equals(),,
16688737_0.java,17,29,geotools-2/geotools-2.7-M3/modules/library/main/src/main/java/org/geotools/filter/capability/OperatorImpl.java,21,33,AUTO-D,accidentally similar hashCode() and equals(),,
16688737_0.java,17,29,hibernate-release-4/hibernate-release-4.2.2.Final/project/hibernate-core/src/test/java/org/hibernate/test/pagination/Entry.java,35,47,AUTO-D,accidentally similar hashCode() and equals(),,
16688737_0.java,17,29,hibernate-release-4/hibernate-release-4.2.2.Final/project/hibernate-envers/src/test/java/org/hibernate/envers/test/integration/accesstype/Country.java,34,46,AUTO-D,accidentally similar hashCode() and equals(),,
16688737_0.java,17,29,spring-framework-3.0.5/spring-framework-3.0.5.RELEASE/projects/org.springframework.context/src/test/java/org/springframework/context/annotation/AnnotationConfigApplicationContextTests.java,197,209,AUTO-D,accidentally similar hashCode() and equals(),,
17698380_0.java,49,62,spring-framework-3.0.5/spring-framework-3.0.5.RELEASE/projects/org.springframework.web.servlet/src/main/java/org/springframework/web/servlet/tags/Param.java,5,18,AUTO-D,similar getters & setters methods,,
17997605_0.java,6,22,hibernate-release-4/hibernate-release-4.2.2.Final/project/hibernate-envers/src/demo/java/org/hibernate/envers/demo/Person.java,19,35,AUTO-D,accidentally similar getter,,
17997605_0.java,6,22,hibernate-release-4/hibernate-release-4.2.2.Final/project/hibernate-envers/src/test/java/org/hibernate/envers/test/various/Person.java,19,35,AUTO-D,accidentally similar getter,,
18209411_3.java,4,20,geotools-2/geotools-2.7-M3/modules/library/main/src/main/java/org/geotools/filter/capability/OperatorImpl.java,17,33,AUTO-D,accidentally similar hashCode() and equals(),,
18209411_3.java,4,20,hibernate-release-4/hibernate-release-4.2.2.Final/project/hibernate-core/src/test/java/org/hibernate/test/pagination/Entry.java,31,47,AUTO-D,accidentally similar hashCode() and equals(),,
18209411_3.java,4,20,spring-framework-3.0.5/spring-framework-3.0.5.RELEASE/projects/org.springframework.context/src/test/java/org/springframework/context/annotation/AnnotationConfigApplicationContextTests.java,193,209,AUTO-D,accidentally similar hashCode() and equals(),,
18209411_3.java,8,20,geotools-2/geotools-2.7-M3/modules/library/main/src/main/java/org/geotools/filter/capability/OperatorImpl.java,21,33,AUTO-D,accidentally similar hashCode() and equals(),,
18209411_3.java,8,20,hibernate-release-4/hibernate-release-4.2.2.Final/project/hibernate-core/src/test/java/org/hibernate/test/pagination/Entry.java,35,47,AUTO-D,accidentally similar hashCode() and equals(),,
18209411_3.java,8,20,hibernate-release-4/hibernate-release-4.2.2.Final/project/hibernate-envers/src/test/java/org/hibernate/envers/test/integration/accesstype/Country.java,34,46,AUTO-D,accidentally similar hashCode() and equals(),,
18209411_3.java,8,20,spring-framework-3.0.5/spring-framework-3.0.5.RELEASE/projects/org.springframework.context/src/test/java/org/springframework/context/annotation/AnnotationConfigApplicationContextTests.java,197,209,AUTO-D,accidentally similar hashCode() and equals(),,
20755453_0.java,1,17,geotools-2/geotools-2.7-M3/modules/library/main/src/main/java/org/geotools/filter/capability/OperatorImpl.java,17,33,AUTO-D,accidentally similar hashCode() and equals(),,
20755453_0.java,1,17,hibernate-release-4/hibernate-release-4.2.2.Final/project/hibernate-core/src/test/java/org/hibernate/test/pagination/Entry.java,31,47,AUTO-D,accidentally similar hashCode() and equals(),,
20755453_0.java,1,17,spring-framework-3.0.5/spring-framework-3.0.5.RELEASE/projects/org.springframework.context/src/test/java/org/springframework/context/annotation/AnnotationConfigApplicationContextTests.java,193,209,AUTO-D,accidentally similar hashCode() and equals(),,
20755453_0.java,5,17,geotools-2/geotools-2.7-M3/modules/library/main/src/main/java/org/geotools/filter/capability/OperatorImpl.java,21,33,AUTO-D,accidentally similar hashCode() and equals(),,
20755453_0.java,5,17,hibernate-release-4/hibernate-release-4.2.2.Final/project/hibernate-core/src/test/java/org/hibernate/test/pagination/Entry.java,35,47,AUTO-D,accidentally similar hashCode() and equals(),,
20755453_0.java,5,17,hibernate-release-4/hibernate-release-4.2.2.Final/project/hibernate-envers/src/test/java/org/hibernate/envers/test/integration/accesstype/Country.java,34,46,AUTO-D,accidentally similar hashCode() and equals(),,
20755453_0.java,5,17,spring-framework-3.0.5/spring-framework-3.0.5.RELEASE/projects/org.springframework.context/src/test/java/org/springframework/context/annotation/AnnotationConfigApplicationContextTests.java,197,209,AUTO-D,accidentally similar hashCode() and equals(),,
24330611_0.java,74,86,geotools-2/geotools-2.7-M3/modules/library/main/src/main/java/org/geotools/filter/capability/OperatorImpl.java,21,33,AUTO-D,accidentally similar hashCode() and equals(),,
24330611_0.java,74,86,hibernate-release-4/hibernate-release-4.2.2.Final/project/hibernate-core/src/test/java/org/hibernate/test/pagination/Entry.java,35,47,AUTO-D,accidentally similar hashCode() and equals(),,
24330611_0.java,74,86,hibernate-release-4/hibernate-release-4.2.2.Final/project/hibernate-envers/src/test/java/org/hibernate/envers/test/integration/accesstype/Country.java,34,46,AUTO-D,accidentally similar hashCode() and equals(),,
24330611_0.java,74,86,spring-framework-3.0.5/spring-framework-3.0.5.RELEASE/projects/org.springframework.context/src/test/java/org/springframework/context/annotation/AnnotationConfigApplicationContextTests.java,197,209,AUTO-D,accidentally similar hashCode() and equals(),,
24781239_0.java,81,97,apache-roller-4.0.1/apache-roller-src-4.0.1/apps/weblogger/src/java/org/apache/roller/weblogger/ui/struts2/editor/EntryBean.java,101,117,AUTO-D,accidentally similar getter,,
25386510_0.java,1,17,geotools-2/geotools-2.7-M3/modules/library/main/src/main/java/org/geotools/filter/capability/OperatorImpl.java,17,33,AUTO-D,accidentally similar hashCode() and equals(),,
25386510_0.java,1,17,hibernate-release-4/hibernate-release-4.2.2.Final/project/hibernate-core/src/test/java/org/hibernate/test/pagination/Entry.java,31,47,AUTO-D,accidentally similar hashCode() and equals(),,
25386510_0.java,1,17,spring-framework-3.0.5/spring-framework-3.0.5.RELEASE/projects/org.springframework.context/src/test/java/org/springframework/context/annotation/AnnotationConfigApplicationContextTests.java,193,209,AUTO-D,accidentally similar hashCode() and equals(),,
25386510_0.java,5,17,geotools-2/geotools-2.7-M3/modules/library/main/src/main/java/org/geotools/filter/capability/OperatorImpl.java,21,33,AUTO-D,accidentally similar hashCode() and equals(),,
25386510_0.java,5,17,hibernate-release-4/hibernate-release-4.2.2.Final/project/hibernate-core/src/test/java/org/hibernate/test/pagination/Entry.java,35,47,AUTO-D,accidentally similar hashCode() and equals(),,
25386510_0.java,5,17,hibernate-release-4/hibernate-release-4.2.2.Final/project/hibernate-envers/src/test/java/org/hibernate/envers/test/integration/accesstype/Country.java,34,46,AUTO-D,accidentally similar hashCode() and equals(),,
25386510_0.java,5,17,spring-framework-3.0.5/spring-framework-3.0.5.RELEASE/projects/org.springframework.context/src/test/java/org/springframework/context/annotation/AnnotationConfigApplicationContextTests.java,197,209,AUTO-D,accidentally similar hashCode() and equals(),,
25763458_0.java,1,18,hibernate-release-4/hibernate-release-4.2.2.Final/project/hibernate-core/src/test/java/org/hibernate/test/querycache/CompositeKey.java,15,32,AUTO-D,accidentally similar hashCode() and equals(),,
3357300_0.java,3,16,tapestry-src-5.1.0.5/tapestry-core/src/main/java/org/apache/tapestry5/internal/util/MultiKey.java,11,24,AUTO-D,accidentally similar hashCode() and equals(),,
3664108_0.java,7,23,hibernate-release-4/hibernate-release-4.2.2.Final/project/hibernate-core/src/test/java/org/hibernate/test/annotations/fetchprofile/Customer.java,55,71,AUTO-D,accidentally similar getter,,
3664108_0.java,7,23,hibernate-release-4/hibernate-release-4.2.2.Final/project/hibernate-core/src/test/java/org/hibernate/test/annotations/fetchprofile/Customer2.java,27,43,AUTO-D,accidentally similar getter,,
3664108_0.java,7,23,hibernate-release-4/hibernate-release-4.2.2.Final/project/hibernate-core/src/test/java/org/hibernate/test/annotations/fetchprofile/Customer3.java,27,43,AUTO-D,accidentally similar getter,,
3664108_0.java,7,23,hibernate-release-4/hibernate-release-4.2.2.Final/project/hibernate-core/src/test/java/org/hibernate/test/annotations/fetchprofile/Customer4.java,27,43,AUTO-D,accidentally similar getter,,
3664108_0.java,7,23,hibernate-release-4/hibernate-release-4.2.2.Final/project/hibernate-core/src/test/java/org/hibernate/test/annotations/fetchprofile/Customer5.java,27,43,AUTO-D,accidentally similar getter,,
4207100_2.java,14,30,hibernate-release-4/hibernate-release-4.2.2.Final/project/hibernate-core/src/test/java/org/hibernate/test/annotations/derivedidentities/bidirectional/Order.java,45,61,AUTO-D,accidentally similar hashCode() and equals(),,
4207100_2.java,14,30,hibernate-release-4/hibernate-release-4.2.2.Final/project/hibernate-core/src/test/java/org/hibernate/test/annotations/derivedidentities/bidirectional/Product.java,29,45,AUTO-D,accidentally similar hashCode() and equals(),,
4207100_2.java,14,30,hibernate-release-4/hibernate-release-4.2.2.Final/project/hibernate-core/src/test/java/org/hibernate/test/annotations/manytoonewithformula/Model.java,14,30,AUTO-D,accidentally similar hashCode() and equals(),,
4207100_2.java,18,30,hibernate-release-4/hibernate-release-4.2.2.Final/project/hibernate-core/src/test/java/org/hibernate/test/annotations/manytoonewithformula/Model.java,18,30,AUTO-D,accidentally similar hashCode() and equals(),,
4207100_2.java,18,30,hibernate-release-4/hibernate-release-4.2.2.Final/project/hibernate-envers/src/test/java/org/hibernate/envers/test/integration/naming/VersionsJoinTableRangeComponentTestEntity.java,76,88,AUTO-D,accidentally similar hashCode() and equals(),,
4207100_2.java,18,30,hibernate-release-4/hibernate-release-4.2.2.Final/project/hibernate-envers/src/test/java/org/hibernate/envers/test/integration/naming/VersionsJoinTableRangeTestEntitySuperClass.java,30,42,AUTO-D,accidentally similar hashCode() and equals(),,
4207100_2.java,18,30,struts2-2.2.1-all/struts-2.2.1/src/apps/rest-showcase/src/main/java/org/apache/struts2/rest/example/Order.java,38,50,AUTO-D,accidentally similar hashCode() and equals(),,
4207100_3.java,19,35,hibernate-release-4/hibernate-release-4.2.2.Final/project/hibernate-core/src/test/java/org/hibernate/test/annotations/derivedidentities/bidirectional/Order.java,45,61,AUTO-D,accidentally similar hashCode() and equals(),,
4207100_3.java,19,35,hibernate-release-4/hibernate-release-4.2.2.Final/project/hibernate-core/src/test/java/org/hibernate/test/annotations/derivedidentities/bidirectional/Product.java,29,45,AUTO-D,accidentally similar hashCode() and equals(),,
4207100_3.java,19,35,hibernate-release-4/hibernate-release-4.2.2.Final/project/hibernate-core/src/test/java/org/hibernate/test/annotations/manytoonewithformula/Model.java,14,30,AUTO-D,accidentally similar hashCode() and equals(),,
4207100_3.java,23,35,hibernate-release-4/hibernate-release-4.2.2.Final/project/hibernate-core/src/test/java/org/hibernate/test/annotations/manytoonewithformula/Model.java,18,30,AUTO-D,accidentally similar hashCode() and equals(),,
4207100_3.java,23,35,hibernate-release-4/hibernate-release-4.2.2.Final/project/hibernate-envers/src/test/java/org/hibernate/envers/test/integration/naming/VersionsJoinTableRangeComponentTestEntity.java,76,88,AUTO-D,accidentally similar hashCode() and equals(),,
4207100_3.java,23,35,hibernate-release-4/hibernate-release-4.2.2.Final/project/hibernate-envers/src/test/java/org/hibernate/envers/test/integration/naming/VersionsJoinTableRangeTestEntitySuperClass.java,30,42,AUTO-D,accidentally similar hashCode() and equals(),,
4207100_3.java,23,35,struts2-2.2.1-all/struts-2.2.1/src/apps/rest-showcase/src/main/java/org/apache/struts2/rest/example/Order.java,38,50,AUTO-D,accidentally similar hashCode() and equals(),,
4377130_0.java,13,28,struts2-2.2.1-all/struts-2.2.1/src/xwork-core/src/test/java/com/opensymphony/xwork2/ognl/OgnlValueStackTest.java,684,699,AUTO-D,similar getters & setters methods,,
4498118_0.java,38,58,netbeans-6.9.1-201007282301/mobility.midpexamples/LocalizationDemo/src/l10ndemo/LocalizationVisualMIDlet.java,102,122,AUTO-D,accidentally similar getter,,
4498118_0.java,38,58,netbeans-6.9.1-201007282301/mobility.midpexamples/VDCustomComponents/src/filebrowserexample/FileBrowserExample.java,105,125,AUTO-D,accidentally similar getter,,
4498118_0.java,38,58,netbeans-6.9.1-201007282301/mobility.midpexamples/VDCustomComponents/src/loginscreenexample/LoginScreenExample.java,132,152,AUTO-D,accidentally similar getter,EX-E,boiler code that needs to be written when Midlet class is extended
4498118_0.java,38,58,netbeans-6.9.1-201007282301/mobility.midpexamples/VDCustomComponents/src/pimbrowserexample/PIMBrowserExample.java,75,95,AUTO-D,accidentally similar getter,,
4498118_0.java,38,58,netbeans-6.9.1-201007282301/mobility.midpexamples/VDCustomComponents/src/smscomposerexample/SMSComposerExample.java,117,137,AUTO-D,accidentally similar getter,,
6236324_0.java,304,320,aoisrc281/ArtOfIllusion/src/artofillusion/image/MovieEncoder.java,250,266,AUTO-D,accidentally similar getter,,
6921379_0.java,1,17,hibernate-release-4/hibernate-release-4.2.2.Final/project/hibernate-core/src/test/java/org/hibernate/test/annotations/derivedidentities/bidirectional/Order.java,45,61,AUTO-D,accidentally similar hashCode() and equals(),,
6921379_0.java,1,17,hibernate-release-4/hibernate-release-4.2.2.Final/project/hibernate-core/src/test/java/org/hibernate/test/annotations/derivedidentities/bidirectional/Product.java,29,45,AUTO-D,accidentally similar hashCode() and equals(),,
6921379_0.java,1,17,hibernate-release-4/hibernate-release-4.2.2.Final/project/hibernate-core/src/test/java/org/hibernate/test/annotations/manytoonewithformula/Model.java,14,30,AUTO-D,accidentally similar hashCode() and equals(),,
6921379_0.java,5,17,hibernate-release-4/hibernate-release-4.2.2.Final/project/hibernate-core/src/test/java/org/hibernate/test/annotations/manytoonewithformula/Model.java,18,30,AUTO-D,accidentally similar hashCode() and equals(),,
6921379_0.java,5,17,hibernate-release-4/hibernate-release-4.2.2.Final/project/hibernate-envers/src/test/java/org/hibernate/envers/test/integration/naming/VersionsJoinTableRangeComponentTestEntity.java,76,88,AUTO-D,accidentally similar hashCode() and equals(),,
6921379_0.java,5,17,hibernate-release-4/hibernate-release-4.2.2.Final/project/hibernate-envers/src/test/java/org/hibernate/envers/test/integration/naming/VersionsJoinTableRangeTestEntitySuperClass.java,30,42,AUTO-D,accidentally similar hashCode() and equals(),,
6921379_0.java,5,17,struts2-2.2.1-all/struts-2.2.1/src/apps/rest-showcase/src/main/java/org/apache/struts2/rest/example/Order.java,38,50,AUTO-D,accidentally similar hashCode() and equals(),,
7383847_1.java,36,49,hibernate-release-4/hibernate-release-4.2.2.Final/project/hibernate-core/src/test/java/org/hibernate/test/annotations/derivedidentities/bidirectional/Product.java,34,47,AUTO-D,similar equals() methods,,
7727999_0.java,34,53,jhotdraw-7.5.1/jhotdraw_7.5.1/Source/jhotdraw7/src/main/java/org/jhotdraw/gui/VerticalGridLayout.java,46,65,AUTO-D,accidentally similar getter,,
12936580_0.java,150,187,jfreechart-1/jfreechart-1.0.13/source/org/jfree/chart/renderer/xy/AbstractXYItemRenderer.java,532,569,EX-A,"author asks a question tagging jfreechart""",,
16930707_0.java,27,42,hibernate-release-4/hibernate-release-4.2.2.Final/project/hibernate-envers/src/test/java/org/hibernate/envers/test/integration/basic/RegisterUserEventListenersTest.java,25,40,EX-A,authors says he copied from hibernate,,
19298607_0.java,1,10,hibernate-release-4/hibernate-release-4.2.2.Final/project/hibernate-core/src/main/java/org/hibernate/dialect/Oracle9iDialect.java,23,32,EX-A,"author of questions asks a question for hibernate regarding a certyain extension. Author of answer says he'll need to add some methods to his class""",,
23008293_0.java,1,14,eclipse_SDK/eclipse_SDK-4.3/src/src/org/eclipse/debug/internal/ui/viewers/AsynchronousSchedulingRuleFactory.java,15,28,EX-A,author of answer says the copied from a class and the question has eclipse as a hashtag,,
24330611_0.java,165,177,jung2-2_0_1/jung-samples-2.0.1/edu/uci/ics/jung/samples/L2RTreeLayoutDemo.java,105,117,EX-A,"question is about jung""",,
24330611_0.java,165,177,jung2-2_0_1/jung-samples-2.0.1/edu/uci/ics/jung/samples/VertexCollapseDemo.java,101,113,EX-A,"question is about jung""",,
24330611_0.java,166,177,jung2-2_0_1/jung-samples-2.0.1/edu/uci/ics/jung/samples/VertexCollapseDemoWithLayouts.java,117,128,EX-A,"question is about jung""",,
3788516_0.java,1,12,hibernate-release-4/hibernate-release-4.2.2.Final/project/documentation/src/main/docbook/devguide/en-US/extras/flush_and_clear_session.java,1,12,EX-A,author of answer copies and paste a snippet of code from the hibernate documentation that is both online and in the project sorce code as a .java,,
5660519_0.java,1,10,spring-framework-3.0.5/spring-framework-3.0.5.RELEASE/projects/org.springframework.web.servlet/src/main/java/org/springframework/web/servlet/mvc/annotation/AnnotationMethodHandlerExceptionResolver.java,224,233,EX-A,"author of answer says the example is from a certain class""",,
5708120_0.java,14,42,hadoop-1/hadoop-1.0.0/src/examples/org/apache/hadoop/examples/WordCount.java,15,43,EX-A,author says he copied from hadoop but made a modification to address the question,,
8037824_0.java,22,38,jasperreports-3/jasperreports-3.7.4/src/net/sf/jasperreports/engine/design/JRVerifier.java,982,998,EX-A,author of answer says he copied from JasperReports,,
9549009_0.java,54,70,Vuze_4812_source/org/bouncycastle/crypto/generators/OpenSSLPBEParametersGenerator.java,39,55,EX-A,author of answer explicitly says he copied the code from a qualitas project,,
12427981_1.java,17,32,c-jdbc-2/c-jdbc-2.0.2-src/src/org/objectweb/cjdbc/common/util/LoggingOutputStream.java,36,51,EX-B,"author of answer says he copied from Apache exec""",,
13311280_0.java,214,225,netbeans-6.9.1-201007282301/swingapp/appshells/CRUDShellApp/src/applicationpackage/ShellView.java,258,269,EX-B,"several variable declarations that are equal between classes""",,
19856538_0.java,21,50,eclipse_SDK/eclipse_SDK-4.3/src/src/org/eclipse/pde/internal/ui/nls/StringHelper.java,90,119,EX-B,"author claims he copied from the Properties class in the java API""",,
24680923_0.java,17,41,jstock-1.0.7c/jstock/src/org/yccheok/jstock/alert/GoogleMail.java,18,42,EX-B,"clear clone""",,
19856538_0.java,22,31,netbeans-6.9.1-201007282301/properties/src/org/netbeans/modules/properties/UtilConvert.java,59,68,EX-C,author of answer says he copied from a java API class. Netbean's code is too old to be copied from stackoverflow and too similar to the java API class to be similar for chance ,,
20895609_0.java,7,18,aoisrc281/ArtOfIllusion/src/artofillusion/math/SimplexNoise.java,17,28,EX-C,author of answer copied code from the original Perlin's implementation of the noise. Qualitas code copied from a paper that copied from the original Perlin's code,,
10396359_0.java,1,13,apache-roller-4.0.1/apache-roller-src-4.0.1/tomcat/work/Catalina/localhost/roller/org/apache/jsp/WEB_002dINF/jsps/tiles/css_002dsidebar_jsp.java,20,32,EX-D,auto generated code from jsp by tomcat,,
10396359_0.java,21,33,apache-roller-4.0.1/apache-roller-src-4.0.1/tomcat/work/Catalina/localhost/roller/org/apache/jsp/WEB_002dINF/jsps/core/Login_jsp.java,170,182,EX-D,auto generated code from jsp by tomcat,,
10396359_0.java,21,33,apache-roller-4.0.1/apache-roller-src-4.0.1/tomcat/work/Catalina/localhost/roller/org/apache/jsp/WEB_002dINF/jsps/core/MainMenuSidebar_jsp.java,115,127,EX-D,auto generated code from jsp by tomcat,,
10396359_0.java,21,33,apache-roller-4.0.1/apache-roller-src-4.0.1/tomcat/work/Catalina/localhost/roller/org/apache/jsp/WEB_002dINF/jsps/editor/TemplateEdit_jsp.java,137,149,EX-D,auto generated code from jsp by tomcat,,
10396359_0.java,21,33,apache-roller-4.0.1/apache-roller-src-4.0.1/tomcat/work/Catalina/localhost/roller/org/apache/jsp/WEB_002dINF/jsps/editor/Templates_jsp.java,139,151,EX-D,auto generated code from jsp by tomcat,,
10396359_0.java,21,33,apache-roller-4.0.1/apache-roller-src-4.0.1/tomcat/work/Catalina/localhost/roller/org/apache/jsp/WEB_002dINF/jsps/tiles/empty_jsp.java,40,52,EX-D,auto generated code from jsp by tomcat,,
10396359_0.java,21,33,apache-roller-4.0.1/apache-roller-src-4.0.1/tomcat/work/Catalina/localhost/roller/org/apache/jsp/WEB_002dINF/jsps/tiles/head_jsp.java,98,110,EX-D,auto generated code from jsp by tomcat,,
13434746_0.java,4,19,FitLibrary20100806/fitnesse/lib/src/fitlibrarySrc/fitlibrary/specify/parser/UseConstructor.java,25,40,EX-D,getters and setters of variables with same names,,
15421552_0.java,53,62,megamek-0.35.18/src/megamek/client/ui/swing/MegaMekGUI.java,62,71,EX-D,boiler plate code to treat some exceptions in GUI,,
24040300_3.java,20,32,lucene-4.3.0/lucene-4.3.0/analysis/smartcn/src/java/org/apache/lucene/analysis/cn/smart/hhmm/PathNode.java,22,34,EX-D,equals method,,
3032205_0.java,2,14,struts2-2.2.1-all/struts-2.2.1/src/xwork-core/src/test/java/com/opensymphony/xwork2/test/annotations/Person.java,3,15,EX-D,getters and setters of variables with same names,,
6082389_0.java,14,26,eclipse_SDK/eclipse_SDK-4.3/src/src/libsrc/org/apache/tools/ant/taskdefs/optional/XMLValidateTask.java,380,392,EX-D,getters and setters of variables with same names,,
6082389_0.java,14,26,jboss-5/jboss-5.1.0.GA-src/testsuite/src/main/org/jboss/test/xml/mbeanserver/JavaBeanSchemaInitializer.java,90,102,EX-D,getters and setters of variables with same names,,
19856538_0.java,22,31,batik-src-1.7/batik-1.7/sources/org/apache/batik/bridge/svg12/XPathSubsetContentSelector.java,328,337,EX-F,similar switch case statement,,
19856538_0.java,22,31,batik-src-1.7/batik-1.7/sources/org/apache/batik/parser/PathParser.java,209,218,EX-F,similar switch case block,,
19856538_0.java,22,31,eclipse_SDK/eclipse_SDK-4.3/src/src/org/eclipse/jdt/internal/compiler/util/FloatUtil.java,135,144,EX-F,similar switch case block,,
19856538_0.java,22,31,eclipse_SDK/eclipse_SDK-4.3/src/src/org/eclipse/pde/api/tools/internal/util/SinceTagVersion.java,24,33,EX-F,similar switch case block,,
19856538_0.java,22,31,jparse/jparse-0.96/jparse/JavaLexer.java,242,251,EX-F,similar switch case block,,
19856538_0.java,22,31,netbeans-6.9.1-201007282301/cnd.antlr/src/org/netbeans/modules/cnd/antlr/actions/java/ActionLexer.java,1052,1061,EX-F,similar switch case block,,
19856538_0.java,22,31,netbeans-6.9.1-201007282301/cnd.antlr/src/org/netbeans/modules/cnd/antlr/actions/java/ActionLexer.java,2209,2218,EX-F,similar switch case block,,
19856538_0.java,22,31,netbeans-6.9.1-201007282301/cnd.modeldiscovery/src/org/netbeans/modules/cnd/modeldiscovery/provider/PkgConfigImpl.java,414,423,EX-F,similar switch case statement,,
19856538_0.java,22,31,netbeans-6.9.1-201007282301/lexer/src/org/netbeans/lib/lexer/UnicodeEscapesPreprocessor.java,72,81,EX-F,similar switch case block,,
19856538_0.java,22,31,netbeans-6.9.1-201007282301/o.jruby/patched_files/org/jruby/nb/lexer/yacc/RubyYaccLexer.java,759,768,EX-F,similar switch case block,,
8965751_0.java,4,13,batik-src-1.7/batik-1.7/sources/org/apache/batik/parser/NumberParser.java,169,179,EX-F,similar switch case statement,,
24330611_0.java,166,177,jung2-2_0_1/jung-samples-2.0.1/edu/uci/ics/jung/samples/ShowLayouts.java,128,139,EX-G,"new category? Author of the answer posted some code from qualitas in question""",,
25414160_0.java,1,11,jag-6/jag-6.1/src/com/finalist/jaggenerator/modules/DatabaseManagerFrame.java,115,125,EX-G,"new category? The code has been copied from qualitas and posted on the question. The author of the answer reposted some code from the question""",,
10000096_1.java,3,15,hibernate-release-4/hibernate-release-4.2.2.Final/project/hibernate-entitymanager/src/test/java/org/hibernate/ejb/test/callbacks/Plant.java,8,20,,,,
10055548_0.java,29,42,hibernate-release-4/hibernate-release-4.2.2.Final/project/hibernate-core/src/test/java/org/hibernate/test/nonflushedchanges/TimestampedEntity.java,11,24,,,,
10055548_0.java,29,42,hibernate-release-4/hibernate-release-4.2.2.Final/project/hibernate-core/src/test/java/org/hibernate/test/nonflushedchanges/VersionedEntity.java,14,27,,,,
10055548_0.java,29,42,hibernate-release-4/hibernate-release-4.2.2.Final/project/hibernate-core/src/test/java/org/hibernate/test/ops/TimestampedEntity.java,10,23,,,,
10055548_0.java,29,42,hibernate-release-4/hibernate-release-4.2.2.Final/project/hibernate-core/src/test/java/org/hibernate/test/ops/VersionedEntity.java,13,26,,,,
10055548_0.java,29,42,hibernate-release-4/hibernate-release-4.2.2.Final/project/hibernate-core/src/test/java/org/hibernate/test/readonly/VersionedNode.java,13,26,,,,
10055548_0.java,36,48,hibernate-release-4/hibernate-release-4.2.2.Final/project/hibernate-core/src/test/java/org/hibernate/test/annotations/derivedidentities/bidirectional/Product.java,21,33,,,,
10135259_0.java,1,17,Compiere_330_Source/release_330/base/src/org/compiere/process/RegisterSystem.java,69,85,,,,
10274267_0.java,1,12,hibernate-release-4/hibernate-release-4.2.2.Final/project/documentation/src/main/docbook/devguide/en-US/extras/flush_and_clear_session.java,1,12,,,,
10289462_0.java,1,45,apache-tomcat-7.0.2/apache-tomcat-7.0.2-src/java/org/apache/jasper/runtime/JspRuntimeLibrary.java,252,296,,,,
10289462_0.java,4,23,eclipse_SDK/eclipse_SDK-4.3/src/src/org/apache/jasper/runtime/JspRuntimeLibrary.java,260,279,,,,
10289462_0.java,4,23,struts2-2.2.1-all/struts-2.2.1/src/plugins/embeddedjsp/src/main/java/org/apache/struts2/jasper/runtime/JspRuntimeLibrary.java,255,274,,,,
10315932_0.java,1,11,netbeans-6.9.1-201007282301/openide.explorer/src/org/openide/explorer/view/OutlineView.java,934,944,,,,
10396359_0.java,1,13,apache-roller-4.0.1/apache-roller-src-4.0.1/tomcat/work/Catalina/localhost/roller/org/apache/jsp/roller_002dui/errors/_404_jsp.java,35,47,,,,
10396359_0.java,15,33,apache-roller-4.0.1/apache-roller-src-4.0.1/tomcat/work/Catalina/localhost/roller/org/apache/jsp/WEB_002dINF/jsps/tiles/empty_jsp.java,34,52,,,,
10396359_0.java,21,33,apache-roller-4.0.1/apache-roller-src-4.0.1/tomcat/work/Catalina/localhost/roller/org/apache/jsp/WEB_002dINF/jsps/admin/GlobalConfig_jsp.java,95,107,,,,
10396359_0.java,21,33,apache-roller-4.0.1/apache-roller-src-4.0.1/tomcat/work/Catalina/localhost/roller/org/apache/jsp/WEB_002dINF/jsps/admin/PlanetConfig_jsp.java,94,106,,,,
10396359_0.java,21,33,apache-roller-4.0.1/apache-roller-src-4.0.1/tomcat/work/Catalina/localhost/roller/org/apache/jsp/WEB_002dINF/jsps/admin/PlanetGroups_jsp.java,172,184,,,,
10396359_0.java,21,33,apache-roller-4.0.1/apache-roller-src-4.0.1/tomcat/work/Catalina/localhost/roller/org/apache/jsp/WEB_002dINF/jsps/admin/PlanetSubscriptions_jsp.java,188,200,,,,
10396359_0.java,21,33,apache-roller-4.0.1/apache-roller-src-4.0.1/tomcat/work/Catalina/localhost/roller/org/apache/jsp/WEB_002dINF/jsps/core/MainMenu_jsp.java,127,139,,,,
10396359_0.java,21,33,apache-roller-4.0.1/apache-roller-src-4.0.1/tomcat/work/Catalina/localhost/roller/org/apache/jsp/WEB_002dINF/jsps/core/UpgradeDatabase_jsp.java,108,120,,,,
10396359_0.java,21,33,apache-roller-4.0.1/apache-roller-src-4.0.1/tomcat/work/Catalina/localhost/roller/org/apache/jsp/WEB_002dINF/jsps/editor/EntryAdd_jsp.java,134,146,,,,
10396359_0.java,21,33,apache-roller-4.0.1/apache-roller-src-4.0.1/tomcat/work/Catalina/localhost/roller/org/apache/jsp/WEB_002dINF/jsps/editor/EntryEdit_jsp.java,161,173,,,,
10396359_0.java,21,33,apache-roller-4.0.1/apache-roller-src-4.0.1/tomcat/work/Catalina/localhost/roller/org/apache/jsp/WEB_002dINF/jsps/editor/EntrySidebar_jsp.java,179,191,,,,
10396359_0.java,21,33,apache-roller-4.0.1/apache-roller-src-4.0.1/tomcat/work/Catalina/localhost/roller/org/apache/jsp/WEB_002dINF/jsps/editor/TemplatesSidebar_jsp.java,100,112,,,,
10396359_0.java,21,33,apache-roller-4.0.1/apache-roller-src-4.0.1/tomcat/work/Catalina/localhost/roller/org/apache/jsp/WEB_002dINF/jsps/editor/ThemeEdit_jsp.java,181,193,,,,
10396359_0.java,21,33,apache-roller-4.0.1/apache-roller-src-4.0.1/tomcat/work/Catalina/localhost/roller/org/apache/jsp/WEB_002dINF/jsps/tiles/bannerInstallation_jsp.java,82,94,,,,
10396359_0.java,21,33,apache-roller-4.0.1/apache-roller-src-4.0.1/tomcat/work/Catalina/localhost/roller/org/apache/jsp/WEB_002dINF/jsps/tiles/bannerStatus_jsp.java,138,150,,,,
10396359_0.java,21,33,apache-roller-4.0.1/apache-roller-src-4.0.1/tomcat/work/Catalina/localhost/roller/org/apache/jsp/WEB_002dINF/jsps/tiles/css_002dnosidebar_jsp.java,44,56,,,,
10396359_0.java,21,33,apache-roller-4.0.1/apache-roller-src-4.0.1/tomcat/work/Catalina/localhost/roller/org/apache/jsp/WEB_002dINF/jsps/tiles/css_002dsidebar_jsp.java,47,59,,,,
10396359_0.java,21,33,apache-roller-4.0.1/apache-roller-src-4.0.1/tomcat/work/Catalina/localhost/roller/org/apache/jsp/WEB_002dINF/jsps/tiles/footer_jsp.java,96,108,,,,
10396359_0.java,21,33,apache-roller-4.0.1/apache-roller-src-4.0.1/tomcat/work/Catalina/localhost/roller/org/apache/jsp/WEB_002dINF/jsps/tiles/head_002dajax_jsp.java,121,133,,,,
10396359_0.java,21,33,apache-roller-4.0.1/apache-roller-src-4.0.1/tomcat/work/Catalina/localhost/roller/org/apache/jsp/WEB_002dINF/jsps/tiles/menu_jsp.java,88,100,,,,
10396359_0.java,21,33,apache-roller-4.0.1/apache-roller-src-4.0.1/tomcat/work/Catalina/localhost/roller/org/apache/jsp/WEB_002dINF/jsps/tiles/messages_jsp.java,79,91,,,,
10396359_0.java,21,33,apache-roller-4.0.1/apache-roller-src-4.0.1/tomcat/work/Catalina/localhost/roller/org/apache/jsp/WEB_002dINF/jsps/tiles/tiles_002derrorpage_jsp.java,126,138,,,,
10396359_0.java,21,33,apache-roller-4.0.1/apache-roller-src-4.0.1/tomcat/work/Catalina/localhost/roller/org/apache/jsp/WEB_002dINF/jsps/tiles/tiles_002dinstallpage_jsp.java,126,138,,,,
10396359_0.java,21,33,apache-roller-4.0.1/apache-roller-src-4.0.1/tomcat/work/Catalina/localhost/roller/org/apache/jsp/WEB_002dINF/jsps/tiles/tiles_002dmainmenupage_jsp.java,149,161,,,,
10396359_0.java,21,33,apache-roller-4.0.1/apache-roller-src-4.0.1/tomcat/work/Catalina/localhost/roller/org/apache/jsp/WEB_002dINF/jsps/tiles/tiles_002dsimplepage_jsp.java,149,161,,,,
10396359_0.java,21,33,apache-roller-4.0.1/apache-roller-src-4.0.1/tomcat/work/Catalina/localhost/roller/org/apache/jsp/WEB_002dINF/jsps/tiles/tiles_002dtabbedpage_jsp.java,157,169,,,,
10396359_0.java,21,33,apache-roller-4.0.1/apache-roller-src-4.0.1/tomcat/work/Catalina/localhost/roller/org/apache/jsp/index_jsp.java,48,60,,,,
10396359_0.java,21,33,apache-roller-4.0.1/apache-roller-src-4.0.1/tomcat/work/Catalina/localhost/roller/org/apache/jsp/roller_002dui/authoring/editors/editor_002dtext_jsp.java,132,144,,,,
10396359_0.java,21,33,apache-roller-4.0.1/apache-roller-src-4.0.1/tomcat/work/Catalina/localhost/roller/org/apache/jsp/roller_002dui/errors/_404_jsp.java,143,155,,,,
10396359_0.java,21,33,apache-roller-4.0.1/apache-roller-src-4.0.1/tomcat/work/Catalina/localhost/roller/org/apache/jsp/roller_002dui/errors/denied_jsp.java,85,97,,,,
10396359_0.java,21,33,apache-roller-4.0.1/apache-roller-src-4.0.1/tomcat/work/Catalina/localhost/roller/org/apache/jsp/roller_002dui/login_002dredirect_jsp.java,60,72,,,,
10737817_0.java,1,13,hibernate-release-4/hibernate-release-4.2.2.Final/project/hibernate-entitymanager/src/main/java/org/hibernate/ejb/criteria/QueryStructure.java,78,90,,,,
10774468_0.java,10,69,weka-3-7-9/main/java/weka/core/NormalizableDistance.java,145,204,,,,
10774468_0.java,42,59,weka-3-7-9/main/java/weka/attributeSelection/ReliefFAttributeEval.java,443,460,,,,
10774468_0.java,42,59,weka-3-7-9/main/java/weka/clusterers/FarthestFirst.java,181,198,,,,
10774468_0.java,42,59,weka-3-7-9/main/java/weka/core/NormalizableDistance.java,177,194,,,,
10777586_0.java,1,15,weka-3-7-9/main/java/weka/core/Instances.java,1078,1092,,,,
10883946_0.java,193,202,megamek-0.35.18/src/megamek/client/ui/swing/MegaMekGUI.java,62,71,,,,
10930216_1.java,1,15,weka-3-7-9/main/java/weka/core/Instances.java,1078,1092,,,,
11187462_0.java,63,75,c-jdbc-2/c-jdbc-2.0.2-src/src/org/objectweb/cjdbc/common/util/LoggingOutputStream.java,53,65,,,,
11319346_0.java,107,119,apache-jmeter-2.9/apache-jmeter-2.9/src/jorphan/org/apache/jorphan/gui/layout/VerticalLayout.java,19,31,,,,
11319346_0.java,184,196,apache-jmeter-2.9/apache-jmeter-2.9/src/jorphan/org/apache/jorphan/gui/layout/VerticalLayout.java,74,86,,,,
11704369_0.java,3,17,struts2-2.2.1-all/struts-2.2.1/src/apps/showcase/src/main/java/org/apache/struts2/showcase/ajax/Example5Action.java,5,19,,,,
11861598_0.java,1,18,eclipse_SDK/eclipse_SDK-4.3/src/src/org/eclipse/jface/wizard/WizardDialog.java,377,394,,,,
11958726_0.java,53,62,jfreechart-1/jfreechart-1.0.13/source/org/jfree/chart/ChartPanel.java,1253,1262,,,,
1201102_0.java,1,17,Compiere_330_Source/release_330/base/src/org/compiere/process/RegisterSystem.java,69,85,,,,
12427981_1.java,17,32,apache-log4j-1.2.16/apache-log4j-1.2.16/contribs/JimMoore/LoggingOutputStream.java,32,47,,,,
12505305_0.java,72,85,netbeans-6.9.1-201007282301/xml.retriever/src/org/netbeans/modules/xml/retriever/impl/CertificationPanel.java,401,414,,,,
12604600_0.java,100,109,megamek-0.35.18/src/megamek/client/ui/swing/MegaMekGUI.java,62,71,,,,
12640454_0.java,43,52,megamek-0.35.18/src/megamek/client/ui/swing/MegaMekGUI.java,62,71,,,,
12728036_0.java,1,10,megamek-0.35.18/src/megamek/client/ui/swing/MegaMekGUI.java,62,71,,,,
12761245_0.java,47,59,netbeans-6.9.1-201007282301/websvc.metro.samples/samples_src/CalculatorClientApp/src/java/org/me/calculator/client/ClientServlet.java,33,45,,,,
12761245_0.java,47,59,netbeans-6.9.1-201007282301/websvc.metro.samples/samples_src/SecureCalculatorClientApp/src/java/org/me/calculator/client/ClientServlet.java,40,52,,,,
12776901_0.java,5,17,hibernate-release-4/hibernate-release-4.2.2.Final/project/hibernate-core/src/test/java/org/hibernate/test/annotations/derivedidentities/bidirectional/Order.java,49,61,,,,
12776901_0.java,5,17,hibernate-release-4/hibernate-release-4.2.2.Final/project/hibernate-core/src/test/java/org/hibernate/test/annotations/derivedidentities/bidirectional/Product.java,33,45,,,,
12879764_0.java,25,40,iReport-3/iReport-3.7.5-src/jasperreports-components/src/com/jaspersoft/ireport/components/spiderchart/SpiderChartIcon.java,93,108,,,,
12913121_0.java,47,56,megamek-0.35.18/src/megamek/client/ui/swing/MegaMekGUI.java,62,71,,,,
12936580_0.java,83,94,jfreechart-1/jfreechart-1.0.13/source/org/jfree/chart/renderer/xy/AbstractXYItemRenderer.java,466,477,,,,
12936580_0.java,102,113,jfreechart-1/jfreechart-1.0.13/source/org/jfree/chart/renderer/xy/AbstractXYItemRenderer.java,484,495,,,,
13293946_0.java,29,38,megamek-0.35.18/src/megamek/client/ui/swing/MegaMekGUI.java,62,71,,,,
13311280_0.java,76,86,netbeans-6.9.1-201007282301/form/test/qa-functional/data/SampleDesktopApplication/src/sampledesktopapplication/SampleDesktopView.java,80,90,,,,
13311280_0.java,162,181,netbeans-6.9.1-201007282301/form/test/qa-functional/data/SampleDesktopApplication/src/sampledesktopapplication/SampleDesktopView.java,106,125,,,,
13311280_0.java,187,205,netbeans-6.9.1-201007282301/form/test/qa-functional/data/SampleDesktopApplication/src/sampledesktopapplication/SampleDesktopView.java,131,149,,,,
13311280_0.java,214,225,netbeans-6.9.1-201007282301/form/test/qa-functional/data/SampleDesktopApplication/src/sampledesktopapplication/SampleDesktopView.java,151,162,,,,
13311280_0.java,214,225,netbeans-6.9.1-201007282301/swingapp/appshells/BasicShellApp/src/applicationpackage/ShellView.java,80,91,,,,
13434746_0.java,3,17,FitLibrary20100806/fitnesse/lib/src/fitlibrarySrc/fitlibrary/specify/AggregateDoFixture.java,30,44,,,,
13434746_0.java,4,17,FitLibrary20100806/fitnesse/lib/src/fitlibrarySrc/fitlibrary/specify/AggregateDoFixture.java,31,44,,,,
13434746_0.java,4,17,FitLibrary20100806/fitnesse/lib/src/fitlibrarySrc/fitlibrary/specify/eg/FixedPoint.java,7,20,,,,
13434746_0.java,4,17,FitLibrary20100806/fitnesse/lib/src/fitlibrarySrc/fitlibrary/specify/eg/MyPoint.java,7,20,,,,
13434746_0.java,4,17,FitLibrary20100806/fitnesse/lib/src/fitlibrarySrc/fitlibrary/specify/parser/UseConstructor.java,25,38,,,,
13434746_0.java,4,17,FitLibrary20100806/fitnesse/lib/src/fitlibrarySrc/fitlibrary/specify/parser/UsePropertyEditor.java,15,28,,,,
13434746_0.java,4,17,FitLibrary20100806/fitnesse/lib/src/fitlibrarySrc/fitlibraryGeneric/specify/PrePopulated.java,140,153,,,,
13434746_0.java,4,19,FitLibrary20100806/fitnesse/lib/src/fitlibrarySrc/fitlibrary/specify/eg/FixedPoint.java,7,22,,,,
13434746_0.java,4,19,FitLibrary20100806/fitnesse/lib/src/fitlibrarySrc/fitlibrary/specify/eg/MyPoint.java,7,22,,,,
13434746_0.java,4,19,FitLibrary20100806/fitnesse/lib/src/fitlibrarySrc/fitlibrary/specify/parser/UsePropertyEditor.java,15,30,,,,
13561675_0.java,91,103,netbeans-6.9.1-201007282301/cnd.discovery/src/org/netbeans/modules/cnd/discovery/wizard/ProviderControl.java,200,212,,,,
13561675_0.java,91,103,netbeans-6.9.1-201007282301/cnd.discovery/src/org/netbeans/modules/cnd/discovery/wizard/SelectProviderPanel.java,57,69,,,,
13561675_0.java,91,103,netbeans-6.9.1-201007282301/cnd.makeproject/src/org/netbeans/modules/cnd/makeproject/ui/wizards/SourceFilesPanel.java,43,55,,,,
13587740_0.java,50,59,megamek-0.35.18/src/megamek/client/ui/swing/MegaMekGUI.java,62,71,,,,
13678077_0.java,39,48,netbeans-6.9.1-201007282301/tasklist.todo/src/org/netbeans/modules/tasklist/todo/settings/ToDoCustomizer.java,90,100,,,,
13678077_1.java,65,74,netbeans-6.9.1-201007282301/tasklist.todo/src/org/netbeans/modules/tasklist/todo/settings/ToDoCustomizer.java,90,100,,,,
1368041_0.java,17,33,netbeans-6.9.1-201007282301/kenai/src/org/codeviation/pojson/JsonUtils.java,59,71,,,,
13721279_0.java,4,13,hibernate-release-4/hibernate-release-4.2.2.Final/project/hibernate-core/src/test/java/org/hibernate/metamodel/source/annotations/xml/Father.java,3,15,,,,
13721279_0.java,4,13,hibernate-release-4/hibernate-release-4.2.2.Final/project/hibernate-core/src/test/java/org/hibernate/test/annotations/access/xml/Crew.java,3,15,,,,
13721279_0.java,4,13,hibernate-release-4/hibernate-release-4.2.2.Final/project/hibernate-core/src/test/java/org/hibernate/test/annotations/access/xml/Driver.java,9,21,,,,
13721279_0.java,4,13,hibernate-release-4/hibernate-release-4.2.2.Final/project/hibernate-core/src/test/java/org/hibernate/test/annotations/onetoone/Father.java,3,15,,,,
13731734_0.java,5,17,jhotdraw-7.5.1/jhotdraw_7.5.1/Source/jhotdraw7/src/main/java/org/jhotdraw/draw/DefaultDrawingViewTransferHandler.java,549,561,,,,
13824658_2.java,79,88,jag-6/jag-6.1/src/com/finalist/jaggenerator/modules/DatabaseManagerFrame.java,115,125,,,,
13824658_2.java,79,88,netbeans-6.9.1-201007282301/form/test/unit/src/org/netbeans/modules/form/layoutdesign/ALT_Bug124689.java,56,66,,,,
13824658_2.java,79,88,netbeans-6.9.1-201007282301/identity.server.manager/src/org/netbeans/modules/identity/server/manager/ui/ProfileEditorPanel.java,349,359,,,,
13824658_2.java,79,88,netbeans-6.9.1-201007282301/java.source/src/org/netbeans/modules/java/ui/FmtImports.java,63,73,,,,
13824658_2.java,79,88,netbeans-6.9.1-201007282301/vmd.midpnb/src/org/netbeans/modules/vmd/midpnb/propertyeditors/SVGFormEditorElement.java,639,649,,,,
13824658_2.java,79,88,netbeans-6.9.1-201007282301/websvc.wsitconf/src/org/netbeans/modules/websvc/wsitconf/ui/service/subpanels/TargetsPanel.java,98,108,,,,
13824658_2.java,79,89,jag-6/jag-6.1/src/com/finalist/jaggenerator/modules/DatabaseManagerFrame.java,115,126,,,,
13824658_2.java,79,89,netbeans-6.9.1-201007282301/form/test/unit/src/org/netbeans/modules/form/layoutdesign/ALT_Bug124689.java,56,67,,,,
13824658_2.java,79,89,netbeans-6.9.1-201007282301/identity.server.manager/src/org/netbeans/modules/identity/server/manager/ui/ProfileEditorPanel.java,349,360,,,,
13824658_2.java,79,89,netbeans-6.9.1-201007282301/java.source/src/org/netbeans/modules/java/ui/FmtImports.java,63,74,,,,
13824658_2.java,79,89,netbeans-6.9.1-201007282301/vmd.midpnb/src/org/netbeans/modules/vmd/midpnb/propertyeditors/SVGFormEditorElement.java,639,650,,,,
13824658_2.java,91,102,netbeans-6.9.1-201007282301/db.dataview/src/org/netbeans/modules/db/dataview/output/ShowSQLDialog.java,46,57,,,,
14020074_0.java,82,103,aoisrc281/ArtOfIllusion/src/artofillusion/image/MovieEncoder.java,122,142,,,,
14020074_0.java,112,123,aoisrc281/ArtOfIllusion/src/artofillusion/image/MovieEncoder.java,105,116,,,,
14330686_0.java,1,12,hibernate-release-4/hibernate-release-4.2.2.Final/project/documentation/src/main/docbook/devguide/en-US/extras/flush_and_clear_session.java,1,12,,,,
14582029_0.java,1,12,hibernate-release-4/hibernate-release-4.2.2.Final/project/documentation/src/main/docbook/devguide/en-US/extras/flush_and_clear_session.java,1,12,,,,
14634075_2.java,3,12,megamek-0.35.18/src/megamek/client/ui/swing/MegaMekGUI.java,62,71,,,,
14806326_1.java,24,40,netbeans-6.9.1-201007282301/websvc.metro.samples/samples_src/CalculatorClientApp/src/java/org/me/calculator/client/ClientServlet.java,29,45,,,,
14806326_1.java,24,40,netbeans-6.9.1-201007282301/websvc.metro.samples/samples_src/SecureCalculatorClientApp/src/java/org/me/calculator/client/ClientServlet.java,36,52,,,,
14806326_1.java,28,40,netbeans-6.9.1-201007282301/websvc.metro.samples/samples_src/CalculatorClientApp/src/java/org/me/calculator/client/ClientServlet.java,33,45,,,,
14806326_1.java,28,40,netbeans-6.9.1-201007282301/websvc.metro.samples/samples_src/SecureCalculatorClientApp/src/java/org/me/calculator/client/ClientServlet.java,40,52,,,,
14826148_3.java,10,25,apache-jmeter-2.9/apache-jmeter-2.9/src/protocol/http/org/apache/jmeter/protocol/http/modifier/UserParameterXMLContentHandler.java,17,32,,,,
14826148_3.java,10,26,netbeans-6.9.1-201007282301/welcome/src/org/netbeans/modules/welcome/content/RSSFeed.java,501,517,,,,
14845581_1.java,1,10,hadoop-1/hadoop-1.0.0/src/mapred/org/apache/hadoop/mapreduce/JobSubmissionFiles.java,46,55,,,,
14849596_0.java,10,21,jfreechart-1/jfreechart-1.0.13/source/org/jfree/chart/ChartPanel.java,451,462,,,,
14908094_2.java,2,14,hibernate-release-4/hibernate-release-4.2.2.Final/project/hibernate-core/src/test/java/org/hibernate/metamodel/source/annotations/xml/Father.java,3,15,,,,
14908094_2.java,2,14,hibernate-release-4/hibernate-release-4.2.2.Final/project/hibernate-core/src/test/java/org/hibernate/test/annotations/access/xml/Crew.java,3,15,,,,
14908094_2.java,2,14,hibernate-release-4/hibernate-release-4.2.2.Final/project/hibernate-core/src/test/java/org/hibernate/test/annotations/access/xml/Driver.java,9,21,,,,
14908094_2.java,2,14,hibernate-release-4/hibernate-release-4.2.2.Final/project/hibernate-core/src/test/java/org/hibernate/test/annotations/onetoone/Father.java,3,15,,,,
14941808_0.java,190,199,megamek-0.35.18/src/megamek/client/ui/swing/MegaMekGUI.java,62,71,,,,
15110171_0.java,2,24,struts2-2.2.1-all/struts-2.2.1/src/xwork-core/src/main/java/com/opensymphony/xwork2/validator/validators/StringLengthFieldValidator.java,4,26,,,,
15168494_0.java,1,29,hibernate-release-4/hibernate-release-4.2.2.Final/project/hibernate-core/src/main/java/org/hibernate/service/jdbc/connections/internal/ConnectionProviderInitiator.java,65,93,,,,
15260207_0.java,111,128,freemind-src-0/freemind/accessories/plugins/dialogs/ArrayListTransferHandler.java,56,73,,,,
15705710_0.java,13,23,geotools-2/geotools-2.7-M3/modules/unsupported/swing/src/main/java/org/geotools/swing/MapLayerTableCellRenderer.java,143,153,,,,
15705710_0.java,13,23,jstock-1.0.7c/jstock/src/org/yccheok/jstock/gui/CountryJDialog.java,118,128,,,,
15705710_0.java,13,23,jstock-1.0.7c/jstock/src/org/yccheok/jstock/gui/OptionsSellAdvisorJPanel.java,295,305,,,,
15705710_0.java,13,23,pooka_080505/net/suberic/util/gui/propedit/SectionedEditorPane.java,155,165,,,,
15889119_0.java,1,16,jgrapht-0/jgrapht-0.8.1/src/org/jgrapht/experimental/touchgraph/TouchgraphConverter.java,7,22,,,,
16058183_0.java,1,13,jfreechart-1/jfreechart-1.0.13/source/org/jfree/data/KeyToGroupMap.java,18,30,,,,
16179971_5.java,4,17,struts2-2.2.1-all/struts-2.2.1/src/xwork-core/src/test/java/com/opensymphony/xwork2/ognl/OgnlValueStackTest.java,677,690,,,,
16180910_0.java,1,14,hadoop-1/hadoop-1.0.0/src/mapred/org/apache/hadoop/mapred/LineRecordReader.java,47,60,,,,
16180910_0.java,1,14,hadoop-1/hadoop-1.0.0/src/mapred/org/apache/hadoop/mapreduce/lib/input/LineRecordReader.java,41,54,,,,
16206651_0.java,2,14,spring-framework-3.0.5/spring-framework-3.0.5.RELEASE/projects/org.springframework.transaction/src/test/java/org/springframework/transaction/annotation/AnnotationTransactionAttributeSourceTests.java,381,393,,,,
16206651_1.java,2,14,spring-framework-3.0.5/spring-framework-3.0.5.RELEASE/projects/org.springframework.transaction/src/test/java/org/springframework/transaction/annotation/AnnotationTransactionAttributeSourceTests.java,381,393,,,,
17635649_0.java,12,24,iReport-3/iReport-3.7.5-src/ireport-designer/src/com/jaspersoft/ireport/designer/data/JBTreeCellRenderer.java,17,29,,,,
17635649_0.java,12,24,iReport-3/iReport-3.7.5-src/ireport-designer/src/com/jaspersoft/ireport/designer/data/fieldsproviders/olap/OlapTreeCellRenderer.java,22,34,,,,
17635649_0.java,12,24,iReport-3/iReport-3.7.5-src/ireport-designer/src/com/jaspersoft/ireport/designer/data/fieldsproviders/xml/XMLDocumentTreeCellRenderer.java,33,45,,,,
17635649_0.java,13,24,aoisrc281/SPManager/src/artofillusion/spmanager/SPMSplitPane.java,387,398,,,,
17635649_0.java,13,24,jboss-5/jboss-5.1.0.GA-src/console/src/main/org/jboss/console/navtree/TreeCellRenderer.java,15,26,,,,
17698380_0.java,47,59,apache-ant-1.8.4/src/main/org/apache/tools/ant/taskdefs/XSLTProcess.java,488,500,,,,
17698380_0.java,47,59,apache-ant-1.8.4/src/main/org/apache/tools/ant/taskdefs/optional/XMLValidateTask.java,380,392,,,,
17698380_0.java,47,59,eclipse_SDK/eclipse_SDK-4.3/src/src/libsrc/org/apache/tools/ant/taskdefs/XSLTProcess.java,488,500,,,,
17698380_0.java,47,59,eclipse_SDK/eclipse_SDK-4.3/src/src/libsrc/org/apache/tools/ant/taskdefs/optional/XMLValidateTask.java,380,392,,,,
17698380_0.java,47,59,geotools-2/geotools-2.7-M3/modules/library/main/src/main/java/org/geotools/styling/ExtentImpl.java,6,18,,,,
17698380_0.java,47,59,jboss-5/jboss-5.1.0.GA-src/embedded/src/main/java/org/jboss/embedded/util/SystemProperty.java,3,15,,,,
17698380_0.java,47,59,jboss-5/jboss-5.1.0.GA-src/testsuite/src/main/org/jboss/test/xml/mbeanserver/JavaBeanSchemaInitializer.java,90,102,,,,
17698380_0.java,47,59,spring-framework-3.0.5/spring-framework-3.0.5.RELEASE/projects/org.springframework.web.servlet/src/main/java/org/springframework/web/servlet/tags/Param.java,3,15,,,,
17698380_0.java,47,62,spring-framework-3.0.5/spring-framework-3.0.5.RELEASE/projects/org.springframework.web.servlet/src/main/java/org/springframework/web/servlet/tags/Param.java,3,18,,,,
17780636_0.java,12,30,netbeans-6.9.1-201007282301/o.n.swing.outline/src/org/netbeans/swing/etable/ETableTransferHandler.java,12,30,,,,
18013191_1.java,2,14,hibernate-release-4/hibernate-release-4.2.2.Final/project/hibernate-core/src/test/java/org/hibernate/test/annotations/query/Identity.java,4,16,,,,
18013191_1.java,2,14,struts2-2.2.1-all/struts-2.2.1/src/apps/portlet/src/main/java/org/apache/struts2/portlet/example/model/Name.java,3,15,,,,
18013191_1.java,2,14,struts2-2.2.1-all/struts-2.2.1/src/xwork-core/src/test/java/com/opensymphony/xwork2/test/annotations/Person.java,3,15,,,,
18201985_0.java,1,26,poi-3.6-20091214/poi-3.6/src/examples/src/org/apache/poi/ss/examples/CalendarDemo.java,11,36,,,,
18202284_0.java,2,11,jhotdraw-7.5.1/jhotdraw_7.5.1/Source/jhotdraw7/src/main/java/org/jhotdraw/samples/color/CIEXYChromaticityDiagram.java,31,40,,,,
18202284_0.java,2,11,netbeans-6.9.1-201007282301/dlight.visualizers/src/org/netbeans/modules/dlight/visualizers/CallStackTopComponent.java,29,38,,,,
18202284_0.java,2,11,netbeans-6.9.1-201007282301/dlight.visualizers/src/org/netbeans/modules/dlight/visualizers/ThreadMapTopComponent.java,32,41,,,,
18209411_3.java,3,20,spring-framework-3.0.5/spring-framework-3.0.5.RELEASE/projects/org.springframework.context/src/test/java/org/springframework/context/annotation/AnnotationConfigApplicationContextTests.java,192,209,,,,
18232672_0.java,42,63,apache-log4j-1.2.16/apache-log4j-1.2.16/src/main/java/org/apache/log4j/net/SMTPAppender.java,207,228,,,,
18614607_0.java,29,39,jasperreports-3/jasperreports-3.7.4/src/net/sf/jasperreports/j2ee/servlets/OdtServlet.java,61,70,,,,
18614607_0.java,29,39,jasperreports-3/jasperreports-3.7.4/src/net/sf/jasperreports/j2ee/servlets/PdfServlet.java,61,70,,,,
18614607_0.java,29,39,jasperreports-3/jasperreports-3.7.4/src/net/sf/jasperreports/j2ee/servlets/RtfServlet.java,63,72,,,,
18614607_0.java,29,39,jasperreports-3/jasperreports-3.7.4/src/net/sf/jasperreports/j2ee/servlets/XmlServlet.java,100,109,,,,
18623736_0.java,1,39,spring-framework-3.0.5/spring-framework-3.0.5.RELEASE/projects/org.springframework.beans/src/main/java/org/springframework/beans/propertyeditors/CustomCollectionEditor.java,33,71,,,,
19154487_0.java,2,14,hibernate-release-4/hibernate-release-4.2.2.Final/project/hibernate-core/src/test/java/org/hibernate/metamodel/source/annotations/xml/Father.java,3,15,,,,
19154487_0.java,2,14,hibernate-release-4/hibernate-release-4.2.2.Final/project/hibernate-core/src/test/java/org/hibernate/test/annotations/access/xml/Crew.java,3,15,,,,
19154487_0.java,2,14,hibernate-release-4/hibernate-release-4.2.2.Final/project/hibernate-core/src/test/java/org/hibernate/test/annotations/access/xml/Driver.java,9,21,,,,
19154487_0.java,2,14,hibernate-release-4/hibernate-release-4.2.2.Final/project/hibernate-core/src/test/java/org/hibernate/test/annotations/onetoone/Father.java,3,15,,,,
19447834_0.java,5,18,struts2-2.2.1-all/struts-2.2.1/src/apps/showcase/src/main/java/org/apache/struts2/showcase/action/ExampleAction.java,38,51,,,,
19856538_0.java,21,50,eclipse_SDK/eclipse_SDK-4.3/src/src/org/eclipse/pde/internal/core/util/PropertiesUtil.java,64,93,,,,
19856538_0.java,21,50,netbeans-6.9.1-201007282301/mobility.midpexamples/LocalizationDemo/src/l10ndemo/LocalizationSupport.java,189,218,,,,
19856538_0.java,21,50,netbeans-6.9.1-201007282301/properties/src/org/netbeans/modules/properties/UtilConvert.java,58,87,,,,
19856538_0.java,21,52,pooka_080505/net/suberic/util/FileVariableBundle.java,157,188,,,,
19856538_0.java,22,31,ArgoUML-0.34-src/argouml-cpp/src/org/argouml/language/cpp/reveng/CPPLexer.java,1584,1593,,,,
19856538_0.java,22,31,ArgoUML-0.34-src/argouml-cpp/src/org/argouml/language/cpp/reveng/CPPLexer.java,1823,1832,,,,
19856538_0.java,22,31,ArgoUML-0.34-src/argouml-cpp/src/org/argouml/language/cpp/reveng/CPPLexer.java,2142,2151,,,,
19856538_0.java,22,31,Compiere_330_Source/release_330/client/Src/org/compiere/grid/ed/Calculator.java,222,231,,,,
19856538_0.java,22,31,Vuze_4812_source/org/gudy/azureus2/core3/util/BDecoder.java,252,261,,,,
19856538_0.java,22,31,aoisrc281/ArtOfIllusion/src/artofillusion/procedural/ExprModule.java,323,332,,,,
19856538_0.java,22,31,aspectj-1.6.9-src/aspectjtools1.6.9-src/org/aspectj/org/eclipse/jdt/internal/compiler/util/FloatUtil.java,65,74,,,,
19856538_0.java,22,31,aspectj-1.6.9-src/aspectjtools1.6.9-src/org/aspectj/org/eclipse/jdt/internal/compiler/util/FloatUtil.java,135,144,,,,
19856538_0.java,22,31,aspectj-1.6.9-src/aspectjtools1.6.9-src/org/aspectj/org/eclipse/jdt/internal/core/search/indexing/BinaryIndexer.java,166,175,,,,
19856538_0.java,22,31,batik-src-1.7/batik-1.7/sources/org/apache/batik/bridge/svg12/XPathSubsetContentSelector.java,262,271,,,,
19856538_0.java,22,31,batik-src-1.7/batik-1.7/sources/org/apache/batik/bridge/svg12/XPathSubsetContentSelector.java,345,354,,,,
19856538_0.java,22,31,batik-src-1.7/batik-1.7/sources/org/apache/batik/bridge/svg12/XPathSubsetContentSelector.java,364,373,,,,
19856538_0.java,22,31,batik-src-1.7/batik-1.7/sources/org/apache/batik/css/parser/Parser.java,1262,1271,,,,
19856538_0.java,22,31,batik-src-1.7/batik-1.7/sources/org/apache/batik/css/parser/Scanner.java,425,434,,,,
19856538_0.java,22,31,batik-src-1.7/batik-1.7/sources/org/apache/batik/css/parser/Scanner.java,439,448,,,,
19856538_0.java,22,31,batik-src-1.7/batik-1.7/sources/org/apache/batik/css/parser/Scanner.java,744,753,,,,
19856538_0.java,22,31,batik-src-1.7/batik-1.7/sources/org/apache/batik/css/parser/Scanner.java,761,770,,,,
19856538_0.java,22,31,batik-src-1.7/batik-1.7/sources/org/apache/batik/css/parser/Scanner.java,780,789,,,,
19856538_0.java,22,31,batik-src-1.7/batik-1.7/sources/org/apache/batik/parser/LengthParser.java,65,76,,,,
19856538_0.java,22,31,batik-src-1.7/batik-1.7/sources/org/apache/batik/parser/LengthParser.java,89,98,,,,
19856538_0.java,22,31,batik-src-1.7/batik-1.7/sources/org/apache/batik/parser/LengthParser.java,131,143,,,,
19856538_0.java,22,31,batik-src-1.7/batik-1.7/sources/org/apache/batik/parser/LengthParser.java,154,163,,,,
19856538_0.java,22,31,batik-src-1.7/batik-1.7/sources/org/apache/batik/parser/LengthParser.java,200,209,,,,
19856538_0.java,22,31,batik-src-1.7/batik-1.7/sources/org/apache/batik/parser/LengthParser.java,211,220,,,,
19856538_0.java,22,31,batik-src-1.7/batik-1.7/sources/org/apache/batik/parser/LengthParser.java,239,250,,,,
19856538_0.java,22,31,batik-src-1.7/batik-1.7/sources/org/apache/batik/parser/LengthParser.java,260,269,,,,
19856538_0.java,22,31,batik-src-1.7/batik-1.7/sources/org/apache/batik/parser/NumberParser.java,46,57,,,,
19856538_0.java,22,31,batik-src-1.7/batik-1.7/sources/org/apache/batik/parser/NumberParser.java,70,79,,,,
19856538_0.java,22,31,batik-src-1.7/batik-1.7/sources/org/apache/batik/parser/NumberParser.java,115,127,,,,
19856538_0.java,22,31,batik-src-1.7/batik-1.7/sources/org/apache/batik/parser/NumberParser.java,138,147,,,,
19856538_0.java,22,31,batik-src-1.7/batik-1.7/sources/org/apache/batik/parser/NumberParser.java,168,177,,,,
19856538_0.java,22,31,batik-src-1.7/batik-1.7/sources/org/apache/batik/parser/NumberParser.java,179,188,,,,
19856538_0.java,22,31,batik-src-1.7/batik-1.7/sources/org/apache/batik/parser/NumberParser.java,207,218,,,,
19856538_0.java,22,31,batik-src-1.7/batik-1.7/sources/org/apache/batik/parser/NumberParser.java,228,237,,,,
19856538_0.java,22,31,batik-src-1.7/batik-1.7/sources/org/apache/batik/parser/PathParser.java,140,149,,,,
19856538_0.java,22,31,batik-src-1.7/batik-1.7/sources/org/apache/batik/parser/PathParser.java,176,185,,,,
19856538_0.java,22,31,batik-src-1.7/batik-1.7/sources/org/apache/batik/parser/PathParser.java,240,249,,,,
19856538_0.java,22,31,batik-src-1.7/batik-1.7/sources/org/apache/batik/parser/PathParser.java,271,280,,,,
19856538_0.java,22,31,batik-src-1.7/batik-1.7/sources/org/apache/batik/parser/PathParser.java,302,311,,,,
19856538_0.java,22,31,batik-src-1.7/batik-1.7/sources/org/apache/batik/parser/PathParser.java,333,342,,,,
19856538_0.java,22,31,batik-src-1.7/batik-1.7/sources/org/apache/batik/parser/PathParser.java,374,383,,,,
19856538_0.java,22,31,batik-src-1.7/batik-1.7/sources/org/apache/batik/parser/PathParser.java,415,424,,,,
19856538_0.java,22,31,batik-src-1.7/batik-1.7/sources/org/apache/batik/parser/PathParser.java,452,461,,,,
19856538_0.java,22,31,batik-src-1.7/batik-1.7/sources/org/apache/batik/parser/PathParser.java,489,498,,,,
19856538_0.java,22,31,batik-src-1.7/batik-1.7/sources/org/apache/batik/parser/PathParser.java,526,535,,,,
19856538_0.java,22,31,batik-src-1.7/batik-1.7/sources/org/apache/batik/parser/PathParser.java,563,572,,,,
19856538_0.java,22,31,batik-src-1.7/batik-1.7/sources/org/apache/batik/parser/PathParser.java,596,605,,,,
19856538_0.java,22,31,batik-src-1.7/batik-1.7/sources/org/apache/batik/parser/PathParser.java,629,638,,,,
19856538_0.java,22,31,batik-src-1.7/batik-1.7/sources/org/apache/batik/parser/PathParser.java,696,705,,,,
19856538_0.java,22,31,batik-src-1.7/batik-1.7/sources/org/apache/batik/util/ParsedURLDefaultProtocolHandler.java,137,146,,,,
19856538_0.java,22,31,eclipse_SDK/eclipse_SDK-4.3/src/src/com/ibm/icu/impl/PatternTokenizer.java,223,232,,,,
19856538_0.java,22,31,eclipse_SDK/eclipse_SDK-4.3/src/src/org/eclipse/jdt/internal/compiler/util/FloatUtil.java,65,74,,,,
19856538_0.java,22,31,eclipse_SDK/eclipse_SDK-4.3/src/src/org/eclipse/jdt/internal/core/search/indexing/BinaryIndexer.java,180,189,,,,
19856538_0.java,22,31,eclipse_SDK/eclipse_SDK-4.3/src/src/org/eclipse/jdt/internal/ui/compare/PropertiesStructureCreator.java,218,227,,,,
19856538_0.java,22,31,eclipse_SDK/eclipse_SDK-4.3/src/src/org/eclipse/jdt/internal/ui/propertiesfileeditor/PropertiesFileEscapes.java,13,22,,,,
19856538_0.java,22,31,eclipse_SDK/eclipse_SDK-4.3/src/src/org/eclipse/jetty/util/ajax/JSON.java,709,718,,,,
19856538_0.java,22,31,eclipse_SDK/eclipse_SDK-4.3/src/src/org/eclipse/jetty/util/ajax/JSON.java,751,760,,,,
19856538_0.java,22,31,eclipse_SDK/eclipse_SDK-4.3/src/src/org/eclipse/pde/api/tools/internal/util/Util.java,755,764,,,,
19856538_0.java,22,31,eclipse_SDK/eclipse_SDK-4.3/src/src/org/eclipse/pde/internal/core/util/PropertiesUtil.java,65,74,,,,
19856538_0.java,22,31,eclipse_SDK/eclipse_SDK-4.3/src/src/org/eclipse/pde/internal/ui/nls/StringHelper.java,91,100,,,,
19856538_0.java,22,31,hsqldb-2/hsqldb-2.0.0/hsqldb/src/org/hsqldb/Scanner.java,622,631,,,,
19856538_0.java,22,31,hsqldb-2/hsqldb-2.0.0/hsqldb/src/org/hsqldb/Scanner.java,1179,1188,,,,
19856538_0.java,22,31,iText-src-5/src/core/com/itextpdf/text/html/Markup.java,101,110,,,,
19856538_0.java,22,31,iText-src-5/src/core/com/itextpdf/text/pdf/fonts/cmaps/CMapParser.java,196,205,,,,
19856538_0.java,22,31,jasml_0/src/com/jasml/helper/Util.java,421,430,,,,
19856538_0.java,22,31,jasperreports-3/jasperreports-3.7.4/src/net/sf/jasperreports/olap/mapping/MappingLexer.java,94,103,,,,
19856538_0.java,22,31,jasperreports-3/jasperreports-3.7.4/src/net/sf/jasperreports/olap/mapping/MappingLexer.java,341,350,,,,
19856538_0.java,22,31,jedit4/jEdit/com/microstar/xml/XmlParser.java,769,778,,,,
19856538_0.java,22,31,jedit4/jEdit/com/microstar/xml/XmlParser.java,805,814,,,,
19856538_0.java,22,31,jena-2/com/hp/hpl/jena/rdf/arp/NTriple.java,244,253,,,,
19856538_0.java,22,31,jext-sources-5/jext-src-5.0/src/lib/com/microstar/xml/XmlParser.java,765,774,,,,
19856538_0.java,22,31,jext-sources-5/jext-src-5.0/src/lib/com/microstar/xml/XmlParser.java,801,810,,,,
19856538_0.java,22,31,jparse/jparse-0.96/jparse/JavaLexer.java,1301,1310,,,,
19856538_0.java,22,31,jparse/jparse-0.96/jparse/JavaLexer.java,1488,1497,,,,
19856538_0.java,22,31,jparse/jparse-0.96/jparse/JavaLexer.java,1569,1578,,,,
19856538_0.java,22,31,jparse/jparse-0.96/jparse/JavaLexer.java,1863,1872,,,,
19856538_0.java,22,31,jruby-1.5.2/jruby-1.5.2/src/org/jruby/RubyRegexp.java,1778,1787,,,,
19856538_0.java,22,31,jruby-1.5.2/jruby-1.5.2/src/org/jruby/lexer/yacc/RubyYaccLexer.java,1009,1018,,,,
19856538_0.java,22,31,jruby-1.5.2/jruby-1.5.2/src/org/jruby/lexer/yacc/RubyYaccLexer.java,2028,2037,,,,
19856538_0.java,22,31,netbeans-6.9.1-201007282301/cnd.antlr/src/org/netbeans/modules/cnd/antlr/ANTLRLexer.java,232,241,,,,
19856538_0.java,22,31,netbeans-6.9.1-201007282301/cnd.antlr/src/org/netbeans/modules/cnd/antlr/ANTLRLexer.java,936,945,,,,
19856538_0.java,22,31,netbeans-6.9.1-201007282301/cnd.antlr/src/org/netbeans/modules/cnd/antlr/ANTLRLexer.java,1238,1247,,,,
19856538_0.java,22,31,netbeans-6.9.1-201007282301/cnd.antlr/src/org/netbeans/modules/cnd/antlr/ANTLRLexer.java,1376,1385,,,,
19856538_0.java,22,31,netbeans-6.9.1-201007282301/cnd.antlr/src/org/netbeans/modules/cnd/antlr/ANTLRTokdefLexer.java,135,144,,,,
19856538_0.java,22,31,netbeans-6.9.1-201007282301/cnd.antlr/src/org/netbeans/modules/cnd/antlr/ANTLRTokdefLexer.java,493,502,,,,
19856538_0.java,22,31,netbeans-6.9.1-201007282301/cnd.antlr/src/org/netbeans/modules/cnd/antlr/ANTLRTokdefLexer.java,671,680,,,,
19856538_0.java,22,31,netbeans-6.9.1-201007282301/cnd.antlr/src/org/netbeans/modules/cnd/antlr/actions/java/ActionLexer.java,937,946,,,,
19856538_0.java,22,31,netbeans-6.9.1-201007282301/cnd.antlr/src/org/netbeans/modules/cnd/antlr/actions/java/ActionLexer.java,1166,1175,,,,
19856538_0.java,22,31,netbeans-6.9.1-201007282301/cnd.antlr/src/org/netbeans/modules/cnd/antlr/actions/java/ActionLexer.java,1286,1295,,,,
19856538_0.java,22,31,netbeans-6.9.1-201007282301/cnd.antlr/src/org/netbeans/modules/cnd/antlr/actions/java/ActionLexer.java,1427,1436,,,,
19856538_0.java,22,31,netbeans-6.9.1-201007282301/cnd.antlr/src/org/netbeans/modules/cnd/antlr/actions/java/ActionLexer.java,1681,1690,,,,
19856538_0.java,22,31,netbeans-6.9.1-201007282301/cnd.antlr/src/org/netbeans/modules/cnd/antlr/actions/java/ActionLexer.java,1766,1775,,,,
19856538_0.java,22,31,netbeans-6.9.1-201007282301/cnd.antlr/src/org/netbeans/modules/cnd/antlr/actions/java/ActionLexer.java,1901,1910,,,,
19856538_0.java,22,31,netbeans-6.9.1-201007282301/cnd.antlr/src/org/netbeans/modules/cnd/antlr/actions/java/ActionLexer.java,2126,2135,,,,
19856538_0.java,22,31,netbeans-6.9.1-201007282301/cnd.antlr/src/org/netbeans/modules/cnd/antlr/actions/java/ActionLexer.java,2363,2372,,,,
19856538_0.java,22,31,netbeans-6.9.1-201007282301/cnd.antlr/src/org/netbeans/modules/cnd/antlr/actions/java/ActionLexer.java,2535,2544,,,,
19856538_0.java,22,31,netbeans-6.9.1-201007282301/cnd.antlr/src/org/netbeans/modules/cnd/antlr/preprocessor/PreprocessorLexer.java,970,979,,,,
19856538_0.java,22,31,netbeans-6.9.1-201007282301/cnd.antlr/src/org/netbeans/modules/cnd/antlr/preprocessor/PreprocessorLexer.java,1252,1261,,,,
19856538_0.java,22,31,netbeans-6.9.1-201007282301/cnd.lexer/src/org/netbeans/modules/cnd/lexer/CndLexer.java,271,280,,,,
19856538_0.java,22,31,netbeans-6.9.1-201007282301/cnd.lexer/src/org/netbeans/modules/cnd/lexer/CndLexer.java,534,543,,,,
19856538_0.java,22,31,netbeans-6.9.1-201007282301/cnd.lexer/src/org/netbeans/modules/cnd/lexer/CppStringLexer.java,102,111,,,,
19856538_0.java,22,31,netbeans-6.9.1-201007282301/cnd.modelimpl/src/org/netbeans/modules/cnd/modelimpl/repository/OffsetableKey.java,36,45,,,,
19856538_0.java,22,31,netbeans-6.9.1-201007282301/cnd.script/src/org/netbeans/modules/cnd/script/lexer/BatLexer.java,128,137,,,,
19856538_0.java,22,31,netbeans-6.9.1-201007282301/cnd.script/src/org/netbeans/modules/cnd/script/lexer/ShLexer.java,509,518,,,,
19856538_0.java,22,31,netbeans-6.9.1-201007282301/java.lexer/src/org/netbeans/lib/java/lexer/JavaLexer.java,265,274,,,,
19856538_0.java,22,31,netbeans-6.9.1-201007282301/java.lexer/src/org/netbeans/lib/java/lexer/JavaLexer.java,918,927,,,,
19856538_0.java,22,31,netbeans-6.9.1-201007282301/lexer/demo/src/org/netbeans/modules/lexer/demo/antlr/CalcScanner.java,97,106,,,,
19856538_0.java,22,31,netbeans-6.9.1-201007282301/lexer/demo/src/org/netbeans/modules/lexer/demo/antlr/CalcScanner.java,315,324,,,,
19856538_0.java,22,31,netbeans-6.9.1-201007282301/lexer/demo/src/org/netbeans/modules/lexer/demo/antlr/CalcScanner.java,350,359,,,,
19856538_0.java,22,31,netbeans-6.9.1-201007282301/lexer/src/org/netbeans/lib/lexer/UnicodeEscapesPreprocessor.java,14,23,,,,
19856538_0.java,22,31,netbeans-6.9.1-201007282301/lexer/test/unit/src/org/netbeans/lib/lexer/test/dump/TokenDumpLexer.java,115,124,,,,
19856538_0.java,22,31,netbeans-6.9.1-201007282301/mobility.midpexamples/LocalizationDemo/src/l10ndemo/LocalizationSupport.java,190,199,,,,
19856538_0.java,22,31,netbeans-6.9.1-201007282301/o.jruby/patched_files/org/jruby/nb/lexer/yacc/RubyYaccLexer.java,1741,1750,,,,
19856538_0.java,22,31,netbeans-6.9.1-201007282301/options.editor/src/org/netbeans/modules/options/colors/AllLanguagesLexer.java,64,73,,,,
19856538_0.java,22,31,netbeans-6.9.1-201007282301/ruby/src/org/netbeans/modules/ruby/lexer/RubyStringLexer.java,44,53,,,,
19856538_0.java,22,31,pmd-4.2.5/pmd-4.2.5/src/net/sourceforge/pmd/rules/SuspiciousOctalEscape.java,65,74,,,,
19856538_0.java,22,31,poi-3.6-20091214/poi-3.6/src/java/org/apache/poi/util/HexRead.java,70,79,,,,
19856538_0.java,22,31,spring-framework-3.0.5/spring-framework-3.0.5.RELEASE/projects/org.springframework.expression/src/main/java/org/springframework/expression/spel/standard/Tokenizer.java,135,144,,,,
19856538_0.java,22,31,struts2-2.2.1-all/struts-2.2.1/src/plugins/json/src/main/java/org/apache/struts2/json/JSONReader.java,184,193,,,,
19856538_0.java,22,31,sunflow-src-v0.07.2/sunflow/src/org/sunflow/image/Bitmap.java,38,47,,,,
19856538_0.java,22,31,xerces-J-2.10.0/xerces-2_10_0/src/org/apache/xerces/dom/DOMImplementationSourceImpl.java,47,56,,,,
19957163_1.java,4,17,FitLibrary20100806/fitnesse/lib/src/fitlibrarySrc/fitlibrary/specify/AggregateDoFixture.java,31,44,,,,
19957163_1.java,4,17,FitLibrary20100806/fitnesse/lib/src/fitlibrarySrc/fitlibrary/specify/eg/FixedPoint.java,7,20,,,,
19957163_1.java,4,17,FitLibrary20100806/fitnesse/lib/src/fitlibrarySrc/fitlibrary/specify/eg/MyPoint.java,7,20,,,,
19957163_1.java,4,17,FitLibrary20100806/fitnesse/lib/src/fitlibrarySrc/fitlibrary/specify/parser/UseConstructor.java,25,38,,,,
19957163_1.java,4,17,FitLibrary20100806/fitnesse/lib/src/fitlibrarySrc/fitlibrary/specify/parser/UsePropertyEditor.java,15,28,,,,
19957163_1.java,4,17,FitLibrary20100806/fitnesse/lib/src/fitlibrarySrc/fitlibraryGeneric/specify/PrePopulated.java,140,153,,,,
20227507_1.java,7,20,myfaces-core-2.0.2/myfaces-core-2.0.2-src/src/myfaces-core-project-2.0.2/myfaces-core-project-2.0.2/api/src/test/java/javax/faces/component/_SharedRendererUtilsTest.java,17,30,,,,
20421869_2.java,22,51,spring-framework-3.0.5/spring-framework-3.0.5.RELEASE/projects/org.springframework.context/src/main/java/org/springframework/context/annotation/ClassPathScanningCandidateComponentProvider.java,90,119,,,,
20458485_0.java,1,12,hibernate-release-4/hibernate-release-4.2.2.Final/project/documentation/src/main/docbook/devguide/en-US/extras/flush_and_clear_session.java,1,12,,,,
20590064_1.java,7,20,myfaces-core-2.0.2/myfaces-core-2.0.2-src/src/myfaces-core-project-2.0.2/myfaces-core-project-2.0.2/api/src/test/java/javax/faces/component/_SharedRendererUtilsTest.java,17,30,,,,
20615360_0.java,1,12,spring-framework-3.0.5/spring-framework-3.0.5.RELEASE/projects/org.springframework.aop/src/main/java/org/springframework/aop/interceptor/ExposeBeanNameAdvisors.java,32,43,,,,
20681509_0.java,2,14,squirrel_sql/squirrel_sql-3.1.2/src/src/net/sourceforge/squirrel_sql/plugins/graph/xmlbeans/FoldingPointXmlBean.java,3,15,,,,
20996373_0.java,1,15,spring-framework-3.0.5/spring-framework-3.0.5.RELEASE/projects/org.springframework.test/src/main/java/org/springframework/mock/web/DelegatingServletInputStream.java,6,20,,,,
20996373_0.java,1,15,spring-framework-3.0.5/spring-framework-3.0.5.RELEASE/projects/org.springframework.web.servlet/src/test/java/org/springframework/mock/web/DelegatingServletInputStream.java,6,20,,,,
20996373_0.java,1,15,spring-framework-3.0.5/spring-framework-3.0.5.RELEASE/projects/org.springframework.web/src/test/java/org/springframework/mock/web/DelegatingServletInputStream.java,6,20,,,,
21280704_0.java,13,25,hibernate-release-4/hibernate-release-4.2.2.Final/project/hibernate-core/src/test/java/org/hibernate/test/naturalid/immutableentity/Building.java,73,85,,,,
21702608_0.java,15,35,hadoop-1/hadoop-1.0.0/src/examples/org/apache/hadoop/examples/DBCountPageView.java,289,309,,,,
21734562_0.java,24,48,jboss-5/jboss-5.1.0.GA-src/tomcat/src/main/org/jboss/web/tomcat/security/jaspi/modules/HTTPBasicServerAuthModule.java,63,87,,,,
21734562_0.java,58,68,jboss-5/jboss-5.1.0.GA-src/tomcat/src/main/org/jboss/web/tomcat/security/jaspi/modules/HTTPBasicServerAuthModule.java,97,107,,,,
21777900_0.java,1,12,hibernate-release-4/hibernate-release-4.2.2.Final/project/documentation/src/main/docbook/devguide/en-US/extras/flush_and_clear_session.java,1,12,,,,
21913079_0.java,65,77,netbeans-6.9.1-201007282301/websvc.metro.samples/samples_src/CalculatorClientApp/src/java/org/me/calculator/client/ClientServlet.java,33,45,,,,
21913079_0.java,65,77,netbeans-6.9.1-201007282301/websvc.metro.samples/samples_src/SecureCalculatorClientApp/src/java/org/me/calculator/client/ClientServlet.java,40,52,,,,
21998949_0.java,31,45,jfreechart-1/jfreechart-1.0.13/source/org/jfree/chart/plot/SpiderWebPlot.java,522,536,,,,
22233192_1.java,4,16,spring-framework-3.0.5/spring-framework-3.0.5.RELEASE/projects/org.springframework.transaction/src/test/java/org/springframework/transaction/annotation/AnnotationTransactionAttributeSourceTests.java,381,393,,,,
22261392_0.java,34,46,hibernate-release-4/hibernate-release-4.2.2.Final/project/hibernate-core/src/test/java/org/hibernate/test/criteria/TestObject.java,3,15,,,,
22607399_1.java,58,78,apache-jmeter-2.9/apache-jmeter-2.9/src/core/org/apache/jmeter/gui/util/TextAreaTableCellEditor.java,48,68,,,,
22608959_0.java,2,14,spring-framework-3.0.5/spring-framework-3.0.5.RELEASE/projects/org.springframework.transaction/src/test/java/org/springframework/transaction/annotation/AnnotationTransactionAttributeSourceTests.java,381,393,,,,
22865824_1.java,67,80,spring-framework-3.0.5/spring-framework-3.0.5.RELEASE/projects/org.springframework.context.support/src/main/java/org/springframework/mail/javamail/JavaMailSenderImpl.java,186,199,,,,
23008293_0.java,1,14,eclipse_SDK/eclipse_SDK-4.3/src/src/jdimodelsrc/org/eclipse/jdt/internal/debug/core/model/JDIThread.java,1680,1693,,,,
23008293_0.java,1,14,eclipse_SDK/eclipse_SDK-4.3/src/src/org/eclipse/debug/core/commands/AbstractDebugCommand.java,106,119,,,,
23300658_2.java,16,27,netbeans-6.9.1-201007282301/db.dataview/src/org/netbeans/modules/db/dataview/output/ShowSQLDialog.java,46,57,,,,
23346101_1.java,7,20,hibernate-release-4/hibernate-release-4.2.2.Final/project/hibernate-envers/src/test/java/org/hibernate/envers/test/entities/ids/EmbId.java,11,24,,,,
23346101_1.java,7,20,hibernate-release-4/hibernate-release-4.2.2.Final/project/hibernate-envers/src/test/java/org/hibernate/envers/test/integration/naming/ids/EmbIdNaming.java,14,27,,,,
23397256_0.java,70,79,jhotdraw-7.5.1/jhotdraw_7.5.1/Source/jhotdraw7/src/main/java/org/jhotdraw/samples/color/CIEXYChromaticityDiagram.java,31,40,,,,
23397256_0.java,70,79,netbeans-6.9.1-201007282301/dlight.visualizers/src/org/netbeans/modules/dlight/visualizers/CallStackTopComponent.java,29,38,,,,
23397256_0.java,70,79,netbeans-6.9.1-201007282301/dlight.visualizers/src/org/netbeans/modules/dlight/visualizers/ThreadMapTopComponent.java,32,41,,,,
23419554_0.java,27,39,spring-framework-3.0.5/spring-framework-3.0.5.RELEASE/projects/org.springframework.transaction/src/test/java/org/springframework/transaction/annotation/AnnotationTransactionAttributeSourceTests.java,381,393,,,,
23473251_1.java,73,86,netbeans-6.9.1-201007282301/form/test/qa-functional/data/SampleProject/src/org/netbeans/test/editor/formatting/testAdvancedIndentation.java,68,81,,,,
23520731_0.java,55,72,hibernate-release-4/hibernate-release-4.2.2.Final/project/hibernate-core/src/main/java/org/hibernate/tool/hbm2ddl/SchemaUpdate.java,170,187,,,,
23568650_0.java,5,18,FitLibrary20100806/fitnesse/lib/src/fitlibrarySrc/fitlibrary/specify/AggregateDoFixture.java,31,44,,,,
23568650_0.java,5,18,FitLibrary20100806/fitnesse/lib/src/fitlibrarySrc/fitlibrary/specify/eg/FixedPoint.java,7,20,,,,
23568650_0.java,5,18,FitLibrary20100806/fitnesse/lib/src/fitlibrarySrc/fitlibrary/specify/eg/MyPoint.java,7,20,,,,
23568650_0.java,5,18,FitLibrary20100806/fitnesse/lib/src/fitlibrarySrc/fitlibrary/specify/parser/UseConstructor.java,25,38,,,,
23568650_0.java,5,18,FitLibrary20100806/fitnesse/lib/src/fitlibrarySrc/fitlibrary/specify/parser/UsePropertyEditor.java,15,28,,,,
23568650_0.java,5,18,FitLibrary20100806/fitnesse/lib/src/fitlibrarySrc/fitlibraryGeneric/specify/PrePopulated.java,140,153,,,,
23586872_1.java,1,20,eclipse_SDK/eclipse_SDK-4.3/src/src/junitsrc/org/junit/Assert.java,33,52,,,,
23586872_1.java,1,20,junit-4/org/junit/Assert.java,33,52,,,,
23782959_0.java,1,17,Compiere_330_Source/release_330/base/src/org/compiere/process/RegisterSystem.java,69,85,,,,
23974103_0.java,1,34,hibernate-release-4/hibernate-release-4.2.2.Final/project/hibernate-core/src/main/java/org/hibernate/action/internal/BulkOperationCleanupAction.java,124,157,,,,
2398335_0.java,1,16,hibernate-release-4/hibernate-release-4.2.2.Final/project/documentation/src/main/docbook/devguide/en-US/extras/using_scroll.java,1,16,,,,
24040300_3.java,20,32,lucene-4.3.0/lucene-4.3.0/analysis/smartcn/src/java/org/apache/lucene/analysis/cn/smart/hhmm/SegTokenPair.java,25,37,,,,
24330611_0.java,162,177,jung2-2_0_1/jung-samples-2.0.1/edu/uci/ics/jung/samples/L2RTreeLayoutDemo.java,102,117,,,,
24330611_0.java,162,177,jung2-2_0_1/jung-samples-2.0.1/edu/uci/ics/jung/samples/TreeCollapseDemo.java,109,124,,,,
24330611_0.java,162,177,jung2-2_0_1/jung-samples-2.0.1/edu/uci/ics/jung/samples/TreeLayoutDemo.java,100,115,,,,
24330611_0.java,162,177,jung2-2_0_1/jung-samples-2.0.1/edu/uci/ics/jung/samples/VertexLabelAsShapeDemo.java,72,87,,,,
24330611_0.java,165,177,jung2-2_0_1/jung-jai-samples-2.0.1/edu/uci/ics/jung/samples/HyperbolicVertexImageShaperDemo.java,149,161,,,,
24330611_0.java,165,177,jung2-2_0_1/jung-samples-2.0.1/edu/uci/ics/jung/samples/AnnotationsDemo.java,89,101,,,,
24330611_0.java,165,177,jung2-2_0_1/jung-samples-2.0.1/edu/uci/ics/jung/samples/DrawnIconVertexDemo.java,82,94,,,,
24330611_0.java,165,177,jung2-2_0_1/jung-samples-2.0.1/edu/uci/ics/jung/samples/GraphEditorDemo.java,115,127,,,,
24330611_0.java,165,177,jung2-2_0_1/jung-samples-2.0.1/edu/uci/ics/jung/samples/GraphFromGraphMLDemo.java,81,93,,,,
24330611_0.java,165,177,jung2-2_0_1/jung-samples-2.0.1/edu/uci/ics/jung/samples/GraphZoomScrollPaneDemo.java,118,130,,,,
24330611_0.java,165,177,jung2-2_0_1/jung-samples-2.0.1/edu/uci/ics/jung/samples/ImageEdgeLabelDemo.java,59,71,,,,
24330611_0.java,165,177,jung2-2_0_1/jung-samples-2.0.1/edu/uci/ics/jung/samples/InternalFrameSatelliteViewDemo.java,92,104,,,,
24330611_0.java,165,177,jung2-2_0_1/jung-samples-2.0.1/edu/uci/ics/jung/samples/LensDemo.java,125,137,,,,
24330611_0.java,165,177,jung2-2_0_1/jung-samples-2.0.1/edu/uci/ics/jung/samples/LensVertexImageShaperDemo.java,149,161,,,,
24330611_0.java,165,177,jung2-2_0_1/jung-samples-2.0.1/edu/uci/ics/jung/samples/PluggableRendererDemo.java,370,382,,,,
24330611_0.java,165,177,jung2-2_0_1/jung-samples-2.0.1/edu/uci/ics/jung/samples/RadialTreeLensDemo.java,119,131,,,,
24330611_0.java,165,177,jung2-2_0_1/jung-samples-2.0.1/edu/uci/ics/jung/samples/ShowLayouts.java,127,139,,,,
24330611_0.java,165,177,jung2-2_0_1/jung-samples-2.0.1/edu/uci/ics/jung/samples/SubLayoutDemo.java,97,109,,,,
24330611_0.java,165,177,jung2-2_0_1/jung-samples-2.0.1/edu/uci/ics/jung/samples/TreeCollapseDemo.java,112,124,,,,
24330611_0.java,165,177,jung2-2_0_1/jung-samples-2.0.1/edu/uci/ics/jung/samples/TreeLayoutDemo.java,103,115,,,,
24330611_0.java,165,177,jung2-2_0_1/jung-samples-2.0.1/edu/uci/ics/jung/samples/UnicodeLabelDemo.java,66,78,,,,
24330611_0.java,165,177,jung2-2_0_1/jung-samples-2.0.1/edu/uci/ics/jung/samples/VertexCollapseDemoWithLayouts.java,116,128,,,,
24330611_0.java,165,177,jung2-2_0_1/jung-samples-2.0.1/edu/uci/ics/jung/samples/VertexImageShaperDemo.java,154,166,,,,
24330611_0.java,165,177,jung2-2_0_1/jung-samples-2.0.1/edu/uci/ics/jung/samples/VertexLabelAsShapeDemo.java,75,87,,,,
24330611_0.java,165,177,jung2-2_0_1/jung-samples-2.0.1/edu/uci/ics/jung/samples/VertexLabelPositionDemo.java,62,74,,,,
24330611_0.java,165,177,jung2-2_0_1/jung-samples-2.0.1/edu/uci/ics/jung/samples/WorldMapGraphDemo.java,133,145,,,,
24330611_0.java,166,177,jung2-2_0_1/jung-jai-samples-2.0.1/edu/uci/ics/jung/samples/HyperbolicVertexImageShaperDemo.java,150,161,,,,
24330611_0.java,166,177,jung2-2_0_1/jung-samples-2.0.1/edu/uci/ics/jung/samples/AnnotationsDemo.java,90,101,,,,
24330611_0.java,166,177,jung2-2_0_1/jung-samples-2.0.1/edu/uci/ics/jung/samples/BalloonLayoutDemo.java,115,126,,,,
24330611_0.java,166,177,jung2-2_0_1/jung-samples-2.0.1/edu/uci/ics/jung/samples/DrawnIconVertexDemo.java,83,94,,,,
24330611_0.java,166,177,jung2-2_0_1/jung-samples-2.0.1/edu/uci/ics/jung/samples/EdgeLabelDemo.java,78,89,,,,
24330611_0.java,166,177,jung2-2_0_1/jung-samples-2.0.1/edu/uci/ics/jung/samples/GraphEditorDemo.java,116,127,,,,
24330611_0.java,166,177,jung2-2_0_1/jung-samples-2.0.1/edu/uci/ics/jung/samples/GraphFromGraphMLDemo.java,82,93,,,,
24330611_0.java,166,177,jung2-2_0_1/jung-samples-2.0.1/edu/uci/ics/jung/samples/GraphZoomScrollPaneDemo.java,119,130,,,,
24330611_0.java,166,177,jung2-2_0_1/jung-samples-2.0.1/edu/uci/ics/jung/samples/ImageEdgeLabelDemo.java,60,71,,,,
24330611_0.java,166,177,jung2-2_0_1/jung-samples-2.0.1/edu/uci/ics/jung/samples/InternalFrameSatelliteViewDemo.java,93,104,,,,
24330611_0.java,166,177,jung2-2_0_1/jung-samples-2.0.1/edu/uci/ics/jung/samples/L2RTreeLayoutDemo.java,106,117,,,,
24330611_0.java,166,177,jung2-2_0_1/jung-samples-2.0.1/edu/uci/ics/jung/samples/LensDemo.java,126,137,,,,
24330611_0.java,166,177,jung2-2_0_1/jung-samples-2.0.1/edu/uci/ics/jung/samples/LensVertexImageShaperDemo.java,150,161,,,,
24330611_0.java,166,177,jung2-2_0_1/jung-samples-2.0.1/edu/uci/ics/jung/samples/PluggableRendererDemo.java,371,382,,,,
24330611_0.java,166,177,jung2-2_0_1/jung-samples-2.0.1/edu/uci/ics/jung/samples/RadialTreeLensDemo.java,120,131,,,,
24330611_0.java,166,177,jung2-2_0_1/jung-samples-2.0.1/edu/uci/ics/jung/samples/SubLayoutDemo.java,98,109,,,,
24330611_0.java,166,177,jung2-2_0_1/jung-samples-2.0.1/edu/uci/ics/jung/samples/TreeCollapseDemo.java,113,124,,,,
24330611_0.java,166,177,jung2-2_0_1/jung-samples-2.0.1/edu/uci/ics/jung/samples/TreeLayoutDemo.java,104,115,,,,
24330611_0.java,166,177,jung2-2_0_1/jung-samples-2.0.1/edu/uci/ics/jung/samples/UnicodeLabelDemo.java,67,78,,,,
24330611_0.java,166,177,jung2-2_0_1/jung-samples-2.0.1/edu/uci/ics/jung/samples/VertexCollapseDemo.java,102,113,,,,
24330611_0.java,166,177,jung2-2_0_1/jung-samples-2.0.1/edu/uci/ics/jung/samples/VertexImageShaperDemo.java,155,166,,,,
24330611_0.java,166,177,jung2-2_0_1/jung-samples-2.0.1/edu/uci/ics/jung/samples/VertexLabelAsShapeDemo.java,76,87,,,,
24330611_0.java,166,177,jung2-2_0_1/jung-samples-2.0.1/edu/uci/ics/jung/samples/VertexLabelPositionDemo.java,63,74,,,,
24330611_0.java,166,177,jung2-2_0_1/jung-samples-2.0.1/edu/uci/ics/jung/samples/WorldMapGraphDemo.java,134,145,,,,
24330611_0.java,321,347,jung2-2_0_1/jung-samples-2.0.1/edu/uci/ics/jung/samples/TreeCollapseDemo.java,248,274,,,,
24404964_0.java,14,31,apache-tomcat-7.0.2/apache-tomcat-7.0.2-src/java/org/apache/catalina/connector/CoyoteAdapter.java,557,573,,,,
24453994_0.java,8,17,iText-src-5/src/core/com/itextpdf/text/pdf/BarcodeEAN.java,18,27,,,,
24640067_0.java,33,45,netbeans-6.9.1-201007282301/websvc.metro.samples/samples_src/CalculatorClientApp/src/java/org/me/calculator/client/ClientServlet.java,33,45,,,,
24640067_0.java,33,45,netbeans-6.9.1-201007282301/websvc.metro.samples/samples_src/SecureCalculatorClientApp/src/java/org/me/calculator/client/ClientServlet.java,40,52,,,,
24848281_0.java,7,20,openjms-0.7.7-beta-1/openjms-0.7.7-beta-1/modules/jms/src/main/java/org/exolab/jms/authentication/User.java,9,22,,,,
24973385_0.java,43,56,hibernate-release-4/hibernate-release-4.2.2.Final/project/hibernate-core/src/test/java/org/hibernate/test/nonflushedchanges/TimestampedEntity.java,11,24,,,,
24973385_0.java,43,56,hibernate-release-4/hibernate-release-4.2.2.Final/project/hibernate-core/src/test/java/org/hibernate/test/nonflushedchanges/VersionedEntity.java,14,27,,,,
24973385_0.java,43,56,hibernate-release-4/hibernate-release-4.2.2.Final/project/hibernate-core/src/test/java/org/hibernate/test/ops/TimestampedEntity.java,10,23,,,,
24973385_0.java,43,56,hibernate-release-4/hibernate-release-4.2.2.Final/project/hibernate-core/src/test/java/org/hibernate/test/ops/VersionedEntity.java,13,26,,,,
24973385_0.java,43,56,hibernate-release-4/hibernate-release-4.2.2.Final/project/hibernate-core/src/test/java/org/hibernate/test/readonly/VersionedNode.java,13,26,,,,
25373489_0.java,26,35,weka-3-7-9/main/java/weka/gui/beans/KnowledgeFlowApp.java,1992,2001,,,,
25373489_0.java,47,58,weka-3-7-9/main/java/weka/gui/beans/KnowledgeFlowApp.java,2037,2048,,,,
25414160_0.java,1,11,netbeans-6.9.1-201007282301/form/test/unit/src/org/netbeans/modules/form/layoutdesign/ALT_Bug124689.java,56,66,,,,
25414160_0.java,1,11,netbeans-6.9.1-201007282301/identity.server.manager/src/org/netbeans/modules/identity/server/manager/ui/ProfileEditorPanel.java,349,359,,,,
25414160_0.java,1,11,netbeans-6.9.1-201007282301/java.source/src/org/netbeans/modules/java/ui/FmtImports.java,63,73,,,,
25414160_0.java,1,11,netbeans-6.9.1-201007282301/vmd.midpnb/src/org/netbeans/modules/vmd/midpnb/propertyeditors/SVGFormEditorElement.java,639,649,,,,
25414160_0.java,1,11,netbeans-6.9.1-201007282301/websvc.wsitconf/src/org/netbeans/modules/websvc/wsitconf/ui/service/subpanels/TargetsPanel.java,98,108,,,,
2752455_0.java,1,17,Compiere_330_Source/release_330/base/src/org/compiere/process/RegisterSystem.java,69,85,,,,
2761630_0.java,1,11,hibernate-release-4/hibernate-release-4.2.2.Final/project/documentation/src/main/docbook/devguide/en-US/extras/using_a_StatelessSession.java,1,11,,,,
3032205_0.java,1,14,struts2-2.2.1-all/struts-2.2.1/src/xwork-core/src/test/java/com/opensymphony/xwork2/test/annotations/Person.java,2,15,,,,
3032205_0.java,2,14,hibernate-release-4/hibernate-release-4.2.2.Final/project/hibernate-core/src/test/java/org/hibernate/test/annotations/query/Identity.java,4,16,,,,
3032205_0.java,2,14,struts2-2.2.1-all/struts-2.2.1/src/apps/portlet/src/main/java/org/apache/struts2/portlet/example/model/Name.java,3,15,,,,
3046986_1.java,7,20,hibernate-release-4/hibernate-release-4.2.2.Final/project/hibernate-core/src/test/java/org/hibernate/test/annotations/subselect/Item.java,6,19,,,,
3046986_1.java,7,20,hibernate-release-4/hibernate-release-4.2.2.Final/project/hibernate-entitymanager/src/test/java/org/hibernate/ejb/test/cacheable/annotation/ExplicitlyCacheableEntity.java,8,21,,,,
3046986_1.java,7,20,hibernate-release-4/hibernate-release-4.2.2.Final/project/hibernate-entitymanager/src/test/java/org/hibernate/ejb/test/cacheable/annotation/ExplicitlyNonCacheableEntity.java,8,21,,,,
3046986_1.java,7,20,hibernate-release-4/hibernate-release-4.2.2.Final/project/hibernate-entitymanager/src/test/java/org/hibernate/ejb/test/cacheable/annotation/NoCacheableAnnotationEntity.java,6,19,,,,
3046986_1.java,7,20,hibernate-release-4/hibernate-release-4.2.2.Final/project/hibernate-entitymanager/src/test/java/org/hibernate/ejb/test/cacheable/cachemodes/SimpleEntity.java,6,19,,,,
3275733_0.java,1,12,hibernate-release-4/hibernate-release-4.2.2.Final/project/documentation/src/main/docbook/devguide/en-US/extras/flush_and_clear_session.java,1,12,,,,
3751463_0.java,1,11,spring-framework-3.0.5/spring-framework-3.0.5.RELEASE/projects/org.springframework.context/src/main/java/org/springframework/scheduling/config/ScheduledTasksBeanDefinitionParser.java,42,52,,,,
3758110_0.java,5,19,spring-framework-3.0.5/spring-framework-3.0.5.RELEASE/projects/org.springframework.web.servlet/src/main/java/org/springframework/web/servlet/mvc/annotation/DefaultAnnotationHandlerMapping.java,78,92,,,,
3865391_0.java,5,17,hibernate-release-4/hibernate-release-4.2.2.Final/project/hibernate-core/src/test/java/org/hibernate/test/annotations/query/Identity.java,4,16,,,,
3865391_0.java,5,17,struts2-2.2.1-all/struts-2.2.1/src/apps/portlet/src/main/java/org/apache/struts2/portlet/example/model/Name.java,3,15,,,,
3865391_0.java,5,17,struts2-2.2.1-all/struts-2.2.1/src/xwork-core/src/test/java/com/opensymphony/xwork2/test/annotations/Person.java,3,15,,,,
4207100_2.java,18,30,hibernate-release-4/hibernate-release-4.2.2.Final/project/hibernate-core/src/test/java/org/hibernate/test/annotations/derivedidentities/bidirectional/Order.java,49,61,,,,
4207100_2.java,18,30,hibernate-release-4/hibernate-release-4.2.2.Final/project/hibernate-core/src/test/java/org/hibernate/test/annotations/derivedidentities/bidirectional/Product.java,33,45,,,,
4207100_3.java,23,35,hibernate-release-4/hibernate-release-4.2.2.Final/project/hibernate-core/src/test/java/org/hibernate/test/annotations/derivedidentities/bidirectional/Order.java,49,61,,,,
4207100_3.java,23,35,hibernate-release-4/hibernate-release-4.2.2.Final/project/hibernate-core/src/test/java/org/hibernate/test/annotations/derivedidentities/bidirectional/Product.java,33,45,,,,
4453908_0.java,1,15,Compiere_330_Source/release_330/base/src/org/compiere/process/RegisterSystem.java,69,85,,,,
4781746_0.java,1,13,spring-framework-3.0.5/spring-framework-3.0.5.RELEASE/projects/org.springframework.web.servlet/src/main/java/org/springframework/web/servlet/DispatcherServlet.java,91,103,,,,
5266856_0.java,2,15,apache-tomcat-7.0.2/apache-tomcat-7.0.2-src/java/javax/servlet/http/HttpServlet.java,111,124,,,,
5266856_0.java,2,15,eclipse_SDK/eclipse_SDK-4.3/src/src/javax/servlet/http/HttpServlet.java,109,122,,,,
5309185_0.java,1,10,megamek-0.35.18/src/megamek/client/ui/swing/MegaMekGUI.java,62,71,,,,
550172_0.java,55,67,jstock-1.0.7c/jstock/src/org/yccheok/jstock/gui/Utils.java,474,486,,,,
5713930_0.java,1,16,hibernate-release-4/hibernate-release-4.2.2.Final/project/documentation/src/main/docbook/devguide/en-US/extras/using_scroll.java,1,16,,,,
5883717_1.java,2,14,apache-ant-1.8.4/src/main/org/apache/tools/ant/taskdefs/XSLTProcess.java,488,500,,,,
5883717_1.java,2,14,apache-ant-1.8.4/src/main/org/apache/tools/ant/taskdefs/optional/XMLValidateTask.java,380,392,,,,
5883717_1.java,2,14,eclipse_SDK/eclipse_SDK-4.3/src/src/libsrc/org/apache/tools/ant/taskdefs/XSLTProcess.java,488,500,,,,
5883717_1.java,2,14,eclipse_SDK/eclipse_SDK-4.3/src/src/libsrc/org/apache/tools/ant/taskdefs/optional/XMLValidateTask.java,380,392,,,,
5883717_1.java,2,14,geotools-2/geotools-2.7-M3/modules/library/main/src/main/java/org/geotools/styling/ExtentImpl.java,6,18,,,,
5883717_1.java,2,14,jboss-5/jboss-5.1.0.GA-src/embedded/src/main/java/org/jboss/embedded/util/SystemProperty.java,3,15,,,,
5883717_1.java,2,14,jboss-5/jboss-5.1.0.GA-src/testsuite/src/main/org/jboss/test/xml/mbeanserver/JavaBeanSchemaInitializer.java,90,102,,,,
5883717_1.java,2,14,spring-framework-3.0.5/spring-framework-3.0.5.RELEASE/projects/org.springframework.web.servlet/src/main/java/org/springframework/web/servlet/tags/Param.java,3,15,,,,
6082389_0.java,14,26,apache-ant-1.8.4/src/main/org/apache/tools/ant/taskdefs/XSLTProcess.java,488,500,,,,
6082389_0.java,14,26,apache-ant-1.8.4/src/main/org/apache/tools/ant/taskdefs/optional/XMLValidateTask.java,380,392,,,,
6082389_0.java,14,26,eclipse_SDK/eclipse_SDK-4.3/src/src/libsrc/org/apache/tools/ant/taskdefs/XSLTProcess.java,488,500,,,,
6082389_0.java,14,26,geotools-2/geotools-2.7-M3/modules/library/main/src/main/java/org/geotools/styling/ExtentImpl.java,6,18,,,,
6082389_0.java,14,26,jboss-5/jboss-5.1.0.GA-src/embedded/src/main/java/org/jboss/embedded/util/SystemProperty.java,3,15,,,,
6082389_0.java,14,26,spring-framework-3.0.5/spring-framework-3.0.5.RELEASE/projects/org.springframework.web.servlet/src/main/java/org/springframework/web/servlet/tags/Param.java,3,15,,,,
6236324_0.java,226,255,aoisrc281/ArtOfIllusion/src/artofillusion/image/MovieEncoder.java,152,181,,,,
626322_0.java,5,14,eclipse_SDK/eclipse_SDK-4.3/src/src/org/eclipse/jetty/server/handler/ErrorHandler.java,124,133,,,,
6921379_0.java,5,17,hibernate-release-4/hibernate-release-4.2.2.Final/project/hibernate-core/src/test/java/org/hibernate/test/annotations/derivedidentities/bidirectional/Order.java,49,61,,,,
6921379_0.java,5,17,hibernate-release-4/hibernate-release-4.2.2.Final/project/hibernate-core/src/test/java/org/hibernate/test/annotations/derivedidentities/bidirectional/Product.java,33,45,,,,
7047728_0.java,29,42,hibernate-release-4/hibernate-release-4.2.2.Final/project/hibernate-core/src/main/java/org/hibernate/type/StringClobType.java,52,65,,,,
7047728_0.java,29,42,hibernate-release-4/hibernate-release-4.2.2.Final/project/hibernate-core/src/test/java/org/hibernate/test/annotations/entity/CasterStringType.java,51,64,,,,
7047728_0.java,29,42,hibernate-release-4/hibernate-release-4.2.2.Final/project/hibernate-core/src/test/java/org/hibernate/test/annotations/entity/PhoneNumberType.java,43,56,,,,
7047728_0.java,29,42,hibernate-release-4/hibernate-release-4.2.2.Final/project/hibernate-core/src/test/java/org/hibernate/test/annotations/generics/StateType.java,39,52,,,,
7047728_0.java,29,42,hibernate-release-4/hibernate-release-4.2.2.Final/project/hibernate-envers/src/test/java/org/hibernate/envers/test/entities/ids/CustomEnumUserType.java,45,58,,,,
7071060_1.java,19,39,eclipse_SDK/eclipse_SDK-4.3/src/src/org/apache/http/entity/FileEntity.java,15,35,,,,
7383847_1.java,35,47,lucene-4.3.0/lucene-4.3.0/analysis/smartcn/src/java/org/apache/lucene/analysis/cn/smart/hhmm/PathNode.java,22,34,,,,
7383847_1.java,35,47,lucene-4.3.0/lucene-4.3.0/analysis/smartcn/src/java/org/apache/lucene/analysis/cn/smart/hhmm/SegTokenPair.java,25,37,,,,
8037824_0.java,1,20,jasperreports-3/jasperreports-3.7.4/src/net/sf/jasperreports/engine/design/JRVerifier.java,1221,1240,,,,
8409971_0.java,65,86,apache-tomcat-7.0.2/apache-tomcat-7.0.2-src/java/org/apache/coyote/http11/filters/GzipOutputFilter.java,47,68,,,,
8658036_4.java,18,30,struts2-2.2.1-all/struts-2.2.1/src/xwork-core/src/test/java/com/opensymphony/xwork2/test/annotations/ValidateAnnotatedMethodOnlyAction.java,7,19,,,,
8836350_0.java,7,18,eclipse_SDK/eclipse_SDK-4.3/src/src/org/eclipse/ui/internal/ide/misc/FileInfoAttributesMatcher.java,167,178,,,,
8869781_0.java,31,41,netbeans-6.9.1-201007282301/j2ee.sun.ddui/src/org/netbeans/modules/j2ee/sun/validation/util/Utils.java,76,86,,,,
8965751_0.java,4,13,batik-src-1.7/batik-1.7/sources/org/apache/batik/parser/LengthParser.java,201,211,,,,
9291241_1.java,1,11,apache-ant-1.8.4/src/main/org/apache/tools/ant/taskdefs/Mkdir.java,19,29,,,,
9291241_1.java,1,11,eclipse_SDK/eclipse_SDK-4.3/src/src/libsrc/org/apache/tools/ant/taskdefs/Mkdir.java,19,29,,,,
9829474_0.java,2,11,jruby-1.5.2/jruby-1.5.2/src/org/jruby/compiler/impl/StandardASMCompiler.java,387,396,,,,
9829474_0.java,2,14,db-derby-10/db-derby-10.6.1.0-src/java/testing/org/apache/derbyTesting/functionTests/tests/lang/WiscMetaData.java,12,24,,,,
9829474_0.java,4,14,cayenne-3/cayenne-3.0.1-src/framework/cayenne-jdk1.5-unpublished/src/main/java/org/apache/cayenne/exp/parser/ExpressionParser.java,243,253,,,,