10031897_0.java,2,13,hibernate-release-4/hibernate-release-4.2.2.Final/project/hibernate-core/src/main/java/org/hibernate/transform/AliasToBeanResultTransformer.java,44,61
10042010_0.java,17,29,jung2-2_0_1/jung-algorithms-2.0.1/edu/uci/ics/jung/algorithms/layout/TreeLayout.java,50,65
10165127_0.java,38,56,Compiere_330_Source/release_330/base/src/org/compiere/process/RegisterSystem.java,22,118
10165127_0.java,38,56,eclipse_SDK/eclipse_SDK-4.3/src/src/org/eclipse/help/internal/base/remote/HttpsUtility.java,17,37
10165127_0.java,38,56,eclipse_SDK/eclipse_SDK-4.3/src/src/org/eclipse/help/internal/base/remote/HttpsUtility.java,38,60
10165127_0.java,38,56,eclipse_SDK/eclipse_SDK-4.3/src/src/org/eclipse/help/internal/base/remote/HttpsUtility.java,61,80
10165127_0.java,38,56,eclipse_SDK/eclipse_SDK-4.3/src/src/org/eclipse/help/internal/base/remote/HttpsUtility.java,81,100
10165127_0.java,38,56,eclipse_SDK/eclipse_SDK-4.3/src/src/org/eclipse/help/internal/base/remote/HttpsUtility.java,101,120
10165127_0.java,38,56,eclipse_SDK/eclipse_SDK-4.3/src/src/org/eclipse/help/internal/base/remote/HttpsUtility.java,121,149
10203745_1.java,1,11,ArgoUML-0.34-src/argouml/src/argouml-app/src/org/argouml/uml/ui/UMLComboBoxModel2.java,301,318
10203745_1.java,1,11,ArgoUML-0.34-src/argouml/src/argouml-core-umlpropertypanels/src/org/argouml/core/propertypanels/ui/UMLComboBoxModel.java,281,298
10235080_0.java,34,52,jstock-1.0.7c/jstock/src/org/yccheok/jstock/gui/ChangeStockInfoJDialog.java,126,155
10315932_0.java,1,13,netbeans-6.9.1-201007282301/java.source/test/unit/data/jdk/JTable.java,940,962
10488746_1.java,13,27,netbeans-6.9.1-201007282301/form/test/qa-functional/data/SampleProject/src/org/netbeans/test/editor/formatting/testReformat2.java,11,50
10488746_1.java,28,50,jstock-1.0.7c/jstock/src/org/yccheok/jstock/gui/ChangeStockInfoJDialog.java,126,155
10636043_0.java,1,12,jboss-5/jboss-5.1.0.GA-src/testsuite/src/main/org/jboss/test/cluster/defaultcfg/ejb2/ustxsticky/test/UserTransactionStickyUnitTestCase.java,25,54
10753686_0.java,1,22,netbeans-6.9.1-201007282301/kenai.ui/src/org/netbeans/modules/kenai/ui/treelist/TreeList.java,124,159
10777834_0.java,7,19,checkstyle-src-5/checkstyle-src-5.1/src/checkstyle/com/puppycrawl/tools/checkstyle/checks/blocks/LeftCurlyCheck.java,16,37
10777834_0.java,7,19,checkstyle-src-5/checkstyle-src-5.1/src/checkstyle/com/puppycrawl/tools/checkstyle/checks/javadoc/JavadocStyleCheck.java,36,50
10900361_0.java,1,11,netbeans-6.9.1-201007282301/editor.lib/src/org/netbeans/editor/AnnotationType.java,60,85
10900361_0.java,1,11,netbeans-6.9.1-201007282301/editor.lib/src/org/netbeans/editor/AnnotationType.java,66,73
10918960_0.java,1,12,netbeans-6.9.1-201007282301/masterfs/src/org/netbeans/modules/masterfs/filebasedfs/FileBasedURLMapper.java,65,76
10924700_0.java,1,18,spring-framework-3.0.5/spring-framework-3.0.5.RELEASE/projects/org.springframework.oxm/src/main/java/org/springframework/oxm/jaxb/Jaxb2Marshaller.java,253,270
10937664_0.java,13,31,jstock-1.0.7c/jstock/src/org/yccheok/jstock/gui/ChangeStockInfoJDialog.java,126,155
10952561_0.java,40,49,spring-framework-3.0.5/spring-framework-3.0.5.RELEASE/projects/org.springframework.orm/src/main/java/org/springframework/orm/hibernate3/HibernateTemplate.java,760,769
11156584_0.java,165,174,checkstyle-src-5/checkstyle-src-5.1/src/checkstyle/com/puppycrawl/tools/checkstyle/gui/ParseTreeModel.java,31,46
11156584_0.java,165,174,netbeans-6.9.1-201007282301/autoupdate.pluginimporter/src/org/netbeans/modules/autoupdate/pluginimporter/ImportManager.java,319,380
11259671_0.java,176,185,checkstyle-src-5/checkstyle-src-5.1/src/checkstyle/com/puppycrawl/tools/checkstyle/gui/ParseTreeModel.java,31,46
11259671_0.java,176,185,netbeans-6.9.1-201007282301/autoupdate.pluginimporter/src/org/netbeans/modules/autoupdate/pluginimporter/ImportManager.java,319,380
11329025_0.java,129,138,checkstyle-src-5/checkstyle-src-5.1/src/checkstyle/com/puppycrawl/tools/checkstyle/gui/ParseTreeModel.java,31,46
11329025_0.java,129,138,netbeans-6.9.1-201007282301/autoupdate.pluginimporter/src/org/netbeans/modules/autoupdate/pluginimporter/ImportManager.java,319,380
11508305_0.java,112,129,jstock-1.0.7c/jstock/src/org/yccheok/jstock/gui/ChangeStockInfoJDialog.java,126,155
11553639_0.java,131,143,netbeans-6.9.1-201007282301/xml/src/org/netbeans/modules/xml/wizard/impl/SchemaPanel.java,501,511
11696992_0.java,86,108,jstock-1.0.7c/jstock/src/org/yccheok/jstock/gui/ChangeStockInfoJDialog.java,126,155
11745626_0.java,1,11,hibernate-release-4/hibernate-release-4.2.2.Final/project/hibernate-core/src/test/java/org/hibernate/test/criteria/CriteriaQueryTest.java,442,591
11928008_0.java,75,92,jstock-1.0.7c/jstock/src/org/yccheok/jstock/gui/ChangeStockInfoJDialog.java,126,155
1201102_0.java,1,23,eclipse_SDK/eclipse_SDK-4.3/src/src/org/eclipse/help/internal/base/remote/HttpsUtility.java,38,60
1201102_0.java,1,23,eclipse_SDK/eclipse_SDK-4.3/src/src/org/eclipse/help/internal/base/remote/HttpsUtility.java,61,80
1201102_0.java,1,23,eclipse_SDK/eclipse_SDK-4.3/src/src/org/eclipse/help/internal/base/remote/HttpsUtility.java,101,120
12122695_0.java,6,15,eclipse_SDK/eclipse_SDK-4.3/src/src/org/eclipse/ui/internal/views/markers/ViewerColumnsDialog.java,627,640
12405567_0.java,1,15,commons-collections-3/commons-collections-3.2.1-src/src/java/org/apache/commons/collections/comparators/ComparatorChain.java,81,102
12427981_1.java,34,50,c-jdbc-2/c-jdbc-2.0.2-src/src/org/objectweb/cjdbc/common/util/LoggingOutputStream.java,53,73
12483877_0.java,133,155,jstock-1.0.7c/jstock/src/org/yccheok/jstock/gui/ChangeStockInfoJDialog.java,126,155
12488529_1.java,80,106,jhotdraw-7.5.1/jhotdraw_7.5.1/Source/jhotdraw7/src/main/java/org/jhotdraw/util/Images.java,41,80
12695454_1.java,1,11,spring-framework-3.0.5/spring-framework-3.0.5.RELEASE/projects/org.springframework.orm/src/main/java/org/springframework/orm/hibernate3/HibernateTemplate.java,114,154
12733450_0.java,1,10,JGroups-2/JGroups-2.10.0.GA.src/tests/junit/org/jgroups/tests/TUNNELDeadLockTest.java,45,85
12733450_0.java,1,10,netbeans-6.9.1-201007282301/form/src/org/netbeans/modules/form/BindingCustomizer.java,831,875
12844115_0.java,128,138,netbeans-6.9.1-201007282301/openide.explorer/src/org/openide/explorer/propertysheet/SheetCellEditor.java,138,154
12936580_0.java,198,211,jfreechart-1/jfreechart-1.0.13/source/org/jfree/chart/renderer/category/AbstractCategoryItemRenderer.java,525,541
12936580_0.java,198,211,jfreechart-1/jfreechart-1.0.13/source/org/jfree/chart/renderer/category/AbstractCategoryItemRenderer.java,542,558
12936580_0.java,198,211,jfreechart-1/jfreechart-1.0.13/source/org/jfree/chart/renderer/xy/AbstractXYItemRenderer.java,579,595
12936580_0.java,198,211,jfreechart-1/jfreechart-1.0.13/source/org/jfree/chart/renderer/xy/AbstractXYItemRenderer.java,732,748
13051546_0.java,26,36,netbeans-6.9.1-201007282301/form/test/qa-functional/data/SampleProject/src/org/netbeans/test/editor/formatting/testReformat2.java,11,50
13051546_0.java,37,59,jstock-1.0.7c/jstock/src/org/yccheok/jstock/gui/ChangeStockInfoJDialog.java,126,155
13219118_0.java,12,27,Compiere_330_Source/release_330/ad/src/org/compiere/translate/AmtInWords_ES.java,49,77
13226181_0.java,20,31,jhotdraw-7.5.1/jhotdraw_7.5.1/Source/jhotdraw7/src/main/java/org/jhotdraw/samples/color/CIEXYChromaticityDiagram.java,42,53
13226181_0.java,20,31,jhotdraw-7.5.1/jhotdraw_7.5.1/Source/jhotdraw7/src/main/java/org/jhotdraw/samples/color/JMixer.java,148,159
13226181_0.java,20,31,jhotdraw-7.5.1/jhotdraw_7.5.1/Source/jhotdraw7/src/main/java/org/jhotdraw/samples/color/WheelsAndSlidersMain.java,122,133
13226181_0.java,20,31,jhotdraw-7.5.1/jhotdraw_7.5.1/Source/jhotdraw7/src/main/java/org/jhotdraw/samples/draw/DrawApplet.java,168,182
13226181_0.java,20,31,jhotdraw-7.5.1/jhotdraw_7.5.1/Source/jhotdraw7/src/main/java/org/jhotdraw/samples/font/FontChooserMain.java,9,24
13226181_0.java,20,31,jhotdraw-7.5.1/jhotdraw_7.5.1/Source/jhotdraw7/src/main/java/org/jhotdraw/samples/mini/CreationToolSample.java,12,44
13226181_0.java,20,31,jhotdraw-7.5.1/jhotdraw_7.5.1/Source/jhotdraw7/src/main/java/org/jhotdraw/samples/mini/DnDMultiEditorSample.java,13,60
13226181_0.java,20,31,jhotdraw-7.5.1/jhotdraw_7.5.1/Source/jhotdraw7/src/main/java/org/jhotdraw/samples/mini/EditorSample.java,9,40
13226181_0.java,20,31,jhotdraw-7.5.1/jhotdraw_7.5.1/Source/jhotdraw7/src/main/java/org/jhotdraw/samples/mini/FileIconsSample.java,14,84
13226181_0.java,20,31,jhotdraw-7.5.1/jhotdraw_7.5.1/Source/jhotdraw7/src/main/java/org/jhotdraw/samples/mini/LabeledLineConnectionFigureSample.java,12,48
13226181_0.java,20,31,jhotdraw-7.5.1/jhotdraw_7.5.1/Source/jhotdraw7/src/main/java/org/jhotdraw/samples/mini/LayouterSample.java,7,31
13226181_0.java,20,31,jhotdraw-7.5.1/jhotdraw_7.5.1/Source/jhotdraw7/src/main/java/org/jhotdraw/samples/mini/MovableChildFiguresSample.java,40,67
13226181_0.java,20,31,jhotdraw-7.5.1/jhotdraw_7.5.1/Source/jhotdraw7/src/main/java/org/jhotdraw/samples/mini/MultiEditorSample.java,10,55
13226181_0.java,20,31,jhotdraw-7.5.1/jhotdraw_7.5.1/Source/jhotdraw7/src/main/java/org/jhotdraw/samples/mini/SelectionToolSample.java,24,31
13226181_0.java,20,31,jhotdraw-7.5.1/jhotdraw_7.5.1/Source/jhotdraw7/src/main/java/org/jhotdraw/samples/mini/SmartConnectionFigureSample.java,33,64
13226181_0.java,20,31,jhotdraw-7.5.1/jhotdraw_7.5.1/Source/jhotdraw7/src/main/java/org/jhotdraw/samples/net/NetApplet.java,172,186
13226181_0.java,20,31,jhotdraw-7.5.1/jhotdraw_7.5.1/Source/jhotdraw7/src/main/java/org/jhotdraw/samples/pert/PertApplet.java,167,181
13226181_0.java,20,31,jhotdraw-7.5.1/jhotdraw_7.5.1/Source/jhotdraw7/src/main/java/org/jhotdraw/samples/svg/SVGApplet.java,286,300
13311280_0.java,29,54,netbeans-6.9.1-201007282301/form/test/qa-functional/data/SampleDesktopApplication/src/sampledesktopapplication/SampleDesktopView.java,40,65
13311280_0.java,29,54,netbeans-6.9.1-201007282301/java.examples/DocumentEditor/src/documenteditor/DocumentEditorView.java,53,78
13311280_0.java,29,54,netbeans-6.9.1-201007282301/java.examples/MarsRoverViewer/src/marsroverviewer/MarsRoverViewerView.java,51,76
13311280_0.java,29,54,netbeans-6.9.1-201007282301/swingapp/appshells/BasicShellApp/src/applicationpackage/ShellView.java,40,65
13311280_0.java,29,54,netbeans-6.9.1-201007282301/swingapp/appshells/CRUDShellApp/src/applicationpackage/ShellView.java,26,98
13311280_0.java,29,54,netbeans-6.9.1-201007282301/swingapp/appshells/CRUDShellApp/src/applicationpackage/ShellView.java,52,77
13364730_1.java,17,27,jhotdraw-7.5.1/jhotdraw_7.5.1/Source/jhotdraw7/src/main/java/org/jhotdraw/samples/color/CIEXYChromaticityDiagram.java,29,41
13364730_1.java,17,27,netbeans-6.9.1-201007282301/apisupport.installer/src/org/netbeans/modules/apisupport/installer/ui/InstallerPanel.java,14,109
13364730_1.java,17,27,netbeans-6.9.1-201007282301/cnd.remote/src/org/netbeans/modules/cnd/remote/ui/EditPathMapDialog.java,263,361
13364730_1.java,17,27,netbeans-6.9.1-201007282301/cnd/src/org/netbeans/modules/cnd/ui/options/CndOtherOptionsPanel.java,139,185
13364730_1.java,17,27,netbeans-6.9.1-201007282301/core.ui/src/org/netbeans/core/ui/warmup/RefreshWarningVisual.java,11,34
13364730_1.java,17,27,netbeans-6.9.1-201007282301/dlight.visualizers/src/org/netbeans/modules/dlight/visualizers/CallStackTopComponent.java,28,39
13364730_1.java,17,27,netbeans-6.9.1-201007282301/dlight.visualizers/src/org/netbeans/modules/dlight/visualizers/ThreadMapTopComponent.java,31,42
13364730_1.java,17,27,netbeans-6.9.1-201007282301/options.keymap/src/org/netbeans/modules/options/keymap/KeymapPanel.java,236,327
13364730_1.java,17,27,netbeans-6.9.1-201007282301/options.keymap/src/org/netbeans/modules/options/keymap/ShortcutCellPanel.java,92,125
13364730_1.java,17,27,netbeans-6.9.1-201007282301/php.project/src/org/netbeans/modules/php/project/ui/customizer/CustomizerSources.java,302,471
13364730_1.java,17,27,netbeans-6.9.1-201007282301/php.project/src/org/netbeans/modules/php/project/ui/customizer/LocalPathCell.java,35,64
13364730_1.java,17,27,netbeans-6.9.1-201007282301/profiler.attach/src/org/netbeans/modules/profiler/attach/panels/SelectIntegrationTypePanelUI.java,14,101
13505913_0.java,98,110,netbeans-6.9.1-201007282301/form/src/org/netbeans/modules/form/editors/TableCustomizer.java,1666,1694
13506651_0.java,1,10,apache-jmeter-2.9/apache-jmeter-2.9/src/components/org/apache/jmeter/sampler/gui/TestActionGui.java,98,192
13506651_0.java,1,10,netbeans-6.9.1-201007282301/projectui/src/org/netbeans/modules/project/ui/actions/ActiveConfigAction.java,76,117
13524878_0.java,1,16,jstock-1.0.7c/jstock/src/org/yccheok/jstock/gui/table/GenericEditor.java,19,44
14615978_0.java,41,64,jstock-1.0.7c/jstock/src/org/yccheok/jstock/gui/ChangeStockInfoJDialog.java,126,155
14969416_0.java,1,16,jstock-1.0.7c/jstock/src/org/yccheok/jstock/gui/ChangeStockInfoJDialog.java,126,155
14969416_1.java,1,11,jstock-1.0.7c/jstock/src/org/yccheok/jstock/gui/ChangeStockInfoJDialog.java,126,155
14983497_0.java,51,60,hibernate-release-4/hibernate-release-4.2.2.Final/project/hibernate-envers/src/test/java/org/hibernate/envers/test/entities/customtype/CompositeTestUserType.java,38,46
15039172_0.java,27,49,jstock-1.0.7c/jstock/src/org/yccheok/jstock/gui/ChangeStockInfoJDialog.java,126,155
15358286_0.java,1,11,galleon-2/src/org/lnicholls/galleon/app/AppDescriptor.java,28,98
15811229_0.java,1,10,apache-jmeter-2.9/apache-jmeter-2.9/src/components/org/apache/jmeter/sampler/gui/TestActionGui.java,98,192
15811229_0.java,1,10,netbeans-6.9.1-201007282301/projectui/src/org/netbeans/modules/project/ui/actions/ActiveConfigAction.java,76,117
15847229_0.java,54,76,jstock-1.0.7c/jstock/src/org/yccheok/jstock/gui/ChangeStockInfoJDialog.java,126,155
15847229_1.java,5,19,netbeans-6.9.1-201007282301/spi.palette/src/org/netbeans/modules/palette/ui/TextImporterUI.java,61,189
15847229_2.java,5,19,netbeans-6.9.1-201007282301/apisupport.facebooksample/facebook-module/src/org/netbeans/modules/fcb/win/UserPanel.java,32,123
15847229_2.java,5,19,netbeans-6.9.1-201007282301/maven.samples/samples_src/facebook-module/src/main/java/org/netbeans/modules/fcb/facebookmodule/UserPanel.java,32,123
15847229_2.java,5,19,netbeans-6.9.1-201007282301/maven.samples/samples_src/facebook-module/src/main/resources/org/netbeans/modules/fcb/facebookmodule/UserPanel.java,32,123
15847229_2.java,5,19,netbeans-6.9.1-201007282301/spi.palette/src/org/netbeans/modules/palette/ui/TextImporterUI.java,61,189
15882640_0.java,20,38,spring-framework-3.0.5/spring-framework-3.0.5.RELEASE/projects/org.springframework.web.servlet/src/main/java/org/springframework/web/servlet/mvc/annotation/AnnotationMethodHandlerAdapter.java,603,623
15929471_0.java,1,16,jstock-1.0.7c/jstock/src/org/yccheok/jstock/gui/ChangeStockInfoJDialog.java,126,155
15990507_1.java,60,82,jstock-1.0.7c/jstock/src/org/yccheok/jstock/gui/ChangeStockInfoJDialog.java,126,155
16019696_0.java,1,14,hibernate-release-4/hibernate-release-4.2.2.Final/project/documentation/src/main/docbook/devguide/en-US/extras/bmt-idiom.java,1,16
16081828_0.java,1,11,apache-tomcat-7.0.2/apache-tomcat-7.0.2-src/java/org/apache/catalina/core/ApplicationTaglibDescriptor.java,27,54
16081828_0.java,1,11,apache-tomcat-7.0.2/apache-tomcat-7.0.2-src/java/org/apache/catalina/deploy/LoginConfig.java,79,120
16081828_0.java,1,11,apache-tomcat-7.0.2/apache-tomcat-7.0.2-src/java/org/apache/catalina/deploy/MultipartDef.java,47,88
16081828_0.java,1,11,apache-tomcat-7.0.2/apache-tomcat-7.0.2-src/java/org/apache/el/parser/SimpleNode.java,113,139
16081828_0.java,1,11,colt-1/colt/src/cern/colt/matrix/DoubleMatrix1D.java,134,145
16081828_0.java,1,11,colt-1/colt/src/cern/colt/matrix/DoubleMatrix2D.java,112,123
16081828_0.java,1,11,colt-1/colt/src/cern/colt/matrix/DoubleMatrix3D.java,128,139
16081828_0.java,1,11,eclipse_SDK/eclipse_SDK-4.3/src/src/org/eclipse/equinox/internal/p2/metadata/InstallableUnit.java,76,102
16081828_0.java,1,11,eclipse_SDK/eclipse_SDK-4.3/src/src/org/eclipse/equinox/internal/p2/metadata/RequirementChange.java,38,64
16081828_0.java,1,11,eclipse_SDK/eclipse_SDK-4.3/src/src/org/eclipse/equinox/internal/p2/metadata/TouchpointData.java,13,32
16081828_0.java,1,11,eclipse_SDK/eclipse_SDK-4.3/src/src/org/eclipse/equinox/internal/p2/metadata/TouchpointInstruction.java,47,73
16081828_0.java,1,11,eclipse_SDK/eclipse_SDK-4.3/src/src/org/eclipse/equinox/internal/p2/ui/model/AvailableIUElement.java,124,148
16081828_0.java,1,11,eclipse_SDK/eclipse_SDK-4.3/src/src/org/eclipse/equinox/internal/p2/ui/model/AvailableUpdateElement.java,44,62
16081828_0.java,1,11,eclipse_SDK/eclipse_SDK-4.3/src/src/org/eclipse/equinox/internal/p2/ui/model/CategoryElement.java,90,106
16081828_0.java,1,11,eclipse_SDK/eclipse_SDK-4.3/src/src/org/eclipse/equinox/internal/p2/ui/model/InstalledIUElement.java,56,80
16081828_0.java,1,11,eclipse_SDK/eclipse_SDK-4.3/src/src/org/eclipse/equinox/p2/operations/Update.java,10,28
16081828_0.java,1,11,eclipse_SDK/eclipse_SDK-4.3/src/src/org/eclipse/equinox/p2/repository/artifact/spi/ProcessingStepDescriptor.java,30,59
16081828_0.java,1,11,eclipse_SDK/eclipse_SDK-4.3/src/src/org/eclipse/equinox/p2/repository/spi/RepositoryReference.java,18,37
16081828_0.java,1,11,eclipse_SDK/eclipse_SDK-4.3/src/src/org/eclipse/jdt/internal/ui/text/spelling/engine/AbstractSpellDictionary.java,54,70
16081828_0.java,1,11,eclipse_SDK/eclipse_SDK-4.3/src/src/org/eclipse/pde/api/tools/internal/comparator/Delta.java,112,176
16081828_0.java,1,11,eclipse_SDK/eclipse_SDK-4.3/src/src/org/eclipse/team/internal/ui/synchronize/LocalResourceSaveableComparison.java,217,236
16081828_0.java,1,11,eclipse_SDK/eclipse_SDK-4.3/src/src/org/eclipse/ui/internal/views/markers/MarkerEntry.java,251,270
16081828_0.java,1,11,eclipse_SDK/eclipse_SDK-4.3/src/src/org/eclipse/ui/internal/views/markers/Markers.java,278,297
16081828_0.java,1,11,eclipse_SDK/eclipse_SDK-4.3/src/src/org/eclipse/ui/internal/views/markers/ViewerColumnsDialog.java,497,519
16081828_0.java,1,11,eclipse_SDK/eclipse_SDK-4.3/src/src/org/eclipse/ui/trace/internal/datamodel/TracingComponent.java,25,45
16081828_0.java,1,11,eclipse_SDK/eclipse_SDK-4.3/src/src/org/eclipse/ui/trace/internal/datamodel/TracingComponentDebugOption.java,41,68
16081828_0.java,1,11,findbugs-1/findbugs-1.3.9/src/java/edu/umd/cs/findbugs/filter/Filter.java,39,59
16081828_0.java,1,11,geotools-2/geotools-2.7-M3/modules/library/render/src/main/java/org/geotools/map/MapLayer.java,210,230
16081828_0.java,1,11,geotools-2/geotools-2.7-M3/modules/unsupported/geometry/src/main/java/org/geotools/geometry/iso/coordinate/LineStringImpl.java,200,227
16081828_0.java,1,11,geotools-2/geotools-2.7-M3/modules/unsupported/geometry/src/main/java/org/geotools/geometry/iso/coordinate/PointArrayImpl.java,221,256
16081828_0.java,1,11,hadoop-1/hadoop-1.0.0/src/contrib/eclipse-plugin/src/java/org/apache/hadoop/eclipse/server/HadoopJob.java,81,108
16081828_0.java,1,11,hadoop-1/hadoop-1.0.0/src/core/org/apache/hadoop/net/SocksSocketFactory.java,59,79
16081828_0.java,1,11,hibernate-release-4/hibernate-release-4.2.2.Final/project/hibernate-core/src/test/java/org/hibernate/test/annotations/cascade/circle/identity/AbstractEntity.java,41,61
16081828_0.java,1,11,hibernate-release-4/hibernate-release-4.2.2.Final/project/hibernate-core/src/test/java/org/hibernate/test/annotations/cascade/circle/sequence/AbstractEntity.java,41,61
16081828_0.java,1,11,hibernate-release-4/hibernate-release-4.2.2.Final/project/hibernate-core/src/test/java/org/hibernate/test/annotations/cascade/multicircle/jpa/identity/AbstractEntity.java,39,59
16081828_0.java,1,11,hibernate-release-4/hibernate-release-4.2.2.Final/project/hibernate-core/src/test/java/org/hibernate/test/annotations/cascade/multicircle/jpa/sequence/AbstractEntity.java,41,61
16081828_0.java,1,11,hibernate-release-4/hibernate-release-4.2.2.Final/project/hibernate-core/src/test/java/org/hibernate/test/annotations/cascade/multicircle/nonjpa/identity/AbstractEntity.java,39,59
16081828_0.java,1,11,hibernate-release-4/hibernate-release-4.2.2.Final/project/hibernate-core/src/test/java/org/hibernate/test/annotations/cascade/multicircle/nonjpa/sequence/AbstractEntity.java,41,61
16081828_0.java,1,11,hibernate-release-4/hibernate-release-4.2.2.Final/project/hibernate-core/src/test/java/org/hibernate/test/annotations/idclass/xml/HabitatSpeciesLink.java,29,56
16081828_0.java,1,11,hibernate-release-4/hibernate-release-4.2.2.Final/project/hibernate-core/src/test/java/org/hibernate/test/collection/map/hhh7557/MapKey.java,70,98
16081828_0.java,1,11,hibernate-release-4/hibernate-release-4.2.2.Final/project/hibernate-core/src/test/java/org/hibernate/test/collection/map/hhh7557/MapValue.java,52,73
16081828_0.java,1,11,hibernate-release-4/hibernate-release-4.2.2.Final/project/hibernate-core/src/test/java/org/hibernate/test/propertyref/DoesNotWork.java,60,80
16081828_0.java,1,11,hibernate-release-4/hibernate-release-4.2.2.Final/project/hibernate-core/src/test/java/org/hibernate/test/propertyref/DoesNotWorkPk.java,32,59
16081828_0.java,1,11,hibernate-release-4/hibernate-release-4.2.2.Final/project/hibernate-entitymanager/src/test/java/org/hibernate/ejb/test/cascade/multicircle/AbstractEntity.java,38,58
16081828_0.java,1,11,lucene-4.3.0/lucene-4.3.0/facet/src/java/org/apache/lucene/facet/params/FacetIndexingParams.java,41,66
16081828_0.java,1,11,netbeans-6.9.1-201007282301/core.windows/src/org/netbeans/core/windows/persistence/GroupConfig.java,10,43
16081828_0.java,1,11,netbeans-6.9.1-201007282301/core.windows/src/org/netbeans/core/windows/persistence/WindowManagerConfig.java,53,202
16292834_0.java,62,71,hibernate-release-4/hibernate-release-4.2.2.Final/project/hibernate-entitymanager/src/test/java/org/hibernate/ejb/test/Cat.java,116,133
16292834_0.java,62,71,hibernate-release-4/hibernate-release-4.2.2.Final/project/hibernate-entitymanager/src/test/java/org/hibernate/ejb/test/Kitten.java,24,33
16351733_1.java,26,38,netbeans-6.9.1-201007282301/form/src/org/netbeans/modules/form/editors/TableCustomizer.java,1666,1694
16419397_1.java,1,17,netbeans-6.9.1-201007282301/java.source/test/unit/data/jdk/JTable.java,103,125
16448526_0.java,136,158,jstock-1.0.7c/jstock/src/org/yccheok/jstock/gui/ChangeStockInfoJDialog.java,126,155
16462678_0.java,22,38,hibernate-release-4/hibernate-release-4.2.2.Final/project/hibernate-core/src/test/java/org/hibernate/test/querycache/CompositeKey.java,23,42
16630078_0.java,1,11,netbeans-6.9.1-201007282301/bugtracking/src/org/netbeans/modules/bugtracking/util/RepositoryComboSupport.java,296,322
16630078_0.java,1,11,netbeans-6.9.1-201007282301/projectui/src/org/netbeans/modules/project/ui/actions/ActiveConfigAction.java,76,117
16630078_0.java,1,11,netbeans-6.9.1-201007282301/terminal/src/org/netbeans/modules/terminal/ioprovider/Terminal.java,520,549
16688737_0.java,20,40,eclipse_SDK/eclipse_SDK-4.3/src/src/org/eclipse/core/internal/resources/BuildConfiguration.java,25,51
16688737_0.java,20,40,eclipse_SDK/eclipse_SDK-4.3/src/src/org/eclipse/e4/core/internal/contexts/ValueComputation.java,65,99
16688737_0.java,20,40,eclipse_SDK/eclipse_SDK-4.3/src/src/org/eclipse/jdt/internal/core/SourceMapper.java,85,111
16688737_0.java,20,40,eclipse_SDK/eclipse_SDK-4.3/src/src/org/eclipse/ui/internal/views/markers/MarkerCategory.java,99,125
16688737_0.java,20,40,geotools-2/geotools-2.7-M3/modules/library/jdbc/src/main/java/org/geotools/jdbc/VirtualTable.java,136,191
16688737_0.java,20,40,geotools-2/geotools-2.7-M3/modules/library/jdbc/src/main/java/org/geotools/jdbc/VirtualTableParameter.java,42,76
16688737_0.java,20,40,geotools-2/geotools-2.7-M3/modules/library/main/src/main/java/org/geotools/styling/AbstractSymbolizer.java,77,118
16688737_0.java,20,40,hadoop-1/hadoop-1.0.0/src/mapred/org/apache/hadoop/mapred/StatisticsCollector.java,116,141
16688737_0.java,20,40,hibernate-release-4/hibernate-release-4.2.2.Final/project/hibernate-core/src/test/java/org/hibernate/test/annotations/manytoone/Lotz.java,61,95
16688737_0.java,20,40,hibernate-release-4/hibernate-release-4.2.2.Final/project/hibernate-core/src/test/java/org/hibernate/test/unionsubclass/alias/PersonID.java,18,44
16689757_0.java,103,115,netbeans-6.9.1-201007282301/form/src/org/netbeans/modules/form/editors/TableCustomizer.java,1666,1694
16875949_0.java,75,97,jstock-1.0.7c/jstock/src/org/yccheok/jstock/gui/ChangeStockInfoJDialog.java,126,155
17164751_0.java,33,45,cayenne-3/cayenne-3.0.1-src/framework/cayenne-modeler/src/main/java/org/apache/cayenne/modeler/editor/SelectQueryOrderingTab.java,219,230
17311459_0.java,68,78,netbeans-6.9.1-201007282301/bugtracking/src/org/netbeans/modules/bugtracking/ui/query/QueryTopComponentViewportLayout.java,11,40
17312812_0.java,1,14,poi-3.6-20091214/poi-3.6/src/examples/src/org/apache/poi/hssf/usermodel/examples/MergedCells.java,7,17
17312812_0.java,1,14,poi-3.6-20091214/poi-3.6/src/examples/src/org/apache/poi/xssf/usermodel/examples/MergingCells.java,11,21
17564672_0.java,41,51,netbeans-6.9.1-201007282301/subversion/src/org/netbeans/modules/subversion/client/SvnClientExceptionHandler.java,273,324
17966859_0.java,6,18,ganttproject-2/ganttproject-2.0.9-src/ganttproject/src/net/sourceforge/ganttproject/gui/taskproperties/TaskAllocationsPanel.java,147,163
17966859_0.java,6,18,netbeans-6.9.1-201007282301/java.source/test/unit/data/jdk/JTable.java,1434,1450
18202284_0.java,1,12,netbeans-6.9.1-201007282301/apisupport.installer/src/org/netbeans/modules/apisupport/installer/ui/InstallerPanel.java,14,109
18202284_0.java,1,12,netbeans-6.9.1-201007282301/apisupport.project/src/org/netbeans/modules/apisupport/project/ui/customizer/ClusterizeVisualPanel2.java,30,52
18202284_0.java,1,12,netbeans-6.9.1-201007282301/autoupdate.ui/src/org/netbeans/modules/autoupdate/ui/wizards/OperationPanel.java,146,223
18202284_0.java,1,12,netbeans-6.9.1-201007282301/bugzilla/src/org/netbeans/modules/bugzilla/issue/IssuePanel.java,1156,1696
18202284_0.java,1,12,netbeans-6.9.1-201007282301/cnd.debugger.gdb/src/org/netbeans/modules/cnd/debugger/gdb/ui/MemoryViewTopComponent.java,31,97
18202284_0.java,1,12,netbeans-6.9.1-201007282301/cnd.highlight/src/org/netbeans/modules/cnd/highlight/semantic/options/SemanticHighlightingOptionsPanel.java,133,184
18202284_0.java,1,12,netbeans-6.9.1-201007282301/cnd.makeproject/src/org/netbeans/modules/cnd/makeproject/ui/options/ParserSettingsPanel.java,202,267
18202284_0.java,1,12,netbeans-6.9.1-201007282301/cnd.remote/src/org/netbeans/modules/cnd/remote/ui/EditPathMapDialog.java,263,361
18202284_0.java,1,12,netbeans-6.9.1-201007282301/cnd/src/org/netbeans/modules/cnd/ui/options/CndOtherOptionsPanel.java,139,185
18202284_0.java,1,12,netbeans-6.9.1-201007282301/core.ui/src/org/netbeans/core/ui/options/general/GeneralOptionsPanel.java,97,266
18202284_0.java,1,12,netbeans-6.9.1-201007282301/core.ui/src/org/netbeans/core/ui/warmup/RefreshWarningVisual.java,11,34
18202284_0.java,1,12,netbeans-6.9.1-201007282301/db/src/org/netbeans/modules/db/explorer/dlg/NewConnectionPanel.java,189,448
18202284_0.java,1,12,netbeans-6.9.1-201007282301/java.hints/src/org/netbeans/modules/java/hints/analyzer/ui/AnalyzerTopComponent.java,57,179
18202284_0.java,1,12,netbeans-6.9.1-201007282301/java.source/src/org/netbeans/modules/java/ui/FmtAlignment.java,41,221
18202284_0.java,1,12,netbeans-6.9.1-201007282301/o.apache.tools.ant.module/src/org/apache/tools/ant/module/AntCustomizer.java,189,305
18202284_0.java,1,12,netbeans-6.9.1-201007282301/php.project/src/org/netbeans/modules/php/project/ui/customizer/CustomizerSources.java,302,471
18202284_0.java,1,12,netbeans-6.9.1-201007282301/profiler.attach/src/org/netbeans/modules/profiler/attach/panels/AttachSettingsPanelUI.java,60,272
18202284_0.java,1,12,netbeans-6.9.1-201007282301/profiler.attach/src/org/netbeans/modules/profiler/attach/panels/RemoteAttachSettingsPanelUI.java,42,135
18202284_0.java,1,12,netbeans-6.9.1-201007282301/profiler.attach/src/org/netbeans/modules/profiler/attach/panels/ReviewSettingsPanelUI.java,11,71
18202284_0.java,1,12,netbeans-6.9.1-201007282301/profiler.attach/src/org/netbeans/modules/profiler/attach/panels/SelectIntegrationTypePanelUI.java,14,101
18202284_0.java,1,12,netbeans-6.9.1-201007282301/profiler.j2ee.jboss/src/org/netbeans/modules/profiler/j2ee/jboss/JBossIntegrationPanelUI.java,13,89
18202284_0.java,1,12,netbeans-6.9.1-201007282301/profiler.j2ee.sunas/src/org/netbeans/modules/profiler/j2ee/sunas/SunASIntegrationPanelUI.java,43,126
18202284_0.java,1,12,netbeans-6.9.1-201007282301/profiler.j2ee.tomcat/src/org/netbeans/modules/profiler/j2ee/tomcat/TomcatIntegrationPanelUI.java,16,108
18202284_0.java,1,12,netbeans-6.9.1-201007282301/project.ant/src/org/netbeans/modules/project/ant/RelativizeFilePathCustomizer.java,29,63
18202284_0.java,1,12,netbeans-6.9.1-201007282301/project.libraries/src/org/netbeans/modules/project/libraries/ui/LibrariesCustomizer.java,270,371
18202284_0.java,1,12,netbeans-6.9.1-201007282301/projectimport.eclipse.core/src/org/netbeans/modules/projectimport/eclipse/core/wizard/ProjectSelectionPanel.java,350,447
18202284_0.java,1,12,netbeans-6.9.1-201007282301/projectimport.eclipse.core/src/org/netbeans/modules/projectimport/eclipse/core/wizard/SelectionPanel.java,111,244
18233591_0.java,1,11,apache-tomcat-7.0.2/apache-tomcat-7.0.2-src/java/org/apache/catalina/core/StandardContextValve.java,36,129
18515375_0.java,1,11,eclipse_SDK/eclipse_SDK-4.3/src/src/org/apache/lucene/analysis/synonym/WordnetSynonymParser.java,56,71
18515375_0.java,1,11,lucene-4.3.0/lucene-4.3.0/analysis/common/src/java/org/apache/lucene/analysis/synonym/WordnetSynonymParser.java,56,71
18729989_0.java,88,116,jstock-1.0.7c/jstock/src/org/yccheok/jstock/gui/ChangeStockInfoJDialog.java,126,155
19340685_0.java,1,17,hibernate-release-4/hibernate-release-4.2.2.Final/project/hibernate-core/src/main/java/org/hibernate/internal/util/collections/BoundedConcurrentHashMap.java,652,673
19364853_2.java,1,10,netbeans-6.9.1-201007282301/cnd.remote/src/org/netbeans/modules/cnd/remote/ui/wizard/CreateHostVisualPanel1.java,14,53
19364853_2.java,1,10,netbeans-6.9.1-201007282301/editor.macros/src/org/netbeans/modules/editor/macros/storage/ui/MacrosPanel.java,37,89
19458698_0.java,1,10,netbeans-6.9.1-201007282301/versioning.system.cvss/src/org/netbeans/modules/versioning/system/cvss/ui/wizards/RepositoryStep.java,150,272
19458698_0.java,1,10,netbeans-6.9.1-201007282301/versioning.system.cvss/src/org/netbeans/modules/versioning/system/cvss/ui/wizards/RepositoryStep.java,161,246
19511479_1.java,1,11,aoisrc281/SPManager/src/artofillusion/spmanager/SPMParameters.java,90,197
19593472_0.java,1,12,columba-1/columba-1.0-src/src/mail/core/org/columba/mail/gui/composer/ComposerController.java,213,278
19593472_0.java,1,12,drjava-stable-20100913-r5387-src/drjava-stable-20100913-r5387/src/src/edu/rice/cs/drjava/ui/AboutDialog.java,46,82
19593472_0.java,1,12,drjava-stable-20100913-r5387-src/drjava-stable-20100913-r5387/src/src/edu/rice/cs/drjava/ui/AboutDialog.java,116,175
19593472_0.java,1,12,drjava-stable-20100913-r5387-src/drjava-stable-20100913-r5387/src/src/edu/rice/cs/drjava/ui/ExternalProcessPanel.java,37,62
19593472_0.java,1,12,findbugs-1/findbugs-1.3.9/src/java5/edu/umd/cs/findbugs/gui2/MainFrame.java,1420,1499
19593472_0.java,1,12,freemind-src-0/freemind/freemind/view/mindmapview/EditNodeDialog.java,42,187
19593472_0.java,1,12,ganttproject-2/ganttproject-2.0.9-src/org.ganttproject.chart.pert/src/org/ganttproject/chart/pert/ActivityOnNodePertChart.java,43,108
19593472_0.java,1,12,geotools-2/geotools-2.7-M3/modules/unsupported/caching/src/test/java/org/geotools/caching/grid/featurecache/DemoApp.java,120,143
19593472_0.java,1,12,jmoney-0/source/net/sf/jmoney/gui/DateComboBox.java,209,279
19593472_0.java,1,12,netbeans-6.9.1-201007282301/bugtracking/src/org/netbeans/modules/bugtracking/issuetable/IssueTable.java,97,166
19593472_0.java,1,12,netbeans-6.9.1-201007282301/core.ui/src/org/netbeans/core/ui/notifications/BalloonManager.java,173,240
19593472_0.java,1,12,netbeans-6.9.1-201007282301/debugger.jpda.ui/src/org/netbeans/modules/debugger/jpda/ui/debugging/KeyboardPopupSwitcher.java,130,208
19593472_0.java,1,12,netbeans-6.9.1-201007282301/deployment.deviceanywhere/src/org/netbeans/modules/deployment/deviceanywhere/DeviceChooser.java,26,112
19593472_0.java,1,12,netbeans-6.9.1-201007282301/editor.completion/src/org/netbeans/modules/editor/completion/HTMLDocView.java,25,61
19593472_0.java,1,12,netbeans-6.9.1-201007282301/j2ee.clientproject/src/org/netbeans/modules/j2ee/clientproject/ui/customizer/MainClassChooser.java,40,91
19593472_0.java,1,12,netbeans-6.9.1-201007282301/j2me.cdc.project.execuiimpl/src/org/netbeans/modules/j2me/cdc/project/execuiimpl/MainClassChooserImpl.java,83,195
19593472_0.java,1,12,netbeans-6.9.1-201007282301/java.j2seproject/src/org/netbeans/modules/java/j2seproject/ui/customizer/MainClassChooser.java,64,93
19593472_0.java,1,12,netbeans-6.9.1-201007282301/javahelp/src/org/netbeans/modules/javahelp/BrowserDisplayer.java,40,71
19593472_0.java,1,12,netbeans-6.9.1-201007282301/maven/src/org/netbeans/modules/maven/customizer/MainClassChooser.java,38,88
19593472_0.java,1,12,netbeans-6.9.1-201007282301/maven/src/org/netbeans/modules/maven/runjar/MainClassChooser.java,32,79
19593472_0.java,1,12,netbeans-6.9.1-201007282301/profiler/src/org/netbeans/modules/profiler/utils/MainClassChooser.java,56,105
19593472_0.java,1,12,netbeans-6.9.1-201007282301/projectui/src/org/netbeans/modules/project/ui/NoMainProjectWarning.java,16,48
19593472_0.java,1,12,netbeans-6.9.1-201007282301/ruby.project/src/org/netbeans/modules/ruby/rubyproject/ui/customizer/MainClassChooser.java,31,81
19881669_0.java,4,15,jhotdraw-7.5.1/jhotdraw_7.5.1/Source/jhotdraw7/src/main/java/org/jhotdraw/samples/color/WheelsAndSlidersMain.java,122,133
2010819_0.java,13,24,jhotdraw-7.5.1/jhotdraw_7.5.1/Source/jhotdraw7/src/main/java/org/jhotdraw/samples/color/WheelsAndSlidersMain.java,122,133
20441710_0.java,2,13,proguard4.5.1/proguard4.5.1/src/proguard/gui/TabbedPane.java,23,62
20441710_0.java,2,13,proguard4.5.1/proguard4.5.1/src/proguard/gui/TabbedPane.java,32,48
20498517_0.java,1,10,netbeans-6.9.1-201007282301/editor.macros/src/org/netbeans/modules/editor/macros/storage/ui/MacrosPanel.java,99,180
20498517_0.java,1,10,netbeans-6.9.1-201007282301/form/test/unit/src/org/netbeans/modules/form/layoutdesign/ALT_Bug124689.java,6,156
20498517_0.java,1,10,netbeans-6.9.1-201007282301/identity.server.manager/src/org/netbeans/modules/identity/server/manager/ui/ProfileEditorPanel.java,327,531
20498517_0.java,1,10,netbeans-6.9.1-201007282301/j2ee.clientproject/src/org/netbeans/modules/j2ee/clientproject/ui/customizer/CustomizerLibraries.java,256,784
20498517_0.java,1,10,netbeans-6.9.1-201007282301/j2ee.ddloaders/src/org/netbeans/modules/j2ee/ddloaders/web/multiview/SecurityRolesEditorPanel.java,54,130
20498517_0.java,1,10,netbeans-6.9.1-201007282301/j2ee.ejbjarproject/src/org/netbeans/modules/j2ee/ejbjarproject/ui/customizer/CustomizerLibraries.java,241,648
20498517_0.java,1,10,netbeans-6.9.1-201007282301/vmd.midpnb/src/org/netbeans/modules/vmd/midpnb/propertyeditors/SVGFormEditorElement.java,528,686
20498517_0.java,1,10,netbeans-6.9.1-201007282301/web.project/src/org/netbeans/modules/web/project/ui/customizer/CustomizerLibraries.java,276,727
20498517_0.java,1,10,netbeans-6.9.1-201007282301/web.project/src/org/netbeans/modules/web/project/ui/wizards/PanelSupportedFrameworksVisual.java,110,164
20498517_0.java,1,10,netbeans-6.9.1-201007282301/websvc.wsitconf/src/org/netbeans/modules/websvc/wsitconf/ui/service/subpanels/TargetsPanel.java,66,154
2067401_0.java,1,12,cobertura-1/cobertura-1.9.4.1/src/net/sourceforge/cobertura/coveragedata/TouchCollector.java,87,106
2067401_0.java,1,12,cobertura-1/cobertura-1.9.4.1/src/net/sourceforge/cobertura/coveragedata/TouchCollector.java,124,143
2067401_0.java,1,12,eclipse_SDK/eclipse_SDK-4.3/src/src/org/apache/lucene/search/FuzzyQuery.java,82,109
2067401_0.java,1,12,eclipse_SDK/eclipse_SDK-4.3/src/src/org/apache/lucene/search/PrefixQuery.java,37,57
2067401_0.java,1,12,eclipse_SDK/eclipse_SDK-4.3/src/src/org/apache/lucene/search/TermRangeQuery.java,75,122
2067401_0.java,1,12,eclipse_SDK/eclipse_SDK-4.3/src/src/org/apache/lucene/search/WildcardQuery.java,51,71
2067401_0.java,1,12,eclipse_SDK/eclipse_SDK-4.3/src/src/org/apache/lucene/search/payloads/PayloadNearQuery.java,75,102
2067401_0.java,1,12,eclipse_SDK/eclipse_SDK-4.3/src/src/org/apache/lucene/search/payloads/PayloadTermQuery.java,134,157
2067401_0.java,1,12,eclipse_SDK/eclipse_SDK-4.3/src/src/org/apache/lucene/search/spans/SpanTermQuery.java,41,61
2067401_0.java,1,12,eclipse_SDK/eclipse_SDK-4.3/src/src/org/eclipse/e4/core/internal/di/ClassRequestor.java,52,71
2067401_0.java,1,12,eclipse_SDK/eclipse_SDK-4.3/src/src/org/eclipse/e4/core/internal/di/ConstructorRequestor.java,88,107
2067401_0.java,1,12,eclipse_SDK/eclipse_SDK-4.3/src/src/org/eclipse/e4/core/internal/di/FieldRequestor.java,65,84
2067401_0.java,1,12,eclipse_SDK/eclipse_SDK-4.3/src/src/org/eclipse/e4/core/internal/di/MethodRequestor.java,97,116
2067401_0.java,1,12,eclipse_SDK/eclipse_SDK-4.3/src/src/org/eclipse/ui/internal/navigator/actions/CommonActionProviderDescriptor.java,184,210
2067401_0.java,1,12,geotools-2/geotools-2.7-M3/modules/library/main/src/main/java/org/geotools/filter/capability/FunctionNameImpl.java,42,58
2067401_0.java,1,12,geotools-2/geotools-2.7-M3/modules/library/main/src/main/java/org/geotools/styling/LineSymbolizerImpl.java,68,95
2067401_0.java,1,12,geotools-2/geotools-2.7-M3/modules/library/main/src/main/java/org/geotools/styling/PointSymbolizerImpl.java,56,76
2067401_0.java,1,12,geotools-2/geotools-2.7-M3/modules/library/main/src/main/java/org/geotools/styling/PolygonSymbolizerImpl.java,90,131
2067401_0.java,1,12,geotools-2/geotools-2.7-M3/modules/library/main/src/main/java/org/geotools/styling/RasterSymbolizerImpl.java,50,126
2067401_0.java,1,12,geotools-2/geotools-2.7-M3/modules/library/main/src/main/java/org/geotools/styling/TextSymbolizerImpl.java,224,321
2067401_0.java,1,12,geotools-2/geotools-2.7-M3/modules/library/main/src/main/java/org/geotools/styling/VendorSymbolizerImpl.java,19,46
2067401_0.java,1,12,geotools-2/geotools-2.7-M3/modules/unsupported/coverage-experiment/coverage-api/src/main/java/org/geotools/coverage/io/impl/range/CodeMeasure.java,39,59
2067401_0.java,1,12,geotools-2/geotools-2.7-M3/modules/unsupported/coverage-experiment/coverage-api/src/main/java/org/geotools/coverage/io/impl/range/EnumMeasure.java,37,57
2067401_0.java,1,12,hibernate-release-4/hibernate-release-4.2.2.Final/project/hibernate-envers/src/test/java/org/hibernate/envers/test/integration/naming/VersionsJoinTableRangeTestAlternateEntity.java,27,47
2067401_0.java,1,12,hibernate-release-4/hibernate-release-4.2.2.Final/project/hibernate-envers/src/test/java/org/hibernate/envers/test/integration/naming/VersionsJoinTableRangeTestEntity.java,26,46
2067401_0.java,1,12,lucene-4.3.0/lucene-4.3.0/core/src/java/org/apache/lucene/search/AutomatonQuery.java,39,66
2067401_0.java,1,12,lucene-4.3.0/lucene-4.3.0/core/src/java/org/apache/lucene/search/FuzzyQuery.java,87,119
2067401_0.java,1,12,lucene-4.3.0/lucene-4.3.0/core/src/java/org/apache/lucene/search/PrefixQuery.java,44,64
2067401_0.java,1,12,lucene-4.3.0/lucene-4.3.0/core/src/java/org/apache/lucene/search/TermRangeQuery.java,75,108
2067401_0.java,1,12,lucene-4.3.0/lucene-4.3.0/core/src/java/org/apache/lucene/search/payloads/PayloadNearQuery.java,80,107
2067401_0.java,1,12,lucene-4.3.0/lucene-4.3.0/core/src/java/org/apache/lucene/search/payloads/PayloadTermQuery.java,146,169
2067401_0.java,1,12,lucene-4.3.0/lucene-4.3.0/core/src/java/org/apache/lucene/search/spans/SpanTermQuery.java,49,69
2067401_0.java,1,12,lucene-4.3.0/lucene-4.3.0/facet/src/java/org/apache/lucene/facet/search/DrillSidewaysQuery.java,130,163
2067401_0.java,1,12,lucene-4.3.0/lucene-4.3.0/highlighter/src/test/org/apache/lucene/search/highlight/custom/HighlightCustomQueryTest.java,105,125
2067401_0.java,1,12,lucene-4.3.0/lucene-4.3.0/join/src/java/org/apache/lucene/search/join/TermsIncludingScoreQuery.java,69,88
2067401_0.java,1,12,lucene-4.3.0/lucene-4.3.0/join/src/java/org/apache/lucene/search/join/TermsQuery.java,33,49
2067401_0.java,1,12,lucene-4.3.0/lucene-4.3.0/queries/src/java/org/apache/lucene/queries/BoostingQuery.java,48,81
2067401_0.java,1,12,lucene-4.3.0/lucene-4.3.0/queries/src/java/org/apache/lucene/queries/CommonTermsQuery.java,215,259
2067401_0.java,1,12,lucene-4.3.0/lucene-4.3.0/queries/src/java/org/apache/lucene/queries/mlt/MoreLikeThisQuery.java,111,168
2067401_0.java,1,12,lucene-4.3.0/lucene-4.3.0/queryparser/src/java/org/apache/lucene/queryparser/complexPhrase/ComplexPhraseQueryParser.java,246,280
2067401_0.java,1,12,lucene-4.3.0/lucene-4.3.0/sandbox/src/java/org/apache/lucene/sandbox/queries/FuzzyLikeThisQuery.java,41,77
2067401_0.java,1,12,lucene-4.3.0/lucene-4.3.0/sandbox/src/java/org/apache/lucene/sandbox/queries/SlowCollatedTermRangeQuery.java,83,123
2067401_0.java,1,12,lucene-4.3.0/lucene-4.3.0/sandbox/src/java/org/apache/lucene/sandbox/queries/SlowFuzzyQuery.java,94,121
2067401_0.java,1,12,lucene-4.3.0/lucene-4.3.0/sandbox/src/java/org/apache/lucene/sandbox/queries/regex/RegexQuery.java,51,78
20726169_0.java,1,10,spring-framework-3.0.5/spring-framework-3.0.5.RELEASE/projects/org.springframework.web.servlet/src/main/java/org/springframework/web/servlet/resource/DefaultServletHttpRequestHandler.java,41,49
20768613_0.java,1,11,cayenne-3/cayenne-3.0.1-src/framework/cayenne-modeler/src/main/java/org/apache/cayenne/modeler/editor/EjbqlQueryScriptsTab.java,36,104
20768613_0.java,1,11,cayenne-3/cayenne-3.0.1-src/framework/cayenne-modeler/src/main/java/org/apache/cayenne/modeler/util/TextAdapter.java,39,73
20768613_0.java,1,11,drjava-stable-20100913-r5387-src/drjava-stable-20100913-r5387/src/src/edu/rice/cs/drjava/ui/FindReplacePanel.java,115,394
20768613_0.java,1,11,drjava-stable-20100913-r5387-src/drjava-stable-20100913-r5387/src/src/edu/rice/cs/drjava/ui/JarOptionsDialog.java,384,476
20768613_0.java,1,11,drjava-stable-20100913-r5387-src/drjava-stable-20100913-r5387/src/src/edu/rice/cs/drjava/ui/config/DirectoryOptionComponent.java,13,29
20768613_0.java,1,11,drjava-stable-20100913-r5387-src/drjava-stable-20100913-r5387/src/src/edu/rice/cs/drjava/ui/config/FileOptionComponent.java,12,31
20768613_0.java,1,11,drjava-stable-20100913-r5387-src/drjava-stable-20100913-r5387/src/src/edu/rice/cs/drjava/ui/config/FileOptionComponent.java,36,55
20768613_0.java,1,11,drjava-stable-20100913-r5387-src/drjava-stable-20100913-r5387/src/src/edu/rice/cs/drjava/ui/config/IntegerOptionComponent.java,9,25
20768613_0.java,1,11,drjava-stable-20100913-r5387-src/drjava-stable-20100913-r5387/src/src/edu/rice/cs/drjava/ui/config/StringOptionComponent.java,9,25
20768613_0.java,1,11,ganttproject-2/ganttproject-2.0.9-src/ganttproject/src/net/sourceforge/ganttproject/gui/options/OptionsPageBuilder.java,164,178
20768613_0.java,1,11,iReport-3/iReport-3.7.5-src/ireport-addons/src/com/jaspersoft/ireport/addons/callouts/CalloutInplaceEditorProvider.java,30,60
20768613_0.java,1,11,iReport-3/iReport-3.7.5-src/ireport-designer/src/com/jaspersoft/ireport/designer/connection/gui/CSVDataSourceConnectionEditor.java,23,50
20768613_0.java,1,11,iReport-3/iReport-3.7.5-src/ireport-designer/src/com/jaspersoft/ireport/designer/data/ReportQueryDialog.java,95,189
20768613_0.java,1,11,iReport-3/iReport-3.7.5-src/ireport-designer/src/com/jaspersoft/ireport/designer/editor/ExpressionEditor.java,85,120
20768613_0.java,1,11,iReport-3/iReport-3.7.5-src/ireport-designer/src/com/jaspersoft/ireport/designer/editor/ExpressionEditor2.java,101,147
20768613_0.java,1,11,iReport-3/iReport-3.7.5-src/ireport-designer/src/com/jaspersoft/ireport/designer/fonts/InstallFontVisualPanel1TTFSelection.java,9,23
20768613_0.java,1,11,iReport-3/iReport-3.7.5-src/ireport-designer/src/com/jaspersoft/ireport/designer/jrctx/ExportToJarDialog.java,17,43
20768613_0.java,1,11,iReport-3/iReport-3.7.5-src/ireport-designer/src/com/jaspersoft/ireport/designer/sheet/editors/JRImportDialog.java,9,34
20768613_0.java,1,11,iReport-3/iReport-3.7.5-src/ireport-designer/src/com/jaspersoft/ireport/designer/subreport/SubreportElementConnectionVisualPanel.java,11,28
20768613_0.java,1,11,iReport-3/iReport-3.7.5-src/ireport-designer/src/com/jaspersoft/ireport/designer/subreport/SubreportSelectionVisualPanel.java,13,27
20768613_0.java,1,11,iReport-3/iReport-3.7.5-src/ireport-designer/src/com/jaspersoft/ireport/designer/tools/FieldPatternPanel.java,60,103
20768613_0.java,1,11,iReport-3/iReport-3.7.5-src/ireport-designer/src/com/jaspersoft/ireport/designer/tools/HexColorChooserPanel.java,19,43
20768613_0.java,1,11,iReport-3/iReport-3.7.5-src/ireport-designer/src/com/jaspersoft/ireport/designer/welcome/WebContentPanel.java,15,67
20768613_0.java,1,11,iReport-3/iReport-3.7.5-src/ireport-designer/src/com/jaspersoft/ireport/designer/wizards/ConnectionSelectionVisualPanel.java,20,38
20768613_0.java,1,11,iReport-3/iReport-3.7.5-src/ireport-designer/src/com/jaspersoft/ireport/designer/wizards/CustomChooserVisualPanel.java,11,42
20768613_0.java,1,11,iReport-3/iReport-3.7.5-src/ireport-designer/src/com/jaspersoft/ireport/designer/wizards/DatasetVisualPanelNewDataset.java,10,24
20768613_0.java,1,11,iReport-3/iReport-3.7.5-src/ireport-designer/src/com/jaspersoft/ireport/designer/wizards/NewJrxmlVisualPanel2.java,19,35
20768613_0.java,1,11,iReport-3/iReport-3.7.5-src/ireport-designer/src/com/jaspersoft/ireport/jasper/ConvertJasperJrxmlDialog.java,22,37
20768613_0.java,1,11,iReport-3/iReport-3.7.5-src/ireport-standalone-specific/src/com/jaspersoft/ireport/designer/standalone/actions/ImportSettingsVisualPanel1PlatformSelection.java,13,28
20768613_0.java,1,11,iReport-3/iReport-3.7.5-src/jasperreports-components/src/com/jaspersoft/ireport/components/table/wizard/ElementConnectionVisualPanel.java,12,29
20768613_0.java,1,11,iReport-3/iReport-3.7.5-src/jasperserver-plugin/src/com/jaspersoft/ireport/jasperserver/ui/ServerDialog.java,13,46
20768613_0.java,1,11,jedit4/jEdit/org/gjt/sp/jedit/gui/LogViewer.java,12,61
20768613_0.java,1,11,jedit4/jEdit/org/gjt/sp/jedit/options/ShortcutsOptionPane.java,25,80
20768613_0.java,1,11,jstock-1.0.7c/jstock/src/org/yccheok/jstock/gui/StockDatabaseJDialog.java,62,194
20768613_0.java,1,11,megamek-0.35.18/src/megamek/client/ui/swing/MechSelectorDialog.java,100,327
20768613_0.java,1,11,netbeans-6.9.1-201007282301/cnd.discovery/src/org/netbeans/modules/cnd/discovery/wizard/SimpleConfigurationPanel.java,32,53
20768613_0.java,1,11,netbeans-6.9.1-201007282301/cnd.script/src/org/netbeans/modules/cnd/makefile/wizard/CreateTargetsPanel.java,281,351
20768613_0.java,1,11,netbeans-6.9.1-201007282301/cnd.script/src/org/netbeans/modules/cnd/makefile/wizard/CustomTargetPanel.java,39,92
20768613_0.java,1,11,netbeans-6.9.1-201007282301/cnd.script/src/org/netbeans/modules/cnd/makefile/wizard/MakeTargetPanel.java,140,209
20768613_0.java,1,11,netbeans-6.9.1-201007282301/core.ui/src/org/netbeans/core/ui/options/filetypes/NewExtensionPanel.java,53,66
20768613_0.java,1,11,netbeans-6.9.1-201007282301/core.ui/src/org/netbeans/core/ui/options/general/GeneralOptionsPanel.java,32,96
20768613_0.java,1,11,netbeans-6.9.1-201007282301/db/src/org/netbeans/modules/db/explorer/dlg/NewConnectionPanel.java,56,151
20768613_0.java,1,11,netbeans-6.9.1-201007282301/editor.macros/src/org/netbeans/modules/editor/macros/storage/ui/MacrosPanel.java,37,89
20768613_0.java,1,11,netbeans-6.9.1-201007282301/glassfish.common/src/org/netbeans/modules/glassfish/common/wizards/AddServerLocationVisualPanel.java,33,50
20768613_0.java,1,11,netbeans-6.9.1-201007282301/groovy.grailsproject/src/org/netbeans/modules/groovy/grailsproject/commands/GrailsCommandChooser.java,188,209
20768613_0.java,1,11,netbeans-6.9.1-201007282301/i18n/src/org/netbeans/modules/i18n/FileSelector.java,125,238
20768613_0.java,1,11,netbeans-6.9.1-201007282301/i18n/src/org/netbeans/modules/i18n/PropertyPanel.java,173,200
20768613_0.java,1,11,netbeans-6.9.1-201007282301/j2ee.common/src/org/netbeans/modules/j2ee/common/DatasourceCustomizer.java,32,60
20768613_0.java,1,11,netbeans-6.9.1-201007282301/j2ee.common/src/org/netbeans/modules/j2ee/common/project/ui/ProjectImportLocationPanel.java,30,67
20768613_0.java,1,11,netbeans-6.9.1-201007282301/j2ee.ddloaders/src/org/netbeans/modules/j2ee/ddloaders/web/multiview/OrderingItemPanel.java,12,32
20768613_0.java,1,11,netbeans-6.9.1-201007282301/j2ee.jboss4/src/org/netbeans/modules/j2ee/jboss4/ide/ui/AddServerLocationVisualPanel.java,15,29
20768613_0.java,1,11,netbeans-6.9.1-201007282301/j2ee.persistence/src/org/netbeans/modules/j2ee/persistence/wizard/library/PersistenceLibraryPanel.java,21,67
20768613_0.java,1,11,netbeans-6.9.1-201007282301/j2ee.sun.appsrv81/src/org/netbeans/modules/j2ee/sun/ide/j2ee/ui/AddInstanceVisualDirectoryPanel.java,16,38
20768613_0.java,1,11,netbeans-6.9.1-201007282301/j2ee.sun.appsrv81/src/org/netbeans/modules/j2ee/sun/ide/j2ee/ui/AddInstanceVisualHostPortPanel.java,17,42
20768613_0.java,1,11,netbeans-6.9.1-201007282301/j2ee.sun.appsrv81/src/org/netbeans/modules/j2ee/sun/ide/j2ee/ui/AddInstanceVisualPlatformPanel.java,24,64
20768613_0.java,1,11,netbeans-6.9.1-201007282301/j2ee.sun.appsrv81/src/org/netbeans/modules/j2ee/sun/ide/j2ee/ui/CreateDomainVisualDirectoryPanel.java,15,28
20768613_0.java,1,11,netbeans-6.9.1-201007282301/j2eeserver/src/org/netbeans/modules/j2ee/deployment/impl/ui/wizard/ServerChooserVisual.java,23,42
20768613_0.java,1,11,netbeans-6.9.1-201007282301/j2me.cdc.platform/src/org/netbeans/modules/j2me/cdc/platform/wizard/DetectPanel.java,73,97
20768613_0.java,1,11,netbeans-6.9.1-201007282301/j2me.cdc.project.ricoh/src/org/netbeans/modules/j2me/cdc/project/ricoh/RicohApplicationUIDCustomizer.java,28,51
20768613_0.java,1,11,netbeans-6.9.1-201007282301/j2me.cdc.project.semc/src/org/netbeans/modules/j2me/cdc/project/semc/SemcApplicationUIDCustomizer.java,27,61
20768613_0.java,1,11,netbeans-6.9.1-201007282301/j2me.cdc.project/src/org/netbeans/modules/j2me/cdc/project/ui/wizards/PanelOptionsVisual.java,25,69
20768613_0.java,1,11,netbeans-6.9.1-201007282301/java.examples/DocumentEditor/src/documenteditor/DocumentEditorView.java,27,92
20768613_0.java,1,11,netbeans-6.9.1-201007282301/java.j2seplatform/src/org/netbeans/modules/java/j2seplatform/wizard/DetectPanel.java,57,71
20768613_0.java,1,11,netbeans-6.9.1-201007282301/java.j2seproject/src/org/netbeans/modules/java/j2seproject/ui/wizards/PanelOptionsVisual.java,28,74
20768613_0.java,1,11,netbeans-6.9.1-201007282301/java.j2seproject/src/org/netbeans/modules/java/j2seproject/ui/wizards/PanelProjectLocationExtSrc.java,23,74
20768613_0.java,1,11,netbeans-6.9.1-201007282301/java.navigation/src/org/netbeans/modules/java/navigation/JavaMembersPanel.java,166,445
20768613_0.java,1,11,netbeans-6.9.1-201007282301/jumpto/src/org/netbeans/modules/jumpto/file/FileSearchPanel.java,39,83
20768613_0.java,1,11,netbeans-6.9.1-201007282301/kenai.ui/src/org/netbeans/modules/kenai/collab/chat/ContactList.java,15,33
20768613_0.java,1,11,netbeans-6.9.1-201007282301/maven.grammar/src/org/netbeans/modules/maven/codegen/NewMirrorPanel.java,44,111
20768613_0.java,1,11,netbeans-6.9.1-201007282301/maven.grammar/src/org/netbeans/modules/maven/codegen/NewProfilePanel.java,13,32
20768613_0.java,1,11,netbeans-6.9.1-201007282301/maven.hints/src/org/netbeans/modules/maven/hints/ui/SearchDependencyUI.java,42,95
20768613_0.java,1,11,netbeans-6.9.1-201007282301/maven/src/org/netbeans/modules/maven/actions/scm/ui/CheckoutUI.java,26,53
20768613_0.java,1,11,netbeans-6.9.1-201007282301/mercurial/src/org/netbeans/modules/mercurial/ui/create/CreateAction.java,148,239
20768613_0.java,1,11,netbeans-6.9.1-201007282301/nbi/engine/src/org/netbeans/installer/wizard/components/panels/ApplicationLocationPanel.java,297,317
20768613_0.java,1,11,netbeans-6.9.1-201007282301/nbi/engine/src/org/netbeans/installer/wizard/components/panels/DestinationPanel.java,310,365
20768613_0.java,1,11,netbeans-6.9.1-201007282301/options.api/src/org/netbeans/modules/options/export/OptionsChooserPanel.java,60,114
20768613_0.java,1,11,netbeans-6.9.1-201007282301/php.editor/src/org/netbeans/modules/php/editor/codegen/ui/TableGeneratorPanel.java,58,75
20768613_0.java,1,11,netbeans-6.9.1-201007282301/profiler/src/org/netbeans/modules/profiler/heapwalk/memorylint/rules/DeepSize.java,17,36
20768613_0.java,1,11,netbeans-6.9.1-201007282301/profiler/src/org/netbeans/modules/profiler/heapwalk/memorylint/rules/RetainedSetByInstance.java,20,38
20768613_0.java,1,11,netbeans-6.9.1-201007282301/profiler/src/org/netbeans/modules/profiler/heapwalk/ui/OQLQueryCustomizer.java,271,481
20768613_0.java,1,11,netbeans-6.9.1-201007282301/profiler/src/org/netbeans/modules/profiler/ui/stp/MonitorSettingsAdvancedPanel.java,162,321
20768613_0.java,1,11,netbeans-6.9.1-201007282301/ruby.project/src/org/netbeans/modules/ruby/rubyproject/rake/RakeTaskChooser.java,189,211
20768613_0.java,1,11,netbeans-6.9.1-201007282301/ruby.project/src/org/netbeans/modules/ruby/rubyproject/ui/wizards/PanelOptionsVisual.java,22,56
20768613_0.java,1,11,netbeans-6.9.1-201007282301/ruby.project/src/org/netbeans/modules/ruby/rubyproject/ui/wizards/PanelProjectLocationExtSrc.java,18,49
20768613_0.java,1,11,netbeans-6.9.1-201007282301/ruby.railsprojects/src/org/netbeans/modules/ruby/railsprojects/ui/customizer/CustomizerRun.java,51,159
20768613_0.java,1,11,netbeans-6.9.1-201007282301/ruby.railsprojects/src/org/netbeans/modules/ruby/railsprojects/ui/wizards/PanelProjectLocationExtSrc.java,19,50
20768613_0.java,1,11,netbeans-6.9.1-201007282301/server/src/org/netbeans/modules/server/ui/wizard/ServerWizardVisual.java,32,54
20768613_0.java,1,11,netbeans-6.9.1-201007282301/tasklist.ui/src/org/netbeans/modules/tasklist/filter/FilterEditor.java,50,96
20768613_0.java,1,11,netbeans-6.9.1-201007282301/tasklist.ui/src/org/netbeans/modules/tasklist/filter/StringFilterCondition.java,70,89
20768613_0.java,1,11,netbeans-6.9.1-201007282301/versioning.system.cvss/src/org/netbeans/modules/versioning/system/cvss/ui/actions/ChangeCVSRootAction.java,41,100
20768613_0.java,1,11,netbeans-6.9.1-201007282301/versioning.system.cvss/src/org/netbeans/modules/versioning/system/cvss/ui/actions/tag/BranchSettings.java,16,53
20768613_0.java,1,11,netbeans-6.9.1-201007282301/versioning.system.cvss/src/org/netbeans/modules/versioning/system/cvss/ui/actions/tag/MergePanel.java,19,51
20768613_0.java,1,11,netbeans-6.9.1-201007282301/web.beans/src/org/netbeans/modules/web/beans/navigation/InjectablesPanel.java,423,488
20768613_0.java,1,11,netbeans-6.9.1-201007282301/web.core/src/org/netbeans/modules/web/wizards/DeployDataPanel.java,42,185
20768613_0.java,1,11,netbeans-6.9.1-201007282301/websvc.core/src/org/netbeans/modules/websvc/core/client/wizard/ClientInfo.java,424,482
20768613_0.java,1,11,netbeans-6.9.1-201007282301/websvc.rest/src/org/netbeans/modules/websvc/rest/wizard/ContainerItemSetupPanelVisual.java,568,648
20768613_0.java,1,11,netbeans-6.9.1-201007282301/websvc.saas.ui/src/org/netbeans/modules/websvc/saas/ui/wizards/AddWebServiceDlg.java,166,207
20768613_0.java,1,11,weka-3-7-9/main/java/weka/gui/experiment/SimpleSetupPanel.java,113,421
20768613_0.java,1,11,weka-3-7-9/main/java/weka/gui/scripting/FileScriptingPanel.java,405,438
20768613_0.java,1,11,weka-3-7-9/main/java/weka/gui/visualize/PrintableComponent.java,139,255
21185724_0.java,1,10,spring-framework-3.0.5/spring-framework-3.0.5.RELEASE/projects/org.springframework.beans/src/main/java/org/springframework/beans/factory/support/AbstractBeanFactory.java,98,191
21497021_1.java,29,51,jstock-1.0.7c/jstock/src/org/yccheok/jstock/gui/ChangeStockInfoJDialog.java,126,155
21609890_1.java,1,11,netbeans-6.9.1-201007282301/form/src/org/netbeans/modules/form/actions/AlignAction.java,35,53
21609890_1.java,1,11,netbeans-6.9.1-201007282301/form/src/org/netbeans/modules/form/actions/BindAction.java,37,53
21609890_1.java,1,11,netbeans-6.9.1-201007282301/form/src/org/netbeans/modules/form/actions/ChooseSameSizeAction.java,39,57
21609890_1.java,1,11,netbeans-6.9.1-201007282301/form/src/org/netbeans/modules/form/actions/EventsAction.java,39,57
21609890_1.java,1,11,netbeans-6.9.1-201007282301/form/src/org/netbeans/modules/form/actions/SetAnchoringAction.java,42,60
21609890_1.java,1,11,netbeans-6.9.1-201007282301/form/src/org/netbeans/modules/form/actions/SetResizabilityAction.java,35,53
21609890_1.java,1,11,netbeans-6.9.1-201007282301/form/src/org/netbeans/modules/form/menu/AddSubItemAction.java,43,60
21613226_0.java,66,89,jstock-1.0.7c/jstock/src/org/yccheok/jstock/gui/ChangeStockInfoJDialog.java,126,155
21645699_2.java,86,108,jstock-1.0.7c/jstock/src/org/yccheok/jstock/gui/ChangeStockInfoJDialog.java,126,155
21655754_0.java,1,10,hibernate-release-4/hibernate-release-4.2.2.Final/project/hibernate-core/src/main/java/org/hibernate/cfg/Configuration.java,1191,1209
21655754_0.java,1,10,hibernate-release-4/hibernate-release-4.2.2.Final/project/hibernate-entitymanager/src/main/java/org/hibernate/ejb/Ejb3Configuration.java,686,712
21677496_0.java,1,10,spring-framework-3.0.5/spring-framework-3.0.5.RELEASE/projects/org.springframework.web/src/main/java/org/springframework/web/context/ContextLoader.java,80,107
22052217_0.java,1,17,netbeans-6.9.1-201007282301/subversion/test/unit/src/org/netbeans/modules/subversion/config/SvnConfigFilesTest.java,173,195
22313310_5.java,1,10,findbugs-1/findbugs-1.3.9/src/java/edu/umd/cs/findbugs/TestDesktopIntegration.java,54,62
22393642_0.java,53,65,hibernate-release-4/hibernate-release-4.2.2.Final/project/hibernate-core/src/test/java/org/hibernate/test/annotations/onetomany/Item.java,25,44
22393642_0.java,53,65,hibernate-release-4/hibernate-release-4.2.2.Final/project/hibernate-envers/src/test/java/org/hibernate/envers/test/integration/ids/embeddedid/Item.java,18,34
2240116_0.java,4,15,jhotdraw-7.5.1/jhotdraw_7.5.1/Source/jhotdraw7/src/main/java/org/jhotdraw/samples/color/WheelsAndSlidersMain.java,122,133
22553523_0.java,1,16,aspectj-1.6.9-src/aspectjtools1.6.9-src/org/aspectj/org/eclipse/jdt/internal/core/search/matching/MethodLocator.java,172,220
22553523_0.java,1,16,eclipse_SDK/eclipse_SDK-4.3/src/src/org/eclipse/jdt/internal/core/search/matching/MethodLocator.java,229,292
2290580_0.java,1,14,hibernate-release-4/hibernate-release-4.2.2.Final/project/documentation/src/main/docbook/devguide/en-US/extras/bmt-idiom.java,1,16
23169361_1.java,2,11,aoisrc281/SPManager/src/artofillusion/spmanager/SPMParameters.java,90,197
23300658_1.java,146,170,jstock-1.0.7c/jstock/src/org/yccheok/jstock/gui/ChangeStockInfoJDialog.java,126,155
23300658_2.java,9,42,netbeans-6.9.1-201007282301/form/test/qa-functional/data/SampleProject/src/org/netbeans/test/editor/formatting/testBasicIndentation.java,6,220
23473251_1.java,176,203,jstock-1.0.7c/jstock/src/org/yccheok/jstock/gui/ChangeStockInfoJDialog.java,126,155
23744131_0.java,135,157,jstock-1.0.7c/jstock/src/org/yccheok/jstock/gui/ChangeStockInfoJDialog.java,126,155
23806719_0.java,7,19,Vuze_4812_source/com/aelitis/azureus/core/dht/netcoords/vivaldi/ver1/impl/tests/VivaldiVisualTest.java,17,83
23932164_0.java,103,126,jstock-1.0.7c/jstock/src/org/yccheok/jstock/gui/ChangeStockInfoJDialog.java,126,155
23975109_0.java,1,11,netbeans-6.9.1-201007282301/cnd.highlight/test/unit/src/org/netbeans/modules/cnd/highlight/error/UnresolvedIdentifierTest.java,93,109
23975109_0.java,1,11,netbeans-6.9.1-201007282301/csl.api/test/unit/src/org/netbeans/modules/csl/api/test/CslTestBase.java,2770,2794
23975109_0.java,1,11,netbeans-6.9.1-201007282301/gsf/test/unit/src/org/netbeans/modules/gsf/GsfTestBase.java,2916,2940
23975109_0.java,1,11,netbeans-6.9.1-201007282301/java.source/test/unit/src/org/netbeans/api/java/source/JavaSourceTest.java,1164,1250
23975109_0.java,1,11,netbeans-6.9.1-201007282301/masterfs/test/unit/src/org/netbeans/modules/masterfs/filebasedfs/BaseFileObjectTestHid.java,842,874
23975109_0.java,1,11,netbeans-6.9.1-201007282301/masterfs/test/unit/src/org/netbeans/modules/masterfs/filebasedfs/fileobjects/FileObjTest.java,44,83
23975109_0.java,1,11,netbeans-6.9.1-201007282301/mobility.project/test/unit/src/org/netbeans/modules/mobility/project/ui/ProjectRootNodeChildrenTest.java,72,133
23975109_0.java,1,11,netbeans-6.9.1-201007282301/openide.filesystems/test/unit/src/org/netbeans/modules/openide/filesystems/declmime/MIMEResolverImplTest.java,156,185
23975109_0.java,1,11,netbeans-6.9.1-201007282301/openide.filesystems/test/unit/src/org/openide/filesystems/FileUtilTest.java,145,197
23975109_0.java,1,11,netbeans-6.9.1-201007282301/openide.filesystems/test/unit/src/org/openide/filesystems/FileUtilTest.java,300,331
23975109_0.java,1,11,netbeans-6.9.1-201007282301/openide.util/test/unit/src/org/openide/util/WeakListenersTest.java,38,80
23975109_0.java,1,11,netbeans-6.9.1-201007282301/parsing.api/test/unit/src/org/netbeans/modules/parsing/impl/TaskProcessorTest.java,34,67
23975109_0.java,1,11,netbeans-6.9.1-201007282301/tasklist.ui/src/org/netbeans/modules/tasklist/impl/ScanMonitor.java,10,35
23975109_0.java,1,11,netbeans-6.9.1-201007282301/uihandler/src/org/netbeans/modules/uihandler/SlownessReporter.java,43,81
23975109_0.java,1,11,netbeans-6.9.1-201007282301/uihandler/test/unit/src/org/netbeans/modules/uihandler/InstallerInitTest.java,110,150
23975109_0.java,1,11,netbeans-6.9.1-201007282301/uihandler/test/unit/src/org/netbeans/modules/uihandler/InstallerTest.java,387,415
23975109_0.java,1,11,netbeans-6.9.1-201007282301/uihandler/test/unit/src/org/netbeans/modules/uihandler/ScreenSizeTest.java,17,41
24013939_0.java,1,12,jstock-1.0.7c/jstock/src/org/yccheok/jstock/gui/Utils.java,501,515
24040300_3.java,13,22,lucene-4.3.0/lucene-4.3.0/analysis/smartcn/src/java/org/apache/lucene/analysis/cn/smart/hhmm/PathNode.java,15,24
24053272_1.java,77,100,jstock-1.0.7c/jstock/src/org/yccheok/jstock/gui/ChangeStockInfoJDialog.java,126,155
24293074_0.java,1,11,eclipse_SDK/eclipse_SDK-4.3/src/src/org/eclipse/ant/internal/ui/model/AntModel.java,1514,1545
24293074_0.java,1,11,eclipse_SDK/eclipse_SDK-4.3/src/src/org/eclipse/ui/internal/views/log/LogReader.java,16,142
24330611_0.java,77,100,eclipse_SDK/eclipse_SDK-4.3/src/src/org/eclipse/e4/core/internal/contexts/ValueComputation.java,65,99
24330611_0.java,77,100,eclipse_SDK/eclipse_SDK-4.3/src/src/org/eclipse/ui/internal/views/markers/MarkerCategory.java,99,125
24330611_0.java,77,100,geotools-2/geotools-2.7-M3/modules/library/jdbc/src/main/java/org/geotools/jdbc/VirtualTable.java,136,191
24330611_0.java,77,100,geotools-2/geotools-2.7-M3/modules/library/jdbc/src/main/java/org/geotools/jdbc/VirtualTableParameter.java,42,76
24330611_0.java,77,100,geotools-2/geotools-2.7-M3/modules/library/main/src/main/java/org/geotools/styling/AbstractSymbolizer.java,77,118
24330611_0.java,180,193,jung2-2_0_1/jung-samples-2.0.1/edu/uci/ics/jung/samples/TreeCollapseDemo.java,127,138
24330611_0.java,197,213,jung2-2_0_1/jung-samples-2.0.1/edu/uci/ics/jung/samples/TreeCollapseDemo.java,142,157
24330611_0.java,217,227,jung2-2_0_1/jung-samples-2.0.1/edu/uci/ics/jung/samples/TreeCollapseDemo.java,161,171
24330611_0.java,246,255,jung2-2_0_1/jung-samples-2.0.1/edu/uci/ics/jung/samples/L2RTreeLayoutDemo.java,161,169
24330611_0.java,246,255,jung2-2_0_1/jung-samples-2.0.1/edu/uci/ics/jung/samples/RadialTreeLensDemo.java,190,198
24330611_0.java,246,255,jung2-2_0_1/jung-samples-2.0.1/edu/uci/ics/jung/samples/TreeCollapseDemo.java,190,198
24330611_0.java,246,255,jung2-2_0_1/jung-samples-2.0.1/edu/uci/ics/jung/samples/TreeLayoutDemo.java,152,160
2440228_0.java,1,11,drjava-stable-20100913-r5387-src/drjava-stable-20100913-r5387/src/src/edu/rice/cs/drjava/ui/MainFrameTest.java,673,741
2440228_0.java,1,11,drjava-stable-20100913-r5387-src/drjava-stable-20100913-r5387/src/src/edu/rice/cs/drjava/ui/MainFrameTest.java,696,720
2440228_0.java,1,11,iReport-3/iReport-3.7.5-src/ireport-designer/src/com/jaspersoft/ireport/designer/styles/StylesLibraryTopComponent.java,42,73
2440228_0.java,1,11,netbeans-6.9.1-201007282301/autoupdate.ui/src/org/netbeans/modules/autoupdate/ui/actions/PluginManagerAction.java,16,56
2440228_0.java,1,11,netbeans-6.9.1-201007282301/openide.dialogs/src/org/openide/WizardDescriptor.java,191,237
2440228_0.java,1,11,netbeans-6.9.1-201007282301/openide.dialogs/src/org/openide/WizardDescriptor.java,196,223
24504070_0.java,4,21,jstock-1.0.7c/jstock/src/org/yccheok/jstock/gui/ChangeStockInfoJDialog.java,126,155
24647708_1.java,1,11,geotools-2/geotools-2.7-M3/modules/unsupported/shapefile-renderer/src/test/java/org/geotools/renderer/shape/ShapeRendererTest.java,117,136
24669139_0.java,80,106,jstock-1.0.7c/jstock/src/org/yccheok/jstock/gui/ChangeStockInfoJDialog.java,126,155
24855739_0.java,1,12,iReport-3/iReport-3.7.5-src/ireport-designer/src/com/jaspersoft/ireport/designer/subreport/SubreportSelectionVisualPanel.java,59,148
24855739_0.java,1,12,iReport-3/iReport-3.7.5-src/ireport-designer/src/com/jaspersoft/ireport/designer/wizards/ReportGroupVisualPanel1.java,72,167
24855739_0.java,1,12,iReport-3/iReport-3.7.5-src/ireport-designer/src/com/jaspersoft/ireport/designer/wizards/TemplateVisualPanel.java,14,60
24855739_0.java,1,12,jstock-1.0.7c/jstock/src/org/yccheok/jstock/gui/WizardSelectStockJPanel.java,16,332
24855739_0.java,1,12,jstock-1.0.7c/jstock/src/org/yccheok/jstock/gui/analysis/WizardSelectInstallIndicatorMethodJPanel.java,11,86
24932478_0.java,150,172,jstock-1.0.7c/jstock/src/org/yccheok/jstock/gui/ChangeStockInfoJDialog.java,126,155
24963319_4.java,1,11,geotools-2/geotools-2.7-M3/modules/unsupported/swing/src/main/java/org/jdesktop/swingworker/AccumulativeRunnable.java,13,27
2513183_0.java,75,84,eclipse_SDK/eclipse_SDK-4.3/src/src/org/eclipse/jdt/ui/actions/GenerateToStringAction.java,77,87
25198917_0.java,12,36,netbeans-6.9.1-201007282301/form/test/qa-functional/data/SampleProject/src/org/netbeans/test/editor/formatting/testAdvancedIndentation.java,6,86
25198917_0.java,12,36,netbeans-6.9.1-201007282301/form/test/qa-functional/data/SampleProject/src/org/netbeans/test/editor/formatting/testReformat2.java,11,50
25414160_0.java,1,11,netbeans-6.9.1-201007282301/editor.macros/src/org/netbeans/modules/editor/macros/storage/ui/MacrosPanel.java,99,180
25414160_0.java,1,11,netbeans-6.9.1-201007282301/j2ee.clientproject/src/org/netbeans/modules/j2ee/clientproject/ui/customizer/CustomizerLibraries.java,256,784
25414160_0.java,1,11,netbeans-6.9.1-201007282301/j2ee.ddloaders/src/org/netbeans/modules/j2ee/ddloaders/web/multiview/SecurityRolesEditorPanel.java,54,130
25414160_0.java,1,11,netbeans-6.9.1-201007282301/j2ee.ejbjarproject/src/org/netbeans/modules/j2ee/ejbjarproject/ui/customizer/CustomizerLibraries.java,241,648
25414160_0.java,1,11,netbeans-6.9.1-201007282301/tasklist.todo/src/org/netbeans/modules/tasklist/todo/settings/ToDoCustomizer.java,69,151
25414160_0.java,1,11,netbeans-6.9.1-201007282301/web.project/src/org/netbeans/modules/web/project/ui/customizer/CustomizerLibraries.java,276,727
25414160_0.java,1,11,netbeans-6.9.1-201007282301/web.project/src/org/netbeans/modules/web/project/ui/wizards/PanelSupportedFrameworksVisual.java,110,164
25414160_0.java,1,11,netbeans-6.9.1-201007282301/web.struts/src/org/netbeans/modules/web/struts/wizards/FormBeanPropertiesPanelVisual.java,39,107
25565080_0.java,1,10,jstock-1.0.7c/jstock/src/org/yccheok/jstock/gui/Utils.java,1668,1692
25565080_0.java,1,10,jstock-1.0.7c/jstock/src/org/yccheok/jstock/gui/Utils.java,1670,1690
25606560_0.java,78,100,jstock-1.0.7c/jstock/src/org/yccheok/jstock/gui/ChangeStockInfoJDialog.java,126,155
2561540_0.java,5,16,jhotdraw-7.5.1/jhotdraw_7.5.1/Source/jhotdraw7/src/main/java/org/jhotdraw/samples/color/WheelsAndSlidersMain.java,122,133
2561540_0.java,5,16,jhotdraw-7.5.1/jhotdraw_7.5.1/Source/jhotdraw7/src/main/java/org/jhotdraw/samples/font/FontChooserMain.java,9,24
2752455_0.java,1,23,eclipse_SDK/eclipse_SDK-4.3/src/src/org/eclipse/help/internal/base/remote/HttpsUtility.java,38,60
2752455_0.java,1,23,eclipse_SDK/eclipse_SDK-4.3/src/src/org/eclipse/help/internal/base/remote/HttpsUtility.java,61,80
2752455_0.java,1,23,eclipse_SDK/eclipse_SDK-4.3/src/src/org/eclipse/help/internal/base/remote/HttpsUtility.java,101,120
2938261_0.java,19,28,iText-src-5/src/rups/com/itextpdf/rups/view/itext/PagesTable.java,74,86
2953040_0.java,20,35,hibernate-release-4/hibernate-release-4.2.2.Final/project/hibernate-infinispan/src/test/java/org/hibernate/test/cache/infinispan/stress/entities/Person.java,89,120
3792157_0.java,1,14,hibernate-release-4/hibernate-release-4.2.2.Final/project/documentation/src/main/docbook/devguide/en-US/extras/bmt-idiom.java,1,16
3911987_0.java,38,53,Compiere_330_Source/release_330/ad/src/org/compiere/translate/AmtInWords_ES.java,49,77
3987965_0.java,1,13,netbeans-6.9.1-201007282301/dlight.util/src/org/netbeans/modules/dlight/util/Util.java,97,114
3997606_0.java,70,82,netbeans-6.9.1-201007282301/db.dataview/src/org/netbeans/modules/db/dataview/table/ResultSetTableCellEditor.java,172,185
4065537_0.java,1,10,nakedobjects-4.0.0/nakedobjects-4.0.0/core/metamodel/src/main/java/org/nakedobjects/metamodel/commons/lang/IoUtils.java,9,24
4133780_0.java,1,12,spring-framework-3.0.5/spring-framework-3.0.5.RELEASE/projects/org.springframework.test/src/main/java/org/springframework/test/context/support/DependencyInjectionTestExecutionListener.java,27,33
4151399_1.java,1,12,columba-1/columba-1.0-src/src/mail/core/org/columba/mail/gui/composer/ComposerController.java,213,278
4151399_1.java,1,12,drjava-stable-20100913-r5387-src/drjava-stable-20100913-r5387/src/src/edu/rice/cs/drjava/ui/AboutDialog.java,46,82
4151399_1.java,1,12,drjava-stable-20100913-r5387-src/drjava-stable-20100913-r5387/src/src/edu/rice/cs/drjava/ui/AboutDialog.java,116,175
4151399_1.java,1,12,drjava-stable-20100913-r5387-src/drjava-stable-20100913-r5387/src/src/edu/rice/cs/drjava/ui/ExternalProcessPanel.java,37,62
4151399_1.java,1,12,findbugs-1/findbugs-1.3.9/src/java5/edu/umd/cs/findbugs/gui2/MainFrame.java,1420,1499
4151399_1.java,1,12,freemind-src-0/freemind/freemind/view/mindmapview/EditNodeDialog.java,42,187
4151399_1.java,1,12,ganttproject-2/ganttproject-2.0.9-src/org.ganttproject.chart.pert/src/org/ganttproject/chart/pert/ActivityOnNodePertChart.java,43,108
4151399_1.java,1,12,geotools-2/geotools-2.7-M3/modules/unsupported/caching/src/test/java/org/geotools/caching/grid/featurecache/DemoApp.java,120,143
4151399_1.java,1,12,jmoney-0/source/net/sf/jmoney/gui/DateComboBox.java,209,279
4151399_1.java,1,12,netbeans-6.9.1-201007282301/bugtracking/src/org/netbeans/modules/bugtracking/issuetable/IssueTable.java,97,166
4151399_1.java,1,12,netbeans-6.9.1-201007282301/core.ui/src/org/netbeans/core/ui/notifications/BalloonManager.java,173,240
4151399_1.java,1,12,netbeans-6.9.1-201007282301/debugger.jpda.ui/src/org/netbeans/modules/debugger/jpda/ui/debugging/KeyboardPopupSwitcher.java,130,208
4151399_1.java,1,12,netbeans-6.9.1-201007282301/deployment.deviceanywhere/src/org/netbeans/modules/deployment/deviceanywhere/DeviceChooser.java,26,112
4151399_1.java,1,12,netbeans-6.9.1-201007282301/editor.completion/src/org/netbeans/modules/editor/completion/HTMLDocView.java,25,61
4151399_1.java,1,12,netbeans-6.9.1-201007282301/j2ee.clientproject/src/org/netbeans/modules/j2ee/clientproject/ui/customizer/MainClassChooser.java,40,91
4151399_1.java,1,12,netbeans-6.9.1-201007282301/j2me.cdc.project.execuiimpl/src/org/netbeans/modules/j2me/cdc/project/execuiimpl/MainClassChooserImpl.java,83,195
4151399_1.java,1,12,netbeans-6.9.1-201007282301/java.j2seproject/src/org/netbeans/modules/java/j2seproject/ui/customizer/MainClassChooser.java,64,93
4151399_1.java,1,12,netbeans-6.9.1-201007282301/javahelp/src/org/netbeans/modules/javahelp/BrowserDisplayer.java,40,71
4151399_1.java,1,12,netbeans-6.9.1-201007282301/maven/src/org/netbeans/modules/maven/customizer/MainClassChooser.java,38,88
4151399_1.java,1,12,netbeans-6.9.1-201007282301/maven/src/org/netbeans/modules/maven/runjar/MainClassChooser.java,32,79
4151399_1.java,1,12,netbeans-6.9.1-201007282301/profiler/src/org/netbeans/modules/profiler/utils/MainClassChooser.java,56,105
4151399_1.java,1,12,netbeans-6.9.1-201007282301/projectui/src/org/netbeans/modules/project/ui/NoMainProjectWarning.java,16,48
4151399_1.java,1,12,netbeans-6.9.1-201007282301/ruby.project/src/org/netbeans/modules/ruby/rubyproject/ui/customizer/MainClassChooser.java,31,81
4207100_3.java,26,46,eclipse_SDK/eclipse_SDK-4.3/src/src/org/eclipse/core/resources/FileInfoMatcherDescription.java,23,49
4207100_3.java,26,46,eclipse_SDK/eclipse_SDK-4.3/src/src/org/eclipse/equinox/p2/publisher/eclipse/FeatureEntry.java,50,83
4207100_3.java,26,46,hibernate-release-4/hibernate-release-4.2.2.Final/project/hibernate-core/src/test/java/org/hibernate/test/collectionalias/TableB.java,38,65
4323838_0.java,1,13,columba-1/columba-1.0-src/src/mail/core/org/columba/mail/gui/composer/ComposerController.java,213,278
4323838_0.java,1,13,drjava-stable-20100913-r5387-src/drjava-stable-20100913-r5387/src/src/edu/rice/cs/drjava/ui/ExternalProcessPanel.java,37,62
4323838_0.java,1,13,freemind-src-0/freemind/freemind/view/mindmapview/EditNodeDialog.java,42,187
4323838_0.java,1,13,netbeans-6.9.1-201007282301/debugger.jpda.ui/src/org/netbeans/modules/debugger/jpda/ui/debugging/KeyboardPopupSwitcher.java,130,208
4323838_0.java,1,13,netbeans-6.9.1-201007282301/deployment.deviceanywhere/src/org/netbeans/modules/deployment/deviceanywhere/DeviceChooser.java,26,112
4323838_0.java,1,13,netbeans-6.9.1-201007282301/j2ee.clientproject/src/org/netbeans/modules/j2ee/clientproject/ui/customizer/MainClassChooser.java,40,91
4323838_0.java,1,13,netbeans-6.9.1-201007282301/j2me.cdc.project.execuiimpl/src/org/netbeans/modules/j2me/cdc/project/execuiimpl/MainClassChooserImpl.java,83,195
4323838_0.java,1,13,netbeans-6.9.1-201007282301/java.j2seproject/src/org/netbeans/modules/java/j2seproject/ui/customizer/MainClassChooser.java,64,93
4323838_0.java,1,13,netbeans-6.9.1-201007282301/maven/src/org/netbeans/modules/maven/customizer/MainClassChooser.java,38,88
4323838_0.java,1,13,netbeans-6.9.1-201007282301/maven/src/org/netbeans/modules/maven/runjar/MainClassChooser.java,32,79
4323838_0.java,1,13,netbeans-6.9.1-201007282301/profiler/src/org/netbeans/modules/profiler/utils/MainClassChooser.java,56,105
4323838_0.java,1,13,netbeans-6.9.1-201007282301/projectui/src/org/netbeans/modules/project/ui/NoMainProjectWarning.java,16,48
4323838_0.java,1,13,netbeans-6.9.1-201007282301/ruby.project/src/org/netbeans/modules/ruby/rubyproject/ui/customizer/MainClassChooser.java,31,81
4453908_0.java,1,21,eclipse_SDK/eclipse_SDK-4.3/src/src/org/eclipse/help/internal/base/remote/HttpsUtility.java,38,60
4453908_0.java,1,21,eclipse_SDK/eclipse_SDK-4.3/src/src/org/eclipse/help/internal/base/remote/HttpsUtility.java,61,80
4453908_0.java,1,21,eclipse_SDK/eclipse_SDK-4.3/src/src/org/eclipse/help/internal/base/remote/HttpsUtility.java,101,120
4608146_0.java,1,13,Compiere_330_Source/release_330/base/src/org/compiere/process/RegisterSystem.java,22,118
4608146_0.java,1,13,Vuze_4812_source/com/aelitis/azureus/core/util/http/HTTPAuthHelper.java,270,323
4608146_0.java,1,13,Vuze_4812_source/org/gudy/azureus2/core3/security/impl/SESecurityManagerImpl.java,417,514
4608146_0.java,1,13,Vuze_4812_source/org/gudy/azureus2/core3/security/impl/SESecurityManagerImpl.java,515,570
4608146_0.java,1,13,eclipse_SDK/eclipse_SDK-4.3/src/src/org/eclipse/help/internal/base/remote/HttpsUtility.java,17,37
4608146_0.java,1,13,eclipse_SDK/eclipse_SDK-4.3/src/src/org/eclipse/help/internal/base/remote/HttpsUtility.java,38,60
4608146_0.java,1,13,eclipse_SDK/eclipse_SDK-4.3/src/src/org/eclipse/help/internal/base/remote/HttpsUtility.java,61,80
4608146_0.java,1,13,eclipse_SDK/eclipse_SDK-4.3/src/src/org/eclipse/help/internal/base/remote/HttpsUtility.java,81,100
4608146_0.java,1,13,eclipse_SDK/eclipse_SDK-4.3/src/src/org/eclipse/help/internal/base/remote/HttpsUtility.java,101,120
4608146_0.java,1,13,eclipse_SDK/eclipse_SDK-4.3/src/src/org/eclipse/help/internal/base/remote/HttpsUtility.java,121,149
4608146_0.java,1,13,netbeans-6.9.1-201007282301/mobility.jsr172/src/org/netbeans/modules/mobility/jsr172/wizard/WsdlRetriever.java,78,170
4623777_0.java,1,15,hibernate-release-4/hibernate-release-4.2.2.Final/project/documentation/src/main/docbook/devguide/en-US/extras/bmt-idiom.java,1,16
5470268_0.java,1,11,freecs-1/freecs-1.3.20100406/src/freecs/util/HashUtils.java,5,21
550172_0.java,39,68,jhotdraw-7.5.1/jhotdraw_7.5.1/Source/jhotdraw7/src/main/java/org/jhotdraw/util/Images.java,41,80
5660519_0.java,1,13,spring-framework-3.0.5/spring-framework-3.0.5.RELEASE/projects/org.springframework.web.servlet/src/main/java/org/springframework/web/servlet/mvc/annotation/AnnotationMethodHandlerAdapter.java,536,593
5708120_0.java,30,39,hadoop-1/hadoop-1.0.0/src/mapred/org/apache/hadoop/mapreduce/lib/reduce/IntSumReducer.java,8,16
5708120_0.java,30,39,hadoop-1/hadoop-1.0.0/src/test/org/apache/hadoop/mapred/TestJobCounters.java,197,205
5708120_0.java,30,39,hadoop-1/hadoop-1.0.0/src/test/org/apache/hadoop/mapred/TestMiniMRClientCluster.java,112,123
5771041_0.java,1,20,hibernate-release-4/hibernate-release-4.2.2.Final/project/documentation/src/main/docbook/devguide/en-US/chapters/events/extras/JpaCallbacksExample.java,1,28
5824460_0.java,1,10,columba-1/columba-1.0-src/src/columba/core/org/columba/core/gui/util/FontProperties.java,55,70
5953343_0.java,121,133,freemind-src-0/freemind/freemind/main/FixedHTMLWriter.java,35,55
6025026_0.java,70,88,jung2-2_0_1/jung-samples-2.0.1/edu/uci/ics/jung/samples/ShortestPathDemo.java,58,77
6025026_0.java,221,230,jung2-2_0_1/jung-samples-2.0.1/edu/uci/ics/jung/samples/ShortestPathDemo.java,167,176
6029915_0.java,1,14,findbugs-1/findbugs-1.3.9/src/antTask/edu/umd/cs/findbugs/anttask/UnionBugs.java,65,81
6029915_0.java,1,14,wct-package-v1.5.2/WCTSubmitToRosetta/src/main/java/nz/govt/natlib/ndha/common/FileUtils.java,23,38
6055903_0.java,1,15,Compiere_330_Source/release_330/base/src/org/compiere/process/RegisterSystem.java,22,118
6067986_0.java,11,22,jhotdraw-7.5.1/jhotdraw_7.5.1/Source/jhotdraw7/src/main/java/org/jhotdraw/samples/color/WheelsAndSlidersMain.java,122,133
6341739_0.java,1,11,xalan-j_2_7_1/xalan-j_2_7_1/src/org/apache/xalan/extensions/ObjectFactory.java,72,159
6341739_0.java,1,11,xalan-j_2_7_1/xalan-j_2_7_1/src/org/apache/xalan/lib/ObjectFactory.java,72,159
6341739_0.java,1,11,xalan-j_2_7_1/xalan-j_2_7_1/src/org/apache/xalan/lib/sql/ObjectFactory.java,72,159
6341739_0.java,1,11,xalan-j_2_7_1/xalan-j_2_7_1/src/org/apache/xalan/xslt/ObjectFactory.java,72,159
6341739_0.java,1,11,xalan-j_2_7_1/xalan-j_2_7_1/src/org/apache/xalan/xsltc/cmdline/ObjectFactory.java,72,159
6341739_0.java,1,11,xalan-j_2_7_1/xalan-j_2_7_1/src/org/apache/xalan/xsltc/compiler/ObjectFactory.java,72,159
6341739_0.java,1,11,xalan-j_2_7_1/xalan-j_2_7_1/src/org/apache/xalan/xsltc/compiler/util/ObjectFactory.java,72,159
6341739_0.java,1,11,xalan-j_2_7_1/xalan-j_2_7_1/src/org/apache/xalan/xsltc/dom/ObjectFactory.java,72,159
6341739_0.java,1,11,xalan-j_2_7_1/xalan-j_2_7_1/src/org/apache/xalan/xsltc/runtime/ObjectFactory.java,72,159
6341739_0.java,1,11,xalan-j_2_7_1/xalan-j_2_7_1/src/org/apache/xalan/xsltc/trax/ObjectFactory.java,72,159
6341739_0.java,1,11,xalan-j_2_7_1/xalan-j_2_7_1/src/org/apache/xml/dtm/ObjectFactory.java,72,159
6341739_0.java,1,11,xalan-j_2_7_1/xalan-j_2_7_1/src/org/apache/xml/dtm/ref/ObjectFactory.java,72,159
6341739_0.java,1,11,xalan-j_2_7_1/xalan-j_2_7_1/src/org/apache/xml/serializer/ObjectFactory.java,72,159
6341739_0.java,1,11,xalan-j_2_7_1/xalan-j_2_7_1/src/org/apache/xml/utils/ObjectFactory.java,72,159
6341739_0.java,1,11,xalan-j_2_7_1/xalan-j_2_7_1/src/org/apache/xpath/functions/ObjectFactory.java,72,159
6697773_0.java,28,39,jhotdraw-7.5.1/jhotdraw_7.5.1/Source/jhotdraw7/src/main/java/org/jhotdraw/samples/color/WheelsAndSlidersMain.java,122,133
6697773_0.java,28,39,jhotdraw-7.5.1/jhotdraw_7.5.1/Source/jhotdraw7/src/main/java/org/jhotdraw/samples/font/FontChooserMain.java,9,24
6755459_0.java,1,12,netbeans-6.9.1-201007282301/hudson/src/org/netbeans/modules/hudson/api/ConnectionBuilder.java,110,219
6755459_0.java,1,12,netbeans-6.9.1-201007282301/mercurial/src/org/netbeans/modules/mercurial/ui/wizards/CloneRepositoryWizardPanel.java,292,319
6874437_0.java,21,31,netbeans-6.9.1-201007282301/php.project/src/org/netbeans/modules/php/project/connections/ui/transfer/table/TransferFilterTable.java,50,81
6931385_0.java,9,22,netbeans-6.9.1-201007282301/ruby.extrahints/src/org/netbeans/modules/ruby/extrahints/DuplicateHashKeys.java,119,135
7032144_1.java,1,11,geotools-2/geotools-2.7-M3/modules/library/main/src/main/java/org/geotools/feature/collection/AbstractFeatureCollection.java,189,207
7037010_0.java,1,10,apache-log4j-1.2.16/apache-log4j-1.2.16/src/main/java/org/apache/log4j/Category.java,40,56
704839_0.java,20,31,Vuze_4812_source/com/aelitis/azureus/ui/swt/shells/BrowserWindow.java,156,167
704839_0.java,20,31,Vuze_4812_source/org/gudy/azureus2/ui/swt/ImageRepository.java,272,290
704839_0.java,20,31,Vuze_4812_source/org/gudy/azureus2/ui/swt/shells/SimpleBrowserWindow.java,85,96
704839_0.java,20,31,eclipse_SDK/eclipse_SDK-4.3/src/src/org/eclipse/ui/internal/views/markers/ViewerColumnsDialog.java,627,640
7150734_0.java,1,17,colt-1/colt/src/cern/colt/matrix/impl/TestMatrix2D.java,238,335
7240032_0.java,1,17,c-jdbc-2/c-jdbc-2.0.2-src/src/org/objectweb/cjdbc/controller/recoverylog/RecoveryLog.java,823,862
7441437_0.java,2,11,jfreechart-1/jfreechart-1.0.13/tests/org/jfree/chart/junit/PieChartTests.java,30,41
7564990_0.java,1,10,tapestry-src-5.1.0.5/tapestry-core/src/main/java/org/apache/tapestry5/services/TransformMethodSignature.java,76,95
7649910_0.java,1,11,columba-1/columba-1.0-src/src/mail/core/org/columba/mail/gui/table/plugins/DefaultLabelRenderer.java,28,71
7649910_0.java,1,11,netbeans-6.9.1-201007282301/db.dataview/src/org/netbeans/modules/db/dataview/table/CellFocusCustomRenderer.java,10,22
7649910_0.java,1,11,netbeans-6.9.1-201007282301/gsf.codecoverage/src/org/netbeans/modules/gsf/codecoverage/CoverageReportTopComponent.java,342,384
7649910_0.java,1,11,pooka_080505/net/suberic/pooka/gui/FilterFolderCellRenderer.java,11,75
7732479_2.java,39,71,netbeans-6.9.1-201007282301/form/test/qa-functional/data/SampleProject/src/org/netbeans/test/editor/formatting/testBasicIndentation.java,6,220
7732479_2.java,72,95,jstock-1.0.7c/jstock/src/org/yccheok/jstock/gui/ChangeStockInfoJDialog.java,126,155
7758741_0.java,1,10,Vuze_4812_source/org/gudy/azureus2/ui/common/StartServer.java,31,79
7758741_0.java,1,10,Vuze_4812_source/org/gudy/azureus2/ui/swt/StartServer.java,75,116
7758741_0.java,1,10,hsqldb-2/hsqldb-2.0.0/hsqldb/src/org/hsqldb/test/TestNitin.java,3,44
7968632_1.java,1,11,spring-framework-3.0.5/spring-framework-3.0.5.RELEASE/projects/org.springframework.web.servlet/src/main/java/org/springframework/web/servlet/tags/form/ValueFormatter.java,10,22
8065120_0.java,1,10,eclipse_SDK/eclipse_SDK-4.3/src/src/org/eclipse/swt/widgets/Composite.java,627,643
8180925_0.java,24,40,netbeans-6.9.1-201007282301/groovy.editor/src/org/netbeans/modules/groovy/editor/api/completion/MethodSignature.java,16,33
8180925_0.java,24,40,netbeans-6.9.1-201007282301/j2ee.samples/samples_src/ScrumToys/src/java/jsf2/demo/scrum/model/entities/Sprint.java,117,133
8180925_0.java,24,40,netbeans-6.9.1-201007282301/j2ee.samples/samples_src/ScrumToys/src/java/jsf2/demo/scrum/model/entities/Story.java,128,144
8180925_0.java,24,40,netbeans-6.9.1-201007282301/j2ee.samples/samples_src/ScrumToys/src/java/jsf2/demo/scrum/model/entities/Task.java,84,100
8180925_0.java,24,40,netbeans-6.9.1-201007282301/java.hints/src/org/netbeans/modules/java/hints/jackpot/impl/pm/NFABasedBulkSearch.java,376,395
8180925_0.java,24,40,netbeans-6.9.1-201007282301/maven.samples/samples_src/MavenScrumToys/src/main/java/jsf2/demo/scrum/model/entities/Sprint.java,117,133
8180925_0.java,24,40,netbeans-6.9.1-201007282301/maven.samples/samples_src/MavenScrumToys/src/main/java/jsf2/demo/scrum/model/entities/Story.java,128,144
8180925_0.java,24,40,netbeans-6.9.1-201007282301/maven.samples/samples_src/MavenScrumToys/src/main/java/jsf2/demo/scrum/model/entities/Task.java,84,100
8180925_0.java,24,40,netbeans-6.9.1-201007282301/php.editor/src/org/netbeans/modules/php/editor/elements/PhpElementImpl.java,194,216
8257554_0.java,1,14,hibernate-release-4/hibernate-release-4.2.2.Final/project/hibernate-core/src/main/java/org/hibernate/cfg/SettingsFactory.java,40,293
8326450_1.java,1,11,geotools-2/geotools-2.7-M3/modules/unsupported/swing/src/main/java/org/geotools/swing/MapLayerTable.java,54,145
8326450_1.java,1,11,iReport-3/iReport-3.7.5-src/ireport-designer/src/com/jaspersoft/ireport/designer/tools/SeriesColorsPanel.java,35,54
8326450_1.java,1,11,netbeans-6.9.1-201007282301/j2ee.clientproject/src/org/netbeans/modules/j2ee/clientproject/ui/customizer/CustomizerSources.java,40,112
8326450_1.java,1,11,netbeans-6.9.1-201007282301/j2ee.earproject/src/org/netbeans/modules/j2ee/earproject/ui/customizer/EarProjectProperties.java,181,222
8326450_1.java,1,11,netbeans-6.9.1-201007282301/j2ee.ejbjarproject/src/org/netbeans/modules/j2ee/ejbjarproject/ui/customizer/CustomizerSources.java,41,108
8326450_1.java,1,11,netbeans-6.9.1-201007282301/java.j2seproject/src/org/netbeans/modules/java/j2seproject/ui/customizer/CustomizerSources.java,33,105
8326450_1.java,1,11,netbeans-6.9.1-201007282301/spi.quicksearch/test/unit/src/org/netbeans/modules/quicksearch/ResultsModelTest.java,24,61
8326450_1.java,1,11,netbeans-6.9.1-201007282301/web.project/src/org/netbeans/modules/web/project/ui/customizer/CustomizerSources.java,35,109
8385412_0.java,1,15,jfreechart-1/jfreechart-1.0.13/swt/org/jfree/experimental/swt/SWTUtils.java,191,242
8580765_0.java,1,12,netbeans-6.9.1-201007282301/cnd.utils/src/org/netbeans/modules/cnd/utils/cache/WeakSharedSet.java,242,259
8685131_0.java,1,10,jstock-1.0.7c/jstock/src/org/yccheok/jstock/gui/OptionsAlertJPanel.java,19,345
8685131_0.java,1,10,jstock-1.0.7c/jstock/src/org/yccheok/jstock/gui/OptionsBrokerJPanel.java,27,302
8685131_0.java,1,10,jstock-1.0.7c/jstock/src/org/yccheok/jstock/gui/OptionsColorJPanel.java,12,438
8685131_0.java,1,10,jstock-1.0.7c/jstock/src/org/yccheok/jstock/gui/OptionsIndicatorJPanel.java,6,67
8685131_0.java,1,10,jstock-1.0.7c/jstock/src/org/yccheok/jstock/gui/OptionsNetworkJPanel.java,158,352
8685131_0.java,1,10,jstock-1.0.7c/jstock/src/org/yccheok/jstock/gui/OptionsUpdateJPanel.java,14,67
8685131_0.java,1,10,jstock-1.0.7c/jstock/src/org/yccheok/jstock/gui/StockJDialog.java,19,334
8685131_0.java,1,10,jstock-1.0.7c/jstock/src/org/yccheok/jstock/gui/WizardSelectStockJPanel.java,16,332
8685131_0.java,1,10,jstock-1.0.7c/jstock/src/org/yccheok/jstock/gui/analysis/WizardSelectInstallIndicatorMethodJPanel.java,11,86
8685131_0.java,1,10,jstock-1.0.7c/jstock/src/org/yccheok/jstock/gui/charting/StochasticOptionsJDialog.java,7,65
8685131_0.java,1,10,netbeans-6.9.1-201007282301/cnd.highlight/src/org/netbeans/modules/cnd/highlight/semantic/options/SemanticHighlightingOptionsPanel.java,133,184
8685131_0.java,1,10,netbeans-6.9.1-201007282301/cnd.makeproject/src/org/netbeans/modules/cnd/makeproject/ConfirmExtensions.java,60,131
8685131_0.java,1,10,netbeans-6.9.1-201007282301/cnd.remote/src/org/netbeans/modules/cnd/remote/ui/wizard/CreateHostVisualPanel2.java,66,127
8685131_0.java,1,10,netbeans-6.9.1-201007282301/cnd/src/org/netbeans/modules/cnd/ui/options/CndOtherOptionsPanel.java,139,185
8685131_0.java,1,10,netbeans-6.9.1-201007282301/db/src/org/netbeans/modules/db/explorer/dlg/NewConnectionPanel.java,189,448
8685131_0.java,1,10,netbeans-6.9.1-201007282301/dlight.nativeexecution/src/org/netbeans/modules/nativeexecution/support/ui/AuthTypeSelectorDlg.java,36,82
8685131_0.java,1,10,netbeans-6.9.1-201007282301/form/test/qa-functional/data/SampleProject/src/org/netbeans/test/editor/formatting/testAdvancedIndentation.java,6,86
8685131_0.java,1,10,netbeans-6.9.1-201007282301/form/test/qa-functional/data/SampleProject/src/org/netbeans/test/editor/formatting/testReformat2.java,11,50
8685131_0.java,1,10,netbeans-6.9.1-201007282301/php.editor/src/org/netbeans/modules/php/editor/actions/ImportModulePanel.java,79,134
8685131_0.java,1,10,netbeans-6.9.1-201007282301/php.editor/src/org/netbeans/modules/php/editor/indent/ui/FmtBlankLines.java,50,421
8685131_0.java,1,10,netbeans-6.9.1-201007282301/profiler.attach/src/org/netbeans/modules/profiler/attach/panels/AttachSettingsPanelUI.java,60,272
8685131_0.java,1,10,netbeans-6.9.1-201007282301/profiler.attach/src/org/netbeans/modules/profiler/attach/panels/RemoteAttachSettingsPanelUI.java,42,135
8685131_0.java,1,10,netbeans-6.9.1-201007282301/profiler.attach/src/org/netbeans/modules/profiler/attach/panels/ReviewSettingsPanelUI.java,11,71
8685131_0.java,1,10,netbeans-6.9.1-201007282301/profiler.attach/src/org/netbeans/modules/profiler/attach/panels/SelectIntegrationTypePanelUI.java,14,101
8685131_0.java,1,10,netbeans-6.9.1-201007282301/profiler.j2ee.jboss/src/org/netbeans/modules/profiler/j2ee/jboss/JBossIntegrationPanelUI.java,13,89
8685131_0.java,1,10,netbeans-6.9.1-201007282301/profiler.j2ee.sunas/src/org/netbeans/modules/profiler/j2ee/sunas/SunASIntegrationPanelUI.java,43,126
8685131_0.java,1,10,netbeans-6.9.1-201007282301/profiler.j2ee.tomcat/src/org/netbeans/modules/profiler/j2ee/tomcat/TomcatIntegrationPanelUI.java,16,108
8685131_0.java,1,10,netbeans-6.9.1-201007282301/project.ant/src/org/netbeans/modules/project/ant/RelativizeFilePathCustomizer.java,29,63
8729871_0.java,18,35,netbeans-6.9.1-201007282301/openide.explorer/src/org/openide/explorer/view/ListView.java,278,305
9161843_0.java,1,10,spring-framework-3.0.5/spring-framework-3.0.5.RELEASE/projects/org.springframework.beans/src/main/java/org/springframework/beans/factory/annotation/AutowiredAnnotationBeanPostProcessor.java,54,64
9327920_1.java,1,11,jhotdraw-7.5.1/jhotdraw_7.5.1/Source/jhotdraw7/src/main/java/org/jhotdraw/util/Images.java,41,80
