10274267_0.java,1,12,hibernate-release-4/hibernate-release-4.2.2.Final/project/documentation/src/main/docbook/devguide/en-US/extras/flush_and_clear_session.java,1,12,10274267_0.java,1,12,hibernate-release-4/hibernate-release-4.2.2.Final/project/documentation/src/main/docbook/devguide/en-US/extras/flush_and_clear_session.java,1,12,QS,answer posts code from hibernate to explain,
10777586_0.java,1,17,weka-3-7-9/main/java/weka/core/Instances.java,1062,1132,10777586_0.java,1,15,weka-3-7-9/main/java/weka/core/Instances.java,1078,1092,QS,SO copies code from weka to assist answer,
10930216_1.java,1,17,weka-3-7-9/main/java/weka/core/Instances.java,1062,1132,10930216_1.java,1,15,weka-3-7-9/main/java/weka/core/Instances.java,1078,1092,QS,SO copies code from weka to assist answer,
11092289_1.java,26,42,iReport-3/iReport-3.7.5-src/jasperserver-plugin/src/com/jaspersoft/ireport/jasperserver/ws/IReportSSLSocketFactory.java,49,71,11092289_1.java,26,42,iReport-3/iReport-3.7.5-src/jasperserver-plugin/src/com/jaspersoft/ireport/jasperserver/ws/IReportSSLSocketFactory.java,49,71,UD,cloned code. not evidence from where. code in qualitas older than stackoverflow answer, but code on SO snippet seems to be from a different system,
11202699_0.java,1,12,heritrix-1/heritrix-1.14.4/src/java/org/archive/util/FileUtils.java,223,234,11202699_0.java,1,12,heritrix-1/heritrix-1.14.4/src/java/org/archive/util/FileUtils.java,223,234,UD,common snippet for recursevely delete dirs,
11202699_0.java,1,12,hsqldb-2/hsqldb-2.0.0/hsqldb/src/org/hsqldb/test/HsqldbTestCase.java,11,22,11202699_0.java,1,12,hsqldb-2/hsqldb-2.0.0/hsqldb/src/org/hsqldb/test/HsqldbTestCase.java,11,22,UD,common snippet for recursevely delete dirs,
11202699_0.java,1,12,jstock-1.0.7c/jstock/src/org/yccheok/jstock/gui/Utils.java,501,515,11202699_0.java,1,12,jstock-1.0.7c/jstock/src/org/yccheok/jstock/gui/Utils.java,501,515,UD,common snippet for recursevely delete dirs,
11202699_0.java,1,12,jstock-1.0.7c/jstock/src/org/yccheok/jstock/gui/Utils.java,588,599,11202699_0.java,1,12,jstock-1.0.7c/jstock/src/org/yccheok/jstock/gui/Utils.java,588,599,UD,common snippet for recursevely delete dirs,
11319346_0.java,121,142,apache-jmeter-2.9/apache-jmeter-2.9/src/jorphan/org/apache/jorphan/gui/layout/VerticalLayout.java,88,109,11319346_0.java,121,142,apache-jmeter-2.9/apache-jmeter-2.9/src/jorphan/org/apache/jorphan/gui/layout/VerticalLayout.java,88,109,UD,clone of a whole class. Qualitas code seems old, but no evidence SO answer came directly from qualitas code.,
11319346_0.java,143,179,apache-jmeter-2.9/apache-jmeter-2.9/src/jorphan/org/apache/jorphan/gui/layout/VerticalLayout.java,33,69,11319346_0.java,143,179,apache-jmeter-2.9/apache-jmeter-2.9/src/jorphan/org/apache/jorphan/gui/layout/VerticalLayout.java,34,69,UD,clone of a whole class. Qualitas code seems old, but no evidence SO answer came directly from qualitas code.,
11741948_0.java,1,12,apache-log4j-1.2.16/apache-log4j-1.2.16/src/main/java/org/apache/log4j/lf5/util/StreamUtils.java,12,23,11741948_0.java,1,12,apache-log4j-1.2.16/apache-log4j-1.2.16/src/main/java/org/apache/log4j/lf5/util/StreamUtils.java,12,23,UD,cloned code without evidence of source,
11825416_0.java,1,13,geotools-2/geotools-2.7-M3/modules/unsupported/swing/src/main/java/org/jdesktop/swingworker/SwingWorker.java,163,175,11825416_0.java,1,13,geotools-2/geotools-2.7-M3/modules/unsupported/swing/src/main/java/org/jdesktop/swingworker/SwingWorker.java,163,175,EX,SO question asks about SwingWorker. SO answer copies code from SwingWorker to assist in reply. geotools copied SwingWorker from Sun to their code base,
11861598_0.java,1,19,eclipse_SDK/eclipse_SDK-4.3/src/src/org/eclipse/jface/wizard/WizardDialog.java,377,408,11861598_0.java,1,18,eclipse_SDK/eclipse_SDK-4.3/src/src/org/eclipse/jface/wizard/WizardDialog.java,377,394,QS,SO copies code from eclipse to assist answer,
12106623_0.java,1,16,apache-log4j-1.2.16/apache-log4j-1.2.16/src/main/java/org/apache/log4j/WriterAppender.java,45,61,12106623_0.java,1,16,apache-log4j-1.2.16/apache-log4j-1.2.16/src/main/java/org/apache/log4j/WriterAppender.java,45,61,QS,author copied code from log4j to answer the question,
12427981_1.java,17,33,apache-log4j-1.2.16/apache-log4j-1.2.16/contribs/JimMoore/LoggingOutputStream.java,32,48,12427981_1.java,17,32,apache-log4j-1.2.16/apache-log4j-1.2.16/contribs/JimMoore/LoggingOutputStream.java,32,47,QS,SO posts what he calls a copy and paste solution. the whole class is too similar to log4j to not be copied from there,
12427981_1.java,17,33,c-jdbc-2/c-jdbc-2.0.2-src/src/org/objectweb/cjdbc/common/util/LoggingOutputStream.java,36,52,12427981_1.java,17,32,c-jdbc-2/c-jdbc-2.0.2-src/src/org/objectweb/cjdbc/common/util/LoggingOutputStream.java,36,51,EX,(by Jens) have an evidence that I comes from https://svn.apache.org/repos/asf/logging/log4j/trunk/contribs/JimMoore/LoggingOutputStream.java,
12427981_1.java,34,50,apache-log4j-1.2.16/apache-log4j-1.2.16/contribs/JimMoore/LoggingOutputStream.java,49,65,12427981_1.java,34,50,apache-log4j-1.2.16/apache-log4j-1.2.16/contribs/JimMoore/LoggingOutputStream.java,49,65,QS,SO says the solution is copy and paste, and the whole class is too similar to the one in log4j for not being a clone.,
12428601_0.java,1,12,heritrix-1/heritrix-1.14.4/src/java/org/archive/util/FileUtils.java,223,234,12428601_0.java,1,12,heritrix-1/heritrix-1.14.4/src/java/org/archive/util/FileUtils.java,223,234,UD,common snippet for recursevely delete dirs,
12428601_0.java,1,12,hsqldb-2/hsqldb-2.0.0/hsqldb/src/org/hsqldb/test/HsqldbTestCase.java,11,22,12428601_0.java,1,12,hsqldb-2/hsqldb-2.0.0/hsqldb/src/org/hsqldb/test/HsqldbTestCase.java,11,22,UD,common snippet for recursevely delete dirs,
12428601_0.java,1,12,jstock-1.0.7c/jstock/src/org/yccheok/jstock/gui/Utils.java,501,515,12428601_0.java,1,12,jstock-1.0.7c/jstock/src/org/yccheok/jstock/gui/Utils.java,501,515,UD,common snippet for recursevely delete dirs,
12428601_0.java,1,12,jstock-1.0.7c/jstock/src/org/yccheok/jstock/gui/Utils.java,588,599,12428601_0.java,1,12,jstock-1.0.7c/jstock/src/org/yccheok/jstock/gui/Utils.java,588,599,UD,common snippet for recursevely delete dirs,
12593810_0.java,1,12,poi-3.6-20091214/poi-3.6/src/ooxml/java/org/apache/poi/ss/usermodel/WorkbookFactory.java,18,29,12593810_0.java,1,12,poi-3.6-20091214/poi-3.6/src/ooxml/java/org/apache/poi/ss/usermodel/WorkbookFactory.java,18,29,QS,question tags apache-poi. even error string is the same, very likely copy and paste,
12728036_0.java,1,11,megamek-0.35.18/src/megamek/client/ui/swing/MegaMekGUI.java,58,113,12728036_0.java,1,10,megamek-0.35.18/src/megamek/client/ui/swing/MegaMekGUI.java,62,71,BP,common code to initialize GUI,
12835370_0.java,1,12,heritrix-1/heritrix-1.14.4/src/java/org/archive/util/FileUtils.java,223,234,12835370_0.java,1,12,heritrix-1/heritrix-1.14.4/src/java/org/archive/util/FileUtils.java,223,234,UD,common snippet for recursevely delete dirs,
12835370_0.java,1,12,hsqldb-2/hsqldb-2.0.0/hsqldb/src/org/hsqldb/test/HsqldbTestCase.java,11,22,12835370_0.java,1,12,hsqldb-2/hsqldb-2.0.0/hsqldb/src/org/hsqldb/test/HsqldbTestCase.java,11,22,UD,common snippet for recursevely delete dirs,
12835370_0.java,1,12,jstock-1.0.7c/jstock/src/org/yccheok/jstock/gui/Utils.java,501,515,12835370_0.java,1,12,jstock-1.0.7c/jstock/src/org/yccheok/jstock/gui/Utils.java,501,515,UD,common snippet for recursevely delete dirs,
12835370_0.java,1,12,jstock-1.0.7c/jstock/src/org/yccheok/jstock/gui/Utils.java,588,599,12835370_0.java,1,12,jstock-1.0.7c/jstock/src/org/yccheok/jstock/gui/Utils.java,588,599,UD,common snippet for recursevely delete dirs,
12844115_0.java,128,138,apache-log4j-1.2.16/apache-log4j-1.2.16/src/main/java/org/apache/log4j/lf5/viewer/categoryexplorer/CategoryAbstractCellEditor.java,72,82,12844115_0.java,128,138,apache-log4j-1.2.16/apache-log4j-1.2.16/src/main/java/org/apache/log4j/lf5/viewer/categoryexplorer/CategoryAbstractCellEditor.java,72,82,UD,cloned code. no evidence from where,
12844115_0.java,139,149,apache-log4j-1.2.16/apache-log4j-1.2.16/src/main/java/org/apache/log4j/lf5/viewer/categoryexplorer/CategoryAbstractCellEditor.java,83,93,12844115_0.java,139,149,apache-log4j-1.2.16/apache-log4j-1.2.16/src/main/java/org/apache/log4j/lf5/viewer/categoryexplorer/CategoryAbstractCellEditor.java,83,93,UD,cloned code. no evidence from where,
13311280_0.java,29,54,netbeans-6.9.1-201007282301/form/test/qa-functional/data/SampleDesktopApplication/src/sampledesktopapplication/SampleDesktopView.java,14,67,13311280_0.java,2,56,netbeans-6.9.1-201007282301/form/test/qa-functional/data/SampleDesktopApplication/src/sampledesktopapplication/SampleDesktopView.java,14,67,BP,auto generated code by netbeans,
13311280_0.java,29,54,netbeans-6.9.1-201007282301/form/test/qa-functional/data/SampleDesktopApplication/src/sampledesktopapplication/SampleDesktopView.java,40,65,13311280_0.java,29,54,netbeans-6.9.1-201007282301/form/test/qa-functional/data/SampleDesktopApplication/src/sampledesktopapplication/SampleDesktopView.java,40,65,UD,An exactly similar (-1 line) 54-line clone. The comments are even similar to code in netbeans. It is also similar to the code in http://www.programcreek.com/java-api-examples/index.php?api=org.jdesktop.application.SingleFrameApplication and it says it's copied from open source project.,
13311280_0.java,29,54,netbeans-6.9.1-201007282301/java.examples/DocumentEditor/src/documenteditor/DocumentEditorView.java,27,92,13311280_0.java,2,56,netbeans-6.9.1-201007282301/java.examples/DocumentEditor/src/documenteditor/DocumentEditorView.java,27,92,BP,auto generated code by netbeans,
13311280_0.java,29,54,netbeans-6.9.1-201007282301/java.examples/DocumentEditor/src/documenteditor/DocumentEditorView.java,53,78,13311280_0.java,29,54,netbeans-6.9.1-201007282301/java.examples/DocumentEditor/src/documenteditor/DocumentEditorView.java,53,78,UD,An actually exactly similar (-1 line) 54-line clone. The comments are even similar to code in netbeans. It is also similar to the code in http://www.programcreek.com/java-api-examples/index.php?api=org.jdesktop.application.SingleFrameApplication and it says it's copied from open source project.,
13311280_0.java,29,54,netbeans-6.9.1-201007282301/java.examples/MarsRoverViewer/src/marsroverviewer/MarsRoverViewerView.java,24,78,13311280_0.java,2,56,netbeans-6.9.1-201007282301/java.examples/MarsRoverViewer/src/marsroverviewer/MarsRoverViewerView.java,24,78,BP,auto generated code by netbeans,
13311280_0.java,29,54,netbeans-6.9.1-201007282301/java.examples/MarsRoverViewer/src/marsroverviewer/MarsRoverViewerView.java,51,76,13311280_0.java,29,54,netbeans-6.9.1-201007282301/java.examples/MarsRoverViewer/src/marsroverviewer/MarsRoverViewerView.java,51,76,UD,cloned code, no evidence,
13311280_0.java,29,54,netbeans-6.9.1-201007282301/swingapp/appshells/BasicShellApp/src/applicationpackage/ShellView.java,14,67,13311280_0.java,2,56,netbeans-6.9.1-201007282301/swingapp/appshells/BasicShellApp/src/applicationpackage/ShellView.java,14,67,BP,auto generated code by netbeans,
13311280_0.java,29,54,netbeans-6.9.1-201007282301/swingapp/appshells/BasicShellApp/src/applicationpackage/ShellView.java,40,65,13311280_0.java,29,54,netbeans-6.9.1-201007282301/swingapp/appshells/BasicShellApp/src/applicationpackage/ShellView.java,40,65,UD,cloned code, no evidence,
13311280_0.java,29,54,netbeans-6.9.1-201007282301/swingapp/appshells/CRUDShellApp/src/applicationpackage/ShellView.java,26,98,13311280_0.java,29,54,netbeans-6.9.1-201007282301/swingapp/appshells/CRUDShellApp/src/applicationpackage/ShellView.java,52,77,UD,An actually exactly similar (-1 line) 54-line clone. The comments are even similar to code in netbeans. It is also similar to the code in http://www.programcreek.com/java-api-examples/index.php?api=org.jdesktop.application.SingleFrameApplication and it says it's copied from open source project.,
13460384_0.java,1,12,spring-framework-3.0.5/spring-framework-3.0.5.RELEASE/projects/org.springframework.web.servlet/src/main/java/org/springframework/web/servlet/support/WebContentGenerator.java,99,110,13460384_0.java,1,12,spring-framework-3.0.5/spring-framework-3.0.5.RELEASE/projects/org.springframework.web.servlet/src/main/java/org/springframework/web/servlet/support/WebContentGenerator.java,99,110,QS,SO copies from spring to assist in reply,
13524878_0.java,1,16,netbeans-6.9.1-201007282301/java.source/test/unit/data/jdk/JTable.java,1469,1484,13524878_0.java,1,16,netbeans-6.9.1-201007282301/java.source/test/unit/data/jdk/JTable.java,1469,1484,QS,SO provides code to point to the problem the author of the question had.,
14019840_0.java,1,18,struts2-2.2.1-all/struts-2.2.1/src/core/src/main/java/org/apache/struts2/dispatcher/mapper/DefaultActionMapper.java,128,145,14019840_0.java,1,18,struts2-2.2.1-all/struts-2.2.1/src/core/src/main/java/org/apache/struts2/dispatcher/mapper/DefaultActionMapper.java,128,145,QS,SO provides code from struts to help answering the question,
14330686_0.java,1,12,hibernate-release-4/hibernate-release-4.2.2.Final/project/documentation/src/main/docbook/devguide/en-US/extras/flush_and_clear_session.java,1,12,14330686_0.java,1,12,hibernate-release-4/hibernate-release-4.2.2.Final/project/documentation/src/main/docbook/devguide/en-US/extras/flush_and_clear_session.java,1,12,QS,SO answer posts code from hibernate to assist reply,
14582029_0.java,1,12,hibernate-release-4/hibernate-release-4.2.2.Final/project/documentation/src/main/docbook/devguide/en-US/extras/flush_and_clear_session.java,1,12,14582029_0.java,1,12,hibernate-release-4/hibernate-release-4.2.2.Final/project/documentation/src/main/docbook/devguide/en-US/extras/flush_and_clear_session.java,1,12,QS,SO answer posts code from hibernate to assist reply,
14845581_1.java,1,11,hadoop-1/hadoop-1.0.0/src/mapred/org/apache/hadoop/mapreduce/JobSubmissionFiles.java,36,62,14845581_1.java,1,10,hadoop-1/hadoop-1.0.0/src/mapred/org/apache/hadoop/mapreduce/JobSubmissionFiles.java,46,55,QS,SO answer copies code from hadoop to assist reply,
14940863_0.java,1,26,jstock-1.0.7c/jstock/src/org/yccheok/jstock/alert/GoogleMail.java,18,43,14940863_0.java,1,26,jstock-1.0.7c/jstock/src/org/yccheok/jstock/alert/GoogleMail.java,18,43,QS,SO says he copied from jstock,
15168494_0.java,1,30,hibernate-release-4/hibernate-release-4.2.2.Final/project/hibernate-core/src/main/java/org/hibernate/service/jdbc/connections/internal/ConnectionProviderInitiator.java,58,118,15168494_0.java,1,29,hibernate-release-4/hibernate-release-4.2.2.Final/project/hibernate-core/src/main/java/org/hibernate/service/jdbc/connections/internal/ConnectionProviderInitiator.java,65,93,QS,answer posts code from hibernate to assist in reply,
15260207_0.java,145,155,freemind-src-0/freemind/accessories/plugins/dialogs/ArrayListTransferHandler.java,90,100,15260207_0.java,145,155,freemind-src-0/freemind/accessories/plugins/dialogs/ArrayListTransferHandler.java,90,100,EX,ONE-SIDED SO says he copied from the web. no evidence if Qualitas is original or copied from WEB,
15260207_0.java,176,196,freemind-src-0/freemind/accessories/plugins/dialogs/ArrayListTransferHandler.java,107,127,15260207_0.java,176,196,freemind-src-0/freemind/accessories/plugins/dialogs/ArrayListTransferHandler.java,107,127,EX,ONE-SIDED SO says he copied from the web. no evidence if Qualitas is original or copied from WEB,
15373186_0.java,104,113,iReport-3/iReport-3.7.5-src/jasperserver-plugin/src/com/jaspersoft/ireport/jasperserver/ws/IReportTrustManager.java,113,122,15373186_0.java,104,113,iReport-3/iReport-3.7.5-src/jasperserver-plugin/src/com/jaspersoft/ireport/jasperserver/ws/IReportTrustManager.java,113,122,EX,SO answer says the code is from http://blogs.sun.com/andreas/resource/InstallCert.java. No comment in iReport's code.,
16180910_0.java,1,15,hadoop-1/hadoop-1.0.0/src/mapred/org/apache/hadoop/mapred/LineRecordReader.java,35,63,16180910_0.java,1,14,hadoop-1/hadoop-1.0.0/src/mapred/org/apache/hadoop/mapred/LineRecordReader.java,47,60,QS,SO answer copies from hadoop to assist in reply,
16180910_0.java,1,15,hadoop-1/hadoop-1.0.0/src/mapred/org/apache/hadoop/mapreduce/lib/input/LineRecordReader.java,27,57,16180910_0.java,1,14,hadoop-1/hadoop-1.0.0/src/mapred/org/apache/hadoop/mapreduce/lib/input/LineRecordReader.java,41,54,QS,SO answer copies from jfreechart to assist in reply,
16198305_0.java,7,16,netbeans-6.9.1-201007282301/java.source/test/unit/data/jdk/JTable.java,1630,1639,16198305_0.java,7,16,netbeans-6.9.1-201007282301/java.source/test/unit/data/jdk/JTable.java,1630,1639,UD,cloned code. no evidence,
16207578_0.java,1,10,apache-tomcat-7.0.2/apache-tomcat-7.0.2-src/java/javax/servlet/http/HttpServlet.java,31,40,16207578_0.java,1,10,apache-tomcat-7.0.2/apache-tomcat-7.0.2-src/java/javax/servlet/http/HttpServlet.java,31,40,QS,SO posts code from HttpServlet to assist in reply,
16207578_0.java,1,10,eclipse_SDK/eclipse_SDK-4.3/src/src/javax/servlet/http/HttpServlet.java,32,41,16207578_0.java,1,10,eclipse_SDK/eclipse_SDK-4.3/src/src/javax/servlet/http/HttpServlet.java,32,41,EX,SO posts code from HttpServlet to assist in reply. eclipse copied this class to its code base,
16860613_0.java,55,74,eclipse_SDK/eclipse_SDK-4.3/src/src/org/eclipse/jface/viewers/StyledString.java,55,74,16860613_0.java,55,74,eclipse_SDK/eclipse_SDK-4.3/src/src/org/eclipse/jface/viewers/StyledString.java,55,74,QS,DELETED FROM SO literal copy from eclipse,
16860613_0.java,96,117,eclipse_SDK/eclipse_SDK-4.3/src/src/org/eclipse/jface/viewers/StyledString.java,96,117,16860613_0.java,96,117,eclipse_SDK/eclipse_SDK-4.3/src/src/org/eclipse/jface/viewers/StyledString.java,96,117,QS,although SO question was deleted, the snippet is the exact same class as the eclipse class,
16860613_0.java,118,165,eclipse_SDK/eclipse_SDK-4.3/src/src/org/eclipse/jface/viewers/StyledString.java,118,165,16860613_0.java,118,165,eclipse_SDK/eclipse_SDK-4.3/src/src/org/eclipse/jface/viewers/StyledString.java,118,165,QS,although SO question was deleted, the snippet is the exact same class as the eclipse class,
16860613_0.java,166,188,eclipse_SDK/eclipse_SDK-4.3/src/src/org/eclipse/jface/viewers/StyledString.java,166,188,16860613_0.java,166,188,eclipse_SDK/eclipse_SDK-4.3/src/src/org/eclipse/jface/viewers/StyledString.java,166,188,UD,SO question deleted. cloned code, no evidence,
16860613_0.java,189,204,eclipse_SDK/eclipse_SDK-4.3/src/src/org/eclipse/jface/viewers/StyledString.java,189,204,16860613_0.java,189,204,eclipse_SDK/eclipse_SDK-4.3/src/src/org/eclipse/jface/viewers/StyledString.java,189,204,QS,although SO question was deleted, the snippet is the exact same class as the eclipse class,
16860613_0.java,215,225,eclipse_SDK/eclipse_SDK-4.3/src/src/org/eclipse/jface/viewers/StyledString.java,215,225,16860613_0.java,215,225,eclipse_SDK/eclipse_SDK-4.3/src/src/org/eclipse/jface/viewers/StyledString.java,215,225,QS,although SO question was deleted, the snippet is the exact same class as the eclipse class,
16930707_0.java,22,37,hibernate-release-4/hibernate-release-4.2.2.Final/project/hibernate-envers/src/test/java/org/hibernate/envers/test/integration/basic/RegisterUserEventListenersTest.java,21,35,16930707_0.java,22,37,hibernate-release-4/hibernate-release-4.2.2.Final/project/hibernate-envers/src/test/java/org/hibernate/envers/test/integration/basic/RegisterUserEventListenersTest.java,23,35,QS,SO copies from hibernate to assist reply,
16930707_0.java,41,59,hibernate-release-4/hibernate-release-4.2.2.Final/project/hibernate-envers/src/test/java/org/hibernate/envers/test/integration/basic/RegisterUserEventListenersTest.java,39,53,16930707_0.java,41,59,hibernate-release-4/hibernate-release-4.2.2.Final/project/hibernate-envers/src/test/java/org/hibernate/envers/test/integration/basic/RegisterUserEventListenersTest.java,40,53,QS,SO copies from hibernate to assist reply,
18137301_0.java,3,15,antlr4-4.0/tool/test/org/antlr/v4/test/TestPerformance.java,558,570,18137301_0.java,3,15,antlr4-4.0/tool/test/org/antlr/v4/test/TestPerformance.java,559,570,QS,author of answer says ge copied code from antlr,
18202284_0.java,1,12,jhotdraw-7.5.1/jhotdraw_7.5.1/Source/jhotdraw7/src/main/java/org/jhotdraw/samples/color/CIEXYChromaticityDiagram.java,29,41,18202284_0.java,1,12,jhotdraw-7.5.1/jhotdraw_7.5.1/Source/jhotdraw7/src/main/java/org/jhotdraw/samples/color/CIEXYChromaticityDiagram.java,30,41,BP,SO says the snippet is auto generated by netbeans,
18202284_0.java,1,12,netbeans-6.9.1-201007282301/dlight.visualizers/src/org/netbeans/modules/dlight/visualizers/CallStackTopComponent.java,28,39,18202284_0.java,1,12,netbeans-6.9.1-201007282301/dlight.visualizers/src/org/netbeans/modules/dlight/visualizers/CallStackTopComponent.java,28,39,BP,SO says the snippet is auto generated by netbeans,
18202284_0.java,1,12,netbeans-6.9.1-201007282301/dlight.visualizers/src/org/netbeans/modules/dlight/visualizers/ThreadMapTopComponent.java,31,42,18202284_0.java,1,12,netbeans-6.9.1-201007282301/dlight.visualizers/src/org/netbeans/modules/dlight/visualizers/ThreadMapTopComponent.java,31,42,BP,SO says the snippet is auto generated by netbeans,
18687201_0.java,1,10,apache-tomcat-7.0.2/apache-tomcat-7.0.2-src/java/javax/servlet/http/HttpServlet.java,51,60,18687201_0.java,1,10,apache-tomcat-7.0.2/apache-tomcat-7.0.2-src/java/javax/servlet/http/HttpServlet.java,51,60,EX,original implementation of java servelet doPost. Apache copied this code to its code base and cloned over several other methods,
18687201_0.java,1,10,eclipse_SDK/eclipse_SDK-4.3/src/src/javax/servlet/http/HttpServlet.java,51,60,18687201_0.java,1,10,eclipse_SDK/eclipse_SDK-4.3/src/src/javax/servlet/http/HttpServlet.java,51,60,EX,original implementation of java servelet doPost. Eclipse copied this code to its code base and cloned over several other methods,
18764836_0.java,104,113,iReport-3/iReport-3.7.5-src/jasperserver-plugin/src/com/jaspersoft/ireport/jasperserver/ws/IReportTrustManager.java,113,122,18764836_0.java,104,113,iReport-3/iReport-3.7.5-src/jasperserver-plugin/src/com/jaspersoft/ireport/jasperserver/ws/IReportTrustManager.java,113,122,EX,Authors of answer clearly says he copied from a certain post from Sun (now Oracle): https://blogs.oracle.com/gc/entry/unable_to_find_valid_certification.,
18921519_0.java,72,85,apache-tomcat-7.0.2/apache-tomcat-7.0.2-src/test/org/apache/catalina/tribes/demos/MapDemo.java,339,352,18921519_0.java,72,85,apache-tomcat-7.0.2/apache-tomcat-7.0.2-src/test/org/apache/catalina/tribes/demos/MapDemo.java,339,352,UD,no evidence on stackoverflow or in the original source code from where the cloned method was originally implemented,
18970685_0.java,1,10,eclipse_SDK/eclipse_SDK-4.3/src/src/org/apache/lucene/store/FSDirectory.java,36,45,18970685_0.java,1,10,eclipse_SDK/eclipse_SDK-4.3/src/src/org/apache/lucene/store/FSDirectory.java,36,45,EX,SO copies from FSDirectory.open(File) in lucene to assist reply. eclipse copies lucene to its code base,
18970685_0.java,1,10,lucene-4.3.0/lucene-4.3.0/core/src/java/org/apache/lucene/store/FSDirectory.java,35,44,18970685_0.java,1,10,lucene-4.3.0/lucene-4.3.0/core/src/java/org/apache/lucene/store/FSDirectory.java,35,44,QS,SO copies from lucene to assist reply.,
19340685_0.java,1,17,hibernate-release-4/hibernate-release-4.2.2.Final/project/hibernate-core/src/main/java/org/hibernate/internal/util/collections/ConcurrentReferenceHashMap.java,282,299,19340685_0.java,1,17,hibernate-release-4/hibernate-release-4.2.2.Final/project/hibernate-core/src/main/java/org/hibernate/internal/util/collections/ConcurrentReferenceHashMap.java,282,299,EX,SO posts code from original Java class implementation. Hibernate says the class is based on this same class,
19567163_0.java,1,10,eclipse_SDK/eclipse_SDK-4.3/src/src/org/eclipse/ui/texteditor/AbstractDecoratedTextEditor.java,1351,1360,19567163_0.java,1,10,eclipse_SDK/eclipse_SDK-4.3/src/src/org/eclipse/ui/texteditor/AbstractDecoratedTextEditor.java,1351,1360,QS,SO says he copied code from the eclipse class to assist in reply,
20296220_0.java,1,10,apache-tomcat-7.0.2/apache-tomcat-7.0.2-src/java/javax/servlet/http/HttpServlet.java,31,40,20296220_0.java,1,10,apache-tomcat-7.0.2/apache-tomcat-7.0.2-src/java/javax/servlet/http/HttpServlet.java,31,40,EX,SO posts original code from servlet to assist in reply. tomcat copies this implementation to their code base,
20296220_0.java,1,10,eclipse_SDK/eclipse_SDK-4.3/src/src/javax/servlet/http/HttpServlet.java,32,41,20296220_0.java,1,10,eclipse_SDK/eclipse_SDK-4.3/src/src/javax/servlet/http/HttpServlet.java,32,41,EX,SO posts original code from servlet to assist in reply. tomcat copies this implementation to their code base,
20458485_0.java,1,12,hibernate-release-4/hibernate-release-4.2.2.Final/project/documentation/src/main/docbook/devguide/en-US/extras/flush_and_clear_session.java,1,12,20458485_0.java,1,12,hibernate-release-4/hibernate-release-4.2.2.Final/project/documentation/src/main/docbook/devguide/en-US/extras/flush_and_clear_session.java,1,12,QS,SO posts code from hibernate to assist in reply,
20513679_0.java,103,112,iReport-3/iReport-3.7.5-src/jasperserver-plugin/src/com/jaspersoft/ireport/jasperserver/ws/IReportTrustManager.java,113,122,20513679_0.java,103,112,iReport-3/iReport-3.7.5-src/jasperserver-plugin/src/com/jaspersoft/ireport/jasperserver/ws/IReportTrustManager.java,113,122,UD,cloned code. no evidence. However, the code is identical to the code in InstallCert from Sun (see https://confluence.atlassian.com/download/attachments/180292346/InstallCert.java).,
2113093_0.java,1,11,weka-3-7-9/main/java/weka/core/matrix/SingularValueDecomposition.java,354,364,2113093_0.java,1,11,weka-3-7-9/main/java/weka/core/matrix/SingularValueDecomposition.java,354,364,EX,SO answer says that the code is copied from SingularValueDecomposition.java in Jama. The question is also tagged jama. However, weka code does not say anything about copying. Maybe they wrote this from scratch and they're just coincidentally similar?,
21777900_0.java,1,12,hibernate-release-4/hibernate-release-4.2.2.Final/project/documentation/src/main/docbook/devguide/en-US/extras/flush_and_clear_session.java,1,12,21777900_0.java,1,12,hibernate-release-4/hibernate-release-4.2.2.Final/project/documentation/src/main/docbook/devguide/en-US/extras/flush_and_clear_session.java,1,12,QS,SO answer posts code from hibernate examples to assist in reply,
21787713_0.java,1,14,spring-framework-3.0.5/spring-framework-3.0.5.RELEASE/projects/org.springframework.web.servlet/src/main/java/org/springframework/web/servlet/DispatcherServlet.java,119,132,21787713_0.java,1,14,spring-framework-3.0.5/spring-framework-3.0.5.RELEASE/projects/org.springframework.web.servlet/src/main/java/org/springframework/web/servlet/DispatcherServlet.java,119,132,QS,SO gives example from spring to illustrate answer,
21912294_0.java,109,118,iReport-3/iReport-3.7.5-src/jasperserver-plugin/src/com/jaspersoft/ireport/jasperserver/ws/IReportTrustManager.java,113,122,21912294_0.java,109,118,iReport-3/iReport-3.7.5-src/jasperserver-plugin/src/com/jaspersoft/ireport/jasperserver/ws/IReportTrustManager.java,113,122,EX,ONE-SIDED: SO answer is a modified version of the code in the question, which is actually copied from http://blogs.sun.com/andreas/resource/InstallCert.java.,
22230019_0.java,1,19,eclipse_SDK/eclipse_SDK-4.3/src/src/org/eclipse/swt/widgets/Widget.java,424,442,22230019_0.java,1,19,eclipse_SDK/eclipse_SDK-4.3/src/src/org/eclipse/swt/widgets/Widget.java,424,442,QS,SO copies code from Eclipse to help in the answer,
22585813_0.java,1,16,netbeans-6.9.1-201007282301/o.mozilla.rhino.patched/patched_files/org/mozilla/nb/javascript/ScriptRuntime.java,774,789,22585813_0.java,1,16,netbeans-6.9.1-201007282301/o.mozilla.rhino.patched/patched_files/org/mozilla/nb/javascript/ScriptRuntime.java,774,789,EX,SO says he copied from mozilla. netbans copied the mozilla code to inside netbeans to create a plugin,
23520731_0.java,1,75,hibernate-release-4/hibernate-release-4.2.2.Final/project/hibernate-core/src/main/java/org/hibernate/tool/hbm2ddl/SchemaUpdate.java,115,190,23520731_0.java,1,75,hibernate-release-4/hibernate-release-4.2.2.Final/project/hibernate-core/src/main/java/org/hibernate/tool/hbm2ddl/SchemaUpdate.java,115,190,QS,SO copies code from hibernate to help the answer,
23967852_0.java,1,20,hibernate-release-4/hibernate-release-4.2.2.Final/project/hibernate-core/src/main/java/org/hibernate/dialect/pagination/SQLServer2005LimitHandler.java,42,62,23967852_0.java,1,20,hibernate-release-4/hibernate-release-4.2.2.Final/project/hibernate-core/src/main/java/org/hibernate/dialect/pagination/SQLServer2005LimitHandler.java,43,62,QS,SO copies code from hibernate to help the answer,
2398335_0.java,1,16,hibernate-release-4/hibernate-release-4.2.2.Final/project/documentation/src/main/docbook/devguide/en-US/extras/using_scroll.java,1,16,2398335_0.java,1,16,hibernate-release-4/hibernate-release-4.2.2.Final/project/documentation/src/main/docbook/devguide/en-US/extras/using_scroll.java,1,16,QS,SO copies code from hibernate to assist reply,
24330611_0.java,180,193,jung2-2_0_1/jung-samples-2.0.1/edu/uci/ics/jung/samples/TreeCollapseDemo.java,88,184,24330611_0.java,137,240,jung2-2_0_1/jung-samples-2.0.1/edu/uci/ics/jung/samples/TreeCollapseDemo.java,89,184,UD,clones code, no evidence from where,
24330611_0.java,180,193,jung2-2_0_1/jung-samples-2.0.1/edu/uci/ics/jung/samples/TreeCollapseDemo.java,127,138,24330611_0.java,180,193,jung2-2_0_1/jung-samples-2.0.1/edu/uci/ics/jung/samples/TreeCollapseDemo.java,127,138,QS,SO question is about jung. SO answer says he writes solution based on jung code,
24330611_0.java,197,213,jung2-2_0_1/jung-samples-2.0.1/edu/uci/ics/jung/samples/TreeCollapseDemo.java,88,184,24330611_0.java,197,213,jung2-2_0_1/jung-samples-2.0.1/edu/uci/ics/jung/samples/TreeCollapseDemo.java,142,157,QS,SO question is about jung. SO answer says he writes solution based on jung code,
24330611_0.java,217,227,jung2-2_0_1/jung-samples-2.0.1/edu/uci/ics/jung/samples/TreeCollapseDemo.java,88,184,24330611_0.java,217,227,jung2-2_0_1/jung-samples-2.0.1/edu/uci/ics/jung/samples/TreeCollapseDemo.java,161,171,UD,clones code, no evidence from where,
24330611_0.java,256,269,jung2-2_0_1/jung-samples-2.0.1/edu/uci/ics/jung/samples/L2RTreeLayoutDemo.java,170,181,24330611_0.java,256,269,jung2-2_0_1/jung-samples-2.0.1/edu/uci/ics/jung/samples/L2RTreeLayoutDemo.java,170,181,QS,SO question is about jung. SO answer says he writes solution based on jung code,
24330611_0.java,256,269,jung2-2_0_1/jung-samples-2.0.1/edu/uci/ics/jung/samples/TreeCollapseDemo.java,199,211,24330611_0.java,256,269,jung2-2_0_1/jung-samples-2.0.1/edu/uci/ics/jung/samples/TreeCollapseDemo.java,199,211,QS,SO question is about jung. SO answer says he writes solution based on jung code,
24330611_0.java,256,269,jung2-2_0_1/jung-samples-2.0.1/edu/uci/ics/jung/samples/TreeLayoutDemo.java,161,172,24330611_0.java,256,269,jung2-2_0_1/jung-samples-2.0.1/edu/uci/ics/jung/samples/TreeLayoutDemo.java,161,172,QS,SO question is about jung. SO answer says he writes solution based on jung code,
24330611_0.java,320,333,jung2-2_0_1/jung-samples-2.0.1/edu/uci/ics/jung/samples/TreeCollapseDemo.java,247,260,24330611_0.java,320,333,jung2-2_0_1/jung-samples-2.0.1/edu/uci/ics/jung/samples/TreeCollapseDemo.java,249,260,UD,clones code, no evidence from where,
24680923_0.java,17,42,jstock-1.0.7c/jstock/src/org/yccheok/jstock/alert/GoogleMail.java,18,43,24680923_0.java,17,41,jstock-1.0.7c/jstock/src/org/yccheok/jstock/alert/GoogleMail.java,18,42,UD,clear clone,
24963319_2.java,1,13,geotools-2/geotools-2.7-M3/modules/unsupported/swing/src/main/java/org/jdesktop/swingworker/SwingWorker.java,163,175,24963319_2.java,1,13,geotools-2/geotools-2.7-M3/modules/unsupported/swing/src/main/java/org/jdesktop/swingworker/SwingWorker.java,163,175,EX,ONE-SIDED: SO answer discusses that the doneEDT() is from javax.swing.SwingWorker.,
24963319_3.java,1,17,geotools-2/geotools-2.7-M3/modules/unsupported/swing/src/main/java/org/jdesktop/swingworker/SwingWorker.java,63,79,24963319_3.java,1,17,geotools-2/geotools-2.7-M3/modules/unsupported/swing/src/main/java/org/jdesktop/swingworker/SwingWorker.java,63,79,EX,SO question says he's working with SwingWorker, SO answer copies question from SwingWorker to help answer. geotools is a Java geospatial project, so it copied SwingWorker to inside geotools,
2513183_0.java,45,55,eclipse_SDK/eclipse_SDK-4.3/src/src/org/eclipse/jdt/ui/actions/GenerateToStringAction.java,45,55,2513183_0.java,45,55,eclipse_SDK/eclipse_SDK-4.3/src/src/org/eclipse/jdt/ui/actions/GenerateToStringAction.java,45,55,QS,SO copies code from Eclipse to help answer,
2513183_0.java,96,105,eclipse_SDK/eclipse_SDK-4.3/src/src/org/eclipse/jdt/ui/actions/GenerateToStringAction.java,101,111,2513183_0.java,96,105,eclipse_SDK/eclipse_SDK-4.3/src/src/org/eclipse/jdt/ui/actions/GenerateToStringAction.java,102,111,QS,SO posts the exact same Eclipse class to assist in reply,
25150803_0.java,35,50,netbeans-6.9.1-201007282301/java.navigation/src/org/netbeans/modules/java/stackanalyzer/AnalyserCellRenderer.java,29,44,25150803_0.java,35,50,netbeans-6.9.1-201007282301/java.navigation/src/org/netbeans/modules/java/stackanalyzer/AnalyserCellRenderer.java,29,44,UD,cloned code, no evidence,
25150803_0.java,35,50,netbeans-6.9.1-201007282301/spellchecker/src/org/netbeans/modules/spellchecker/options/CheckBoxRenderrer.java,22,37,25150803_0.java,35,50,netbeans-6.9.1-201007282301/spellchecker/src/org/netbeans/modules/spellchecker/options/CheckBoxRenderrer.java,22,37,UD,one method in answer exactly equal a method on netbeans but no evidence if the answer copied from netbeans of where this code is originally from,
25373489_0.java,50,66,weka-3-7-9/main/java/weka/gui/beans/KnowledgeFlowApp.java,2040,2061,25373489_0.java,50,66,weka-3-7-9/main/java/weka/gui/beans/KnowledgeFlowApp.java,2041,2061,EX,ONE-SIDED. SO code is based on ORacle's example.cno evidence on Weka's code,
25414160_0.java,1,11,jag-6/jag-6.1/src/com/finalist/jaggenerator/modules/DatabaseManagerFrame.java,97,162,25414160_0.java,1,11,jag-6/jag-6.1/src/com/finalist/jaggenerator/modules/DatabaseManagerFrame.java,115,125,BP,The code is copied and modified from the question which is auto-generated by netbeans.,
25414160_0.java,1,11,netbeans-6.9.1-201007282301/form/test/unit/src/org/netbeans/modules/form/layoutdesign/ALT_Bug124689.java,6,156,25414160_0.java,1,11,netbeans-6.9.1-201007282301/form/test/unit/src/org/netbeans/modules/form/layoutdesign/ALT_Bug124689.java,56,66,BP,SO answer copies code from question. question copies from auto generated code by netbeans,
25414160_0.java,1,11,netbeans-6.9.1-201007282301/identity.server.manager/src/org/netbeans/modules/identity/server/manager/ui/ProfileEditorPanel.java,327,531,25414160_0.java,1,11,netbeans-6.9.1-201007282301/identity.server.manager/src/org/netbeans/modules/identity/server/manager/ui/ProfileEditorPanel.java,349,359,BP,SO answer copies code from question. question copies from auto generated code by netbeans,
25414160_0.java,1,11,netbeans-6.9.1-201007282301/java.source/src/org/netbeans/modules/java/ui/FmtImports.java,11,99,25414160_0.java,1,11,netbeans-6.9.1-201007282301/java.source/src/org/netbeans/modules/java/ui/FmtImports.java,63,73,BP,SO answer copies code from question. question copies from auto generated code by netbeans,
25414160_0.java,1,11,netbeans-6.9.1-201007282301/vmd.midpnb/src/org/netbeans/modules/vmd/midpnb/propertyeditors/SVGFormEditorElement.java,528,686,25414160_0.java,1,11,netbeans-6.9.1-201007282301/vmd.midpnb/src/org/netbeans/modules/vmd/midpnb/propertyeditors/SVGFormEditorElement.java,639,649,BP,SO answer copies code from question. question copies from auto generated code by netbeans,
25414160_0.java,1,11,netbeans-6.9.1-201007282301/websvc.wsitconf/src/org/netbeans/modules/websvc/wsitconf/ui/service/subpanels/TargetsPanel.java,66,154,25414160_0.java,1,11,netbeans-6.9.1-201007282301/websvc.wsitconf/src/org/netbeans/modules/websvc/wsitconf/ui/service/subpanels/TargetsPanel.java,98,108,BP,SO answer copies code from question. question copies from auto generated code by netbeans,
25719073_1.java,1,20,eclipse_SDK/eclipse_SDK-4.3/src/src/org/eclipse/swt/widgets/Widget.java,309,328,25719073_1.java,1,20,eclipse_SDK/eclipse_SDK-4.3/src/src/org/eclipse/swt/widgets/Widget.java,309,328,QS,SO says he copied from eclipse to answer question,
25719073_2.java,1,10,eclipse_SDK/eclipse_SDK-4.3/src/src/org/eclipse/swt/widgets/Composite.java,481,490,25719073_2.java,1,10,eclipse_SDK/eclipse_SDK-4.3/src/src/org/eclipse/swt/widgets/Composite.java,481,490,QS,SO copies code from eclipse swt to assist in reply,
2761630_0.java,1,11,hibernate-release-4/hibernate-release-4.2.2.Final/project/documentation/src/main/docbook/devguide/en-US/extras/using_a_StatelessSession.java,1,11,2761630_0.java,1,11,hibernate-release-4/hibernate-release-4.2.2.Final/project/documentation/src/main/docbook/devguide/en-US/extras/using_a_StatelessSession.java,1,11,QS,SO posts code from hibernate example to assist in reply,
2789247_0.java,1,11,netbeans-6.9.1-201007282301/openide.nodes/src/org/openide/nodes/EntrySupport.java,1293,1302,2789247_0.java,1,11,netbeans-6.9.1-201007282301/openide.nodes/src/org/openide/nodes/EntrySupport.java,1293,1302,EX,ONE-SIDED SO posts code from java original Arrays implementation. no evidence on qualitas code,
2870786_0.java,1,11,apache-tomcat-7.0.2/apache-tomcat-7.0.2-src/java/org/apache/tomcat/util/http/fileupload/IOUtils.java,25,35,2870786_0.java,1,11,apache-tomcat-7.0.2/apache-tomcat-7.0.2-src/java/org/apache/tomcat/util/http/fileupload/IOUtils.java,25,35,EX,SO posts code from apache commons io. apache commons io is copied to tomcat code base,
292287_0.java,1,21,netbeans-6.9.1-201007282301/java.source/test/unit/data/jdk/JTable.java,103,125,292287_0.java,1,21,netbeans-6.9.1-201007282301/java.source/test/unit/data/jdk/JTable.java,103,125,EX,ONE-SIDED: SO answer says the code is copied from http://docs.oracle.com/javase/tutorial/uiswing/components/table.html#data.,
3029083_0.java,1,19,netbeans-6.9.1-201007282301/mobility.midpexamples/SunSamples-Demos/src/example/http/HttpExample.java,51,70,3029083_0.java,1,19,netbeans-6.9.1-201007282301/mobility.midpexamples/SunSamples-Demos/src/example/http/HttpExample.java,51,70,EX,ONE-SIDED SO posts code from java's original HttpConnection class. no evidence on qualitas code,
3275733_0.java,1,12,hibernate-release-4/hibernate-release-4.2.2.Final/project/documentation/src/main/docbook/devguide/en-US/extras/flush_and_clear_session.java,1,12,3275733_0.java,1,12,hibernate-release-4/hibernate-release-4.2.2.Final/project/documentation/src/main/docbook/devguide/en-US/extras/flush_and_clear_session.java,1,12,QS,SO posts code from hibernate example to assist in reply,
3751463_0.java,1,18,spring-framework-3.0.5/spring-framework-3.0.5.RELEASE/projects/org.springframework.context/src/main/java/org/springframework/scheduling/config/ScheduledTasksBeanDefinitionParser.java,22,67,3751463_0.java,1,11,spring-framework-3.0.5/spring-framework-3.0.5.RELEASE/projects/org.springframework.context/src/main/java/org/springframework/scheduling/config/ScheduledTasksBeanDefinitionParser.java,42,52,QS,SO posts code from spring to assist in reply,
3758110_0.java,1,19,spring-framework-3.0.5/spring-framework-3.0.5.RELEASE/projects/org.springframework.web.servlet/src/main/java/org/springframework/web/servlet/mvc/annotation/DefaultAnnotationHandlerMapping.java,65,95,3758110_0.java,5,19,spring-framework-3.0.5/spring-framework-3.0.5.RELEASE/projects/org.springframework.web.servlet/src/main/java/org/springframework/web/servlet/mvc/annotation/DefaultAnnotationHandlerMapping.java,78,92,QS,SO posts code from hibernate example to assist in reply,
3788516_0.java,1,12,hibernate-release-4/hibernate-release-4.2.2.Final/project/documentation/src/main/docbook/devguide/en-US/extras/flush_and_clear_session.java,1,12,3788516_0.java,1,12,hibernate-release-4/hibernate-release-4.2.2.Final/project/documentation/src/main/docbook/devguide/en-US/extras/flush_and_clear_session.java,1,12,QS,author of answer copies and paste a snippet of code from the hibernate documentation that is both online and in the project sorce code as a .java,
5266856_0.java,1,17,apache-tomcat-7.0.2/apache-tomcat-7.0.2-src/java/javax/servlet/http/HttpServlet.java,99,168,5266856_0.java,2,15,apache-tomcat-7.0.2/apache-tomcat-7.0.2-src/java/javax/servlet/http/HttpServlet.java,111,124,EX,SO posts code from original servlet implementation to assist in reply. tomcat copied this code to its code base,
5266856_0.java,1,17,eclipse_SDK/eclipse_SDK-4.3/src/src/javax/servlet/http/HttpServlet.java,99,166,5266856_0.java,2,15,eclipse_SDK/eclipse_SDK-4.3/src/src/javax/servlet/http/HttpServlet.java,109,122,EX,SO posts code from original servlet implementation to assist in reply. tomcat copied this code to its code base,
5309185_0.java,1,11,megamek-0.35.18/src/megamek/client/ui/swing/MegaMekGUI.java,58,113,5309185_0.java,1,10,megamek-0.35.18/src/megamek/client/ui/swing/MegaMekGUI.java,62,71,BP,common try catch block in UI applications,
550172_0.java,39,68,jstock-1.0.7c/jstock/src/org/yccheok/jstock/gui/Utils.java,457,487,550172_0.java,39,68,jstock-1.0.7c/jstock/src/org/yccheok/jstock/gui/Utils.java,457,487,UD,cloned code, no evidence,
550172_0.java,69,81,jhotdraw-7.5.1/jhotdraw_7.5.1/Source/jhotdraw7/src/main/java/org/jhotdraw/util/Images.java,81,93,550172_0.java,69,81,jhotdraw-7.5.1/jhotdraw_7.5.1/Source/jhotdraw7/src/main/java/org/jhotdraw/util/Images.java,81,93,UD,cloned code, no evidence,
554324_0.java,1,10,apache-tomcat-7.0.2/apache-tomcat-7.0.2-src/java/org/apache/tomcat/util/http/fileupload/IOUtils.java,25,35,554324_0.java,1,10,apache-tomcat-7.0.2/apache-tomcat-7.0.2-src/java/org/apache/tomcat/util/http/fileupload/IOUtils.java,25,35,EX,original snippet is from IOUtils. tomcat copied ioutils to its code base,
5660519_0.java,1,13,spring-framework-3.0.5/spring-framework-3.0.5.RELEASE/projects/org.springframework.web.servlet/src/main/java/org/springframework/web/servlet/mvc/annotation/AnnotationMethodHandlerExceptionResolver.java,223,254,5660519_0.java,1,10,spring-framework-3.0.5/spring-framework-3.0.5.RELEASE/projects/org.springframework.web.servlet/src/main/java/org/springframework/web/servlet/mvc/annotation/AnnotationMethodHandlerExceptionResolver.java,224,233,QS,author of answer says the example is from a certain class,
5708120_0.java,30,39,hadoop-1/hadoop-1.0.0/src/examples/org/apache/hadoop/examples/WordCount.java,31,40,5708120_0.java,14,42,hadoop-1/hadoop-1.0.0/src/examples/org/apache/hadoop/examples/WordCount.java,15,43,QS,author says he copied from hadoop but made a modification to address the question,
5713930_0.java,1,16,hibernate-release-4/hibernate-release-4.2.2.Final/project/documentation/src/main/docbook/devguide/en-US/extras/using_scroll.java,1,16,5713930_0.java,1,16,hibernate-release-4/hibernate-release-4.2.2.Final/project/documentation/src/main/docbook/devguide/en-US/extras/using_scroll.java,1,16,QS,SO posts code from hibernate to assist in reply,
5886302_0.java,1,15,eclipse_SDK/eclipse_SDK-4.3/src/src/org/eclipse/jface/wizard/WizardSelectionPage.java,29,43,5886302_0.java,1,15,eclipse_SDK/eclipse_SDK-4.3/src/src/org/eclipse/jface/wizard/WizardSelectionPage.java,29,43,BP,accidentally similar getter,
598007_0.java,1,13,eclipse_SDK/eclipse_SDK-4.3/src/src/org/eclipse/jface/dialogs/ProgressMonitorDialog.java,252,264,598007_0.java,1,13,eclipse_SDK/eclipse_SDK-4.3/src/src/org/eclipse/jface/dialogs/ProgressMonitorDialog.java,252,264,QS,author of answer sayd he copied from Eclipse,
6092014_0.java,1,10,eclipse_SDK/eclipse_SDK-4.3/src/src/org/eclipse/ui/internal/registry/ViewParameterValues.java,8,17,6092014_0.java,1,10,eclipse_SDK/eclipse_SDK-4.3/src/src/org/eclipse/ui/internal/registry/ViewParameterValues.java,8,17,QS,SO posts code from eclipse to assist in reply,
6236324_0.java,64,80,aoisrc281/ArtOfIllusion/src/artofillusion/image/MovieEncoder.java,71,88,6236324_0.java,64,80,aoisrc281/ArtOfIllusion/src/artofillusion/image/MovieEncoder.java,71,88,EX,ONE-SIDED SO copies code from original Sun snippet.,
6236324_0.java,83,92,aoisrc281/ArtOfIllusion/src/artofillusion/image/MovieEncoder.java,91,100,6236324_0.java,83,92,aoisrc281/ArtOfIllusion/src/artofillusion/image/MovieEncoder.java,91,100,EX,stackoverflow code seems to come from a official sun code,
6236324_0.java,93,110,aoisrc281/ArtOfIllusion/src/artofillusion/image/MovieEncoder.java,101,118,6236324_0.java,93,110,aoisrc281/ArtOfIllusion/src/artofillusion/image/MovieEncoder.java,101,118,EX,known code to capture video. original code is believed to come from Sun's original implementation.,
6236324_0.java,114,123,aoisrc281/ArtOfIllusion/src/artofillusion/image/MovieEncoder.java,122,131,6236324_0.java,114,123,aoisrc281/ArtOfIllusion/src/artofillusion/image/MovieEncoder.java,122,131,EX,stackoverflow code seems to come from a official sun code,
6236324_0.java,124,137,aoisrc281/ArtOfIllusion/src/artofillusion/image/MovieEncoder.java,132,145,6236324_0.java,124,137,aoisrc281/ArtOfIllusion/src/artofillusion/image/MovieEncoder.java,132,145,EX,ONE-SIDED SO copies code from original Sun snippet.,
6722760_1.java,38,56,jgraph-latest-bsd-src/examples/org/jgraph/example/GroupingRemoving.java,52,70,6722760_1.java,38,56,jgraph-latest-bsd-src/examples/org/jgraph/example/GroupingRemoving.java,52,70,QS,SO says he copied and modified code from jgraph to provide solution,
6722760_1.java,38,56,jgraph-latest-bsd-src/examples/org/jgraph/example/HelloWorld.java,38,56,6722760_1.java,38,56,jgraph-latest-bsd-src/examples/org/jgraph/example/HelloWorld.java,38,56,QS,SO says he copied and modified code from jgraph to provide solution,
6926848_0.java,1,18,eclipse_SDK/eclipse_SDK-4.3/src/src/org/apache/http/client/utils/URLEncodedUtils.java,73,90,6926848_0.java,1,18,eclipse_SDK/eclipse_SDK-4.3/src/src/org/apache/http/client/utils/URLEncodedUtils.java,73,90,EX,author of answer copied code form apache,
7504040_0.java,5,17,eclipse_SDK/eclipse_SDK-4.3/src/src/junitsrc/org/junit/rules/ExternalResource.java,8,20,7504040_0.java,5,17,eclipse_SDK/eclipse_SDK-4.3/src/src/junitsrc/org/junit/rules/ExternalResource.java,8,20,QS,authors says he copied form junit,
7504040_0.java,5,17,junit-4/org/junit/rules/ExternalResource.java,8,20,7504040_0.java,5,17,junit-4/org/junit/rules/ExternalResource.java,8,20,QS,author asks a question says he copied from junit ,
8065120_1.java,1,11,eclipse_SDK/eclipse_SDK-4.3/src/src/org/eclipse/ui/forms/widgets/FormToolkit.java,287,297,8065120_1.java,1,11,eclipse_SDK/eclipse_SDK-4.3/src/src/org/eclipse/ui/forms/widgets/FormToolkit.java,287,297,QS,SO copies code from eclipse to assist in reply,
853062_0.java,1,10,jstock-1.0.7c/jstock/src/org/yccheok/jstock/gui/JTableUtilities.java,173,182,853062_0.java,1,10,jstock-1.0.7c/jstock/src/org/yccheok/jstock/gui/JTableUtilities.java,173,182,EX,cloned code, even comments are the same. SO poists origin to web, web points to book.,
8580765_0.java,1,12,Vuze_4812_source/org/gudy/azureus2/core3/util/ByteArrayHashMap.java,142,154,8580765_0.java,1,12,Vuze_4812_source/org/gudy/azureus2/core3/util/ByteArrayHashMap.java,143,154,EX,SO posts code from original HashMap. qualitas is also based on HashMap,
8580765_0.java,1,12,netbeans-6.9.1-201007282301/cnd.repository/src/org/netbeans/modules/cnd/repository/util/LongHashMap.java,156,168,8580765_0.java,1,12,netbeans-6.9.1-201007282301/cnd.repository/src/org/netbeans/modules/cnd/repository/util/LongHashMap.java,156,168,EX,SO posts code from original HashMap. qualitas is also based on HashMap,
8580765_0.java,1,12,netbeans-6.9.1-201007282301/parsing.api/src/org/netbeans/modules/parsing/impl/indexing/LongHashMap.java,156,168,8580765_0.java,1,12,netbeans-6.9.1-201007282301/parsing.api/src/org/netbeans/modules/parsing/impl/indexing/LongHashMap.java,156,168,EX,SO posts code from original HashMap. qualitas is also based on HashMap,
8584917_0.java,1,12,poi-3.6-20091214/poi-3.6/src/ooxml/java/org/apache/poi/xssf/usermodel/XSSFCell.java,229,240,8584917_0.java,1,12,poi-3.6-20091214/poi-3.6/src/ooxml/java/org/apache/poi/xssf/usermodel/XSSFCell.java,229,240,QS,SO posts code from apache POI to assist in reply,
8753200_0.java,1,14,apache-tomcat-7.0.2/apache-tomcat-7.0.2-src/java/org/apache/tomcat/util/http/fileupload/servlet/ServletFileUpload.java,12,25,8753200_0.java,1,14,apache-tomcat-7.0.2/apache-tomcat-7.0.2-src/java/org/apache/tomcat/util/http/fileupload/servlet/ServletFileUpload.java,12,25,EX,SO answer says the code is from Apache Commons FileUpload API (this one? commons-fileupload/src/main/java/org/apache/commons/fileupload/servlet/ServletFileUpload.java).,
8758512_0.java,1,12,jfreechart-1/jfreechart-1.0.13/source/org/jfree/data/time/RegularTimePeriod.java,9,20,8758512_0.java,1,12,jfreechart-1/jfreechart-1.0.13/source/org/jfree/data/time/RegularTimePeriod.java,9,20,UD,SO answer says the code is from RegularTimePeriod which should be org/jfree/data/time/RegularTimePeriod.java.,
8802082_2.java,1,20,eclipse_SDK/eclipse_SDK-4.3/src/src/junitsrc/org/junit/internal/runners/statements/ExpectException.java,11,31,8802082_2.java,1,20,eclipse_SDK/eclipse_SDK-4.3/src/src/junitsrc/org/junit/internal/runners/statements/ExpectException.java,12,31,EX,answer says he copied from JUnit. Eclipse imported JUnit code to its code base,
8802082_2.java,1,20,junit-4/org/junit/internal/runners/statements/ExpectException.java,11,31,8802082_2.java,1,20,junit-4/org/junit/internal/runners/statements/ExpectException.java,12,31,QS,author of answer says he copied code from JUnit,
9003314_0.java,70,83,spring-framework-3.0.5/spring-framework-3.0.5.RELEASE/projects/org.springframework.web/src/main/java/org/springframework/web/bind/WebDataBinder.java,95,108,9003314_0.java,70,83,spring-framework-3.0.5/spring-framework-3.0.5.RELEASE/projects/org.springframework.web/src/main/java/org/springframework/web/bind/WebDataBinder.java,95,108,QS,SO solution says the cloned method is copied from WebDataBinder,
9291241_1.java,1,12,apache-ant-1.8.4/src/main/org/apache/tools/ant/taskdefs/Mkdir.java,9,36,9291241_1.java,1,11,apache-ant-1.8.4/src/main/org/apache/tools/ant/taskdefs/Mkdir.java,19,29,QS,SO copies code from ant to assist in reply,
9291241_1.java,1,12,eclipse_SDK/eclipse_SDK-4.3/src/src/libsrc/org/apache/tools/ant/taskdefs/Mkdir.java,9,36,9291241_1.java,1,11,eclipse_SDK/eclipse_SDK-4.3/src/src/libsrc/org/apache/tools/ant/taskdefs/Mkdir.java,19,29,EX,SO copies code from ant to assist in reply. eclipse copied ant to its code base,
92962_0.java,22,61,jgraphpad-5/jgraphpad-5.10.0.2-src/src/org/jgraph/pad/graphcellsbase/JGraphSwimlaneView.java,93,132,92962_0.java,22,61,jgraphpad-5/jgraphpad-5.10.0.2-src/src/org/jgraph/pad/graphcellsbase/JGraphSwimlaneView.java,93,132,EX,ONE-SIDED SO copies from website. code in website is from Sapient Corporation. no evidence on where the code from jgraph comes from,
92962_0.java,22,61,jung2-2_0_1/jung-samples-2.0.1/edu/uci/ics/jung/samples/LensDemo.java,278,317,92962_0.java,22,61,jung2-2_0_1/jung-samples-2.0.1/edu/uci/ics/jung/samples/LensDemo.java,278,317,EX,ONE-SIDED SO copies from website. code in website is from Sapient Corporation. no evidence on where the code from Jung comes from,
9683760_0.java,1,11,mvnforum-1.2.2-mvnad-1.0.1/mvnforum-1.2.2-mvnad-1.0.1-src-20100817/mvnforum/contrib/phpbb2mvnforum/src/org/mvnforum/util/DBUtils.java,77,89,9683760_0.java,1,11,mvnforum-1.2.2-mvnad-1.0.1/mvnforum-1.2.2-mvnad-1.0.1-src-20100817/mvnforum/contrib/phpbb2mvnforum/src/org/mvnforum/util/DBUtils.java,77,89,UD,cloned code. no evidence.,
968656_1.java,1,11,eclipse_SDK/eclipse_SDK-4.3/src/src/org/eclipse/jdt/internal/junit/wizards/MethodStubsSelectionButtonGroup.java,207,217,968656_1.java,1,11,eclipse_SDK/eclipse_SDK-4.3/src/src/org/eclipse/jdt/internal/junit/wizards/MethodStubsSelectionButtonGroup.java,207,217,QS,SO posts code from eclipse to assist in reply,
968656_1.java,1,11,eclipse_SDK/eclipse_SDK-4.3/src/src/org/eclipse/jdt/internal/ui/wizards/dialogfields/DialogField.java,36,46,968656_1.java,1,11,eclipse_SDK/eclipse_SDK-4.3/src/src/org/eclipse/jdt/internal/ui/wizards/dialogfields/DialogField.java,36,46,QS,SO posts code from eclipse to assist in reply,
9709633_0.java,156,167,cayenne-3/cayenne-3.0.1-src/framework/cayenne-modeler/src/main/java/org/apache/cayenne/modeler/util/CellEditorForAttributeTable.java,63,74,9709633_0.java,156,167,cayenne-3/cayenne-3.0.1-src/framework/cayenne-modeler/src/main/java/org/apache/cayenne/modeler/util/CellEditorForAttributeTable.java,63,74,BP,accidentally similar getter,
