./jgraph-latest-bsd-src/examples/org/jgraph/example/GroupingRemoving.java,LesserGPLv2.1+,1,1,4,0,0,1
./junit-4.11-sources/org/junit/internal/runners/statements/ExpectException.java,NONE,,,,,,
./apache-tomcat-7.0.2/apache-tomcat-7.0.2-src/java/javax/servlet/http/HttpServlet.java,Apache-2,1,5,2,0,0,0.2
./aspectj-1.6.9-src/aspectjtools1.6.9-src/org/aspectj/weaver/loadtime/Agent.java,UNKNOWN,0,0,0,2,1,Copyright/AllRights/UNKNOWN
./aspectj-1.6.9-src/aspectjweaver1.6.9-src/org/aspectj/weaver/loadtime/Agent.java,UNKNOWN,0,0,0,2,1,Copyright/AllRights/UNKNOWN
./hadoop-1.0.0/src/core/org/apache/hadoop/io/WritableComparator.java,Apache-2,1,5,2,0,0,0.2
./hadoop-1.0.0/src/core/org/apache/hadoop/util/StringUtils.java,Apache-2,1,5,2,0,0,0.2
./hadoop-1.0.0/src/examples/org/apache/hadoop/examples/DBCountPageView.java,Apache-2,1,5,2,0,0,0.2
./hadoop-1.0.0/src/examples/org/apache/hadoop/examples/DBCountPageView.java,Apache-2,1,5,2,0,0,0.2
./hadoop-1.0.0/src/mapred/org/apache/hadoop/mapred/LineRecordReader.java,Apache-2,1,5,2,0,0,0.2
./hadoop-1.0.0/src/mapred/org/apache/hadoop/mapreduce/JobSubmissionFiles.java,Apache-2,1,5,2,0,3,#NAME?
./hadoop-1.0.0/src/mapred/org/apache/hadoop/mapreduce/lib/input/LineRecordReader.java,Apache-2,1,5,2,0,0,0.2
./hadoop-1.0.0/src/mapred/org/apache/hadoop/mapreduce/lib/output/TextOutputFormat.java,Apache-2,1,5,2,0,0,0.2
./hadoop-1.0.0/src/test/org/apache/hadoop/mapred/TestJobCounters.java,Apache-2,1,5,2,0,0,0.2
./hibernate-release-4.2.2.Final/project/hibernate-core/src/main/java/org/hibernate/criterion/Example.java,UNKNOWN,0,0,0,3,4,Copyright/UNKNOWN/UNKNOWN/FSFwarranty/LesserGPLseeDetailsVer0/UNKNOWN/UNKNOWN
./hibernate-release-4.2.2.Final/project/hibernate-core/src/main/java/org/hibernate/dialect/pagination/SQLServer2005LimitHandler.java,NONE,,,,,,
./hibernate-release-4.2.2.Final/project/hibernate-core/src/main/java/org/hibernate/service/jdbc/connections/internal/ConnectionProviderInitiator.java,UNKNOWN,0,0,0,3,4,Copyright/UNKNOWN/UNKNOWN/FSFwarranty/LesserGPLseeDetailsVer0/UNKNOWN/UNKNOWN
./hibernate-release-4.2.2.Final/project/hibernate-core/src/main/java/org/hibernate/tool/hbm2ddl/SchemaUpdate.java,UNKNOWN,0,0,0,3,4,Copyright/UNKNOWN/UNKNOWN/FSFwarranty/LesserGPLseeDetailsVer0/UNKNOWN/UNKNOWN
./jasperreports-3.7.4/src/net/sf/jasperreports/engine/design/JRVerifier.java,LesserGPLv3+,1,1,1,5,2,Copyright/-1/UNKNOWN/UNKNOWN/1/FSFwarranty/LesserGPLseeDetailsVer0/GPLcopyVer0/GNUurl
./jfreechart-1.0.13/source/org/jfree/chart/plot/SpiderWebPlot.java,LesserGPLv2.1+,1,1,3,0,3,UNKNOWN/1/-1/-1/-1/UNKNOWN/UNKNOWN
./jfreechart-1.0.13/source/org/jfree/chart/plot/SpiderWebPlot.java,LesserGPLv2.1+,1,1,3,0,3,UNKNOWN/1/-1/-1/-1/UNKNOWN/UNKNOWN
./jfreechart-1.0.13/source/org/jfree/chart/renderer/xy/AbstractXYItemRenderer.java,LesserGPLv2.1+,1,1,3,0,8,UNKNOWN/1/-1/-1/-1/UNKNOWN/UNKNOWN/UNKNOWN/UNKNOWN/UNKNOWN/UNKNOWN/UNKNOWN
./jfreechart-1.0.13/source/org/jfree/data/KeyToGroupMap.java,LesserGPLv2.1+,1,1,3,0,2,UNKNOWN/1/-1/-1/-1/UNKNOWN
./jgraph-latest-bsd-src/examples/org/jgraph/example/HelloWorld.java,LesserGPLv2.1+,1,1,4,0,0,1
./jgraph-latest-bsd-src/examples/org/jgraph/example/HelloWorld.java,LesserGPLv2.1+,1,1,4,0,0,1
./jgraph-latest-bsd-src/examples/org/jgraph/example/HelloWorld.java,LesserGPLv2.1+,1,1,4,0,0,1
./jgraph-latest-bsd-src/examples/org/jgraph/example/HelloWorld.java,LesserGPLv2.1+,1,1,4,0,0,1
./junit-4.11-sources/org/junit/Assert.java,NONE,,,,,,
./junit-4.11-sources/org/junit/rules/ExternalResource.java,NONE,,,,,,
./apache-tomcat-7.0.2/apache-tomcat-7.0.2-src/java/org/apache/catalina/authenticator/BasicAuthenticator.java,Apache-2,1,5,2,0,0,0.2
./apache-tomcat-7.0.2/apache-tomcat-7.0.2-src/java/org/apache/catalina/authenticator/BasicAuthenticator.java,Apache-2,1,5,2,0,0,0.2
./apache-tomcat-7.0.2/apache-tomcat-7.0.2-src/java/org/apache/catalina/authenticator/FormAuthenticator.java,Apache-2,1,5,2,0,0,0.2
./apache-tomcat-7.0.2/apache-tomcat-7.0.2-src/java/org/apache/catalina/connector/CoyoteAdapter.java,Apache-2,1,5,2,0,0,0.2
./apache-tomcat-7.0.2/apache-tomcat-7.0.2-src/java/org/apache/catalina/connector/CoyoteAdapter.java,Apache-2,1,5,2,0,0,0.2
./apache-tomcat-7.0.2/apache-tomcat-7.0.2-src/java/org/apache/jasper/runtime/JspRuntimeLibrary.java,Apache-2,1,5,2,0,0,0.2
./jstock-1.0.7c/jstock/src/org/yccheok/jstock/alert/GoogleMail.java,GPLv2+,1,1,3,1,0,Copyright/1/-1/-1/-1
./jstock-1.0.7c/jstock/src/org/yccheok/jstock/alert/GoogleMail.java,GPLv2+,1,1,3,1,0,Copyright/1/-1/-1/-1
./jung2-2_0_1/jung-samples-2.0.1/edu/uci/ics/jung/samples/ShortestPathDemo.java,NONE,,,,,,
./jung2-2_0_1/jung-samples-2.0.1/edu/uci/ics/jung/samples/ShortestPathDemo.java,NONE,,,,,,
./poi-3.6-20091214/poi-3.6/src/ooxml/java/org/apache/poi/ss/usermodel/WorkbookFactory.java,Apache-2,1,5,2,0,0,0.2
./spring-framework-3.0.5/spring-framework-3.0.5.RELEASE/projects/org.springframework.beans/src/main/java/org/springframework/beans/factory/support/AutowireUtils.java,Apache-2,1,5,0,1,0,Copyright/5
./spring-framework-3.0.5/spring-framework-3.0.5.RELEASE/projects/org.springframework.beans/src/main/java/org/springframework/beans/propertyeditors/CustomCollectionEditor.java,Apache-2,1,5,0,1,0,Copyright/5
./spring-framework-3.0.5/spring-framework-3.0.5.RELEASE/projects/org.springframework.context/src/main/java/org/springframework/scheduling/config/ScheduledTasksBeanDefinitionParser.java,Apache-2,1,5,0,1,0,Copyright/5
./spring-framework-3.0.5/spring-framework-3.0.5.RELEASE/projects/org.springframework.core/src/main/java/org/springframework/util/DefaultPropertiesPersister.java,Apache-2,1,5,0,1,0,Copyright/5
./spring-framework-3.0.5/spring-framework-3.0.5.RELEASE/projects/org.springframework.oxm/src/main/java/org/springframework/oxm/jaxb/Jaxb2Marshaller.java,Apache-2,1,5,0,1,0,Copyright/5
./spring-framework-3.0.5/spring-framework-3.0.5.RELEASE/projects/org.springframework.test/src/main/java/org/springframework/mock/web/DelegatingServletInputStream.java,Apache-2,1,5,0,1,0,Copyright/5
./spring-framework-3.0.5/spring-framework-3.0.5.RELEASE/projects/org.springframework.web.servlet/src/main/java/org/springframework/web/servlet/DispatcherServlet.java,Apache-2,1,5,0,1,0,Copyright/5
./spring-framework-3.0.5/spring-framework-3.0.5.RELEASE/projects/org.springframework.web.servlet/src/test/java/org/springframework/mock/web/DelegatingServletInputStream.java,Apache-2,1,5,0,1,0,Copyright/5
./spring-framework-3.0.5/spring-framework-3.0.5.RELEASE/projects/org.springframework.web/src/test/java/org/springframework/mock/web/DelegatingServletInputStream.java,Apache-2,1,5,0,1,0,Copyright/5
./struts2-2.2.1-all/struts-2.2.1/src/core/src/main/java/org/apache/struts2/dispatcher/mapper/DefaultActionMapper.java,Apache-2,1,5,2,0,0,0.2
./hibernate-release-4.2.2.Final/project/hibernate-core/src/main/java/org/hibernate/cfg/SettingsFactory.java,UNKNOWN,0,0,0,3,5,Copyright/UNKNOWN/UNKNOWN/FSFwarranty/LesserGPLseeDetailsVer0/UNKNOWN/UNKNOWN/UNKNOWN
./jasperreports-3.7.4/src/net/sf/jasperreports/engine/design/JRVerifier.java,LesserGPLv3+,1,1,1,5,2,Copyright/-1/UNKNOWN/UNKNOWN/1/FSFwarranty/LesserGPLseeDetailsVer0/GPLcopyVer0/GNUurl
./spring-framework-3.0.5/spring-framework-3.0.5.RELEASE/projects/org.springframework.web.servlet/src/main/java/org/springframework/web/servlet/mvc/annotation/AnnotationMethodHandlerExceptionResolver.java,Apache-2,1,5,0,1,0,Copyright/5
./spring-framework-3.0.5/spring-framework-3.0.5.RELEASE/projects/org.springframework.web.servlet/src/main/java/org/springframework/web/servlet/mvc/annotation/DefaultAnnotationHandlerMapping.java,Apache-2,1,5,0,1,2,Copyright/5/UNKNOWN/UNKNOWN
./apache-ant-1.8.4/src/main/org/apache/tools/ant/taskdefs/Mkdir.java,Apache-2,1,5,2,0,0,0.2
./hadoop-1.0.0/src/core/org/apache/hadoop/io/serializer/DeserializerComparator.java,Apache-2,1,5,2,0,0,0.2
./hadoop-1.0.0/src/examples/org/apache/hadoop/examples/WordCount.java,NONE,,,,,,
./hadoop-1.0.0/src/examples/org/apache/hadoop/examples/WordCount.java,NONE,,,,,,
./hadoop-1.0.0/src/examples/org/apache/hadoop/examples/WordCount.java,NONE,,,,,,
./hadoop-1.0.0/src/mapred/org/apache/hadoop/mapreduce/lib/map/TokenCounterMapper.java,Apache-2,1,5,2,0,0,0.2
./hibernate-release-4.2.2.Final/project/documentation/src/main/docbook/devguide/en-US/extras/flush_and_clear_session.java,NONE,,,,,,
./hibernate-release-4.2.2.Final/project/documentation/src/main/docbook/devguide/en-US/extras/flush_and_clear_session.java,NONE,,,,,,
./hibernate-release-4.2.2.Final/project/documentation/src/main/docbook/devguide/en-US/extras/flush_and_clear_session.java,NONE,,,,,,
./hibernate-release-4.2.2.Final/project/documentation/src/main/docbook/devguide/en-US/extras/flush_and_clear_session.java,NONE,,,,,,
./hibernate-release-4.2.2.Final/project/documentation/src/main/docbook/devguide/en-US/extras/flush_and_clear_session.java,NONE,,,,,,
./hibernate-release-4.2.2.Final/project/documentation/src/main/docbook/devguide/en-US/extras/flush_and_clear_session.java,NONE,,,,,,
./hibernate-release-4.2.2.Final/project/documentation/src/main/docbook/devguide/en-US/extras/flush_and_clear_session.java,NONE,,,,,,
./hibernate-release-4.2.2.Final/project/documentation/src/main/docbook/devguide/en-US/extras/using_a_StatelessSession.java,NONE,,,,,,
./hibernate-release-4.2.2.Final/project/hibernate-core/src/main/java/org/hibernate/cfg/Environment.java,UNKNOWN,0,0,0,3,4,Copyright/UNKNOWN/UNKNOWN/FSFwarranty/LesserGPLseeDetailsVer0/UNKNOWN/UNKNOWN
./hibernate-release-4.2.2.Final/project/hibernate-entitymanager/src/main/java/org/hibernate/ejb/criteria/QueryStructure.java,UNKNOWN,0,0,0,3,8,Copyright/UNKNOWN/UNKNOWN/FSFwarranty/LesserGPLseeDetailsVer0/UNKNOWN/UNKNOWN/UNKNOWN/UNKNOWN/UNKNOWN/UNKNOWN
./hibernate-release-4.2.2.Final/project/hibernate-envers/src/test/java/org/hibernate/envers/test/integration/basic/RegisterUserEventListenersTest.java,NONE,,,,,,
./jgrapht-0.8.1/src/org/jgrapht/experimental/touchgraph/TouchgraphConverter.java,LesserGPLv2.1+,1,1,3,0,2,UNKNOWN/1/-1/-1/-1/UNKNOWN
./apache-log4j-1.2.16/apache-log4j-1.2.16/contribs/JimMoore/LoggingOutputStream.java,Apache-2,1,5,2,0,0,0.2
./apache-log4j-1.2.16/apache-log4j-1.2.16/src/main/java/org/apache/log4j/DailyRollingFileAppender.java,Apache-2,1,5,2,0,0,0.2
./apache-log4j-1.2.16/apache-log4j-1.2.16/src/main/java/org/apache/log4j/net/SMTPAppender.java,Apache-2,1,5,2,0,0,0.2
./apache-log4j-1.2.16/apache-log4j-1.2.16/src/main/java/org/apache/log4j/WriterAppender.java,Apache-2,1,5,2,0,0,0.2
./poi-3.6-20091214/poi-3.6/src/examples/src/org/apache/poi/ss/examples/CalendarDemo.java,Apache-2,1,5,2,0,0,0.2
./poi-3.6-20091214/poi-3.6/src/examples/src/org/apache/poi/ss/examples/CalendarDemo.java,Apache-2,1,5,2,0,0,0.2
./spring-framework-3.0.5/spring-framework-3.0.5.RELEASE/projects/org.springframework.aop/src/main/java/org/springframework/aop/interceptor/ExposeBeanNameAdvisors.java,Apache-2,1,5,0,1,0,Copyright/5
./spring-framework-3.0.5/spring-framework-3.0.5.RELEASE/projects/org.springframework.web.servlet/src/main/java/org/springframework/web/servlet/DispatcherServlet.java,Apache-2,1,5,0,1,0,Copyright/5
./spring-framework-3.0.5/spring-framework-3.0.5.RELEASE/projects/org.springframework.web.servlet/src/main/java/org/springframework/web/servlet/tags/form/ValueFormatter.java,Apache-2,1,5,0,1,0,Copyright/5
./weka-3-7-9/src/main/java/weka/core/Instances.java,GPLv3+,1,1,5,1,3,#NAME?
./weka-3-7-9/src/main/java/weka/core/NormalizableDistance.java,GPLv3+,1,1,5,1,0,#NAME?
./weka-3-7-9/src/main/java/weka/core/NormalizableDistance.java,GPLv3+,1,1,5,1,0,#NAME?
./freecol-0.10.7-src/src/net/sf/freecol/client/gui/menu/FreeColMenuTest.java,GPLv2+,1,1,4,1,1,Copyright/UNKNOWN/1/-1/-1/-1/-1
./jhotdraw-7.5.1/jhotdraw_7.5.1/Source/jhotdraw7/src/main/java/org/jhotdraw/draw/AbstractConstrainer.java,SeeFile,1,1,1,1,2,Copyright/-1/UNKNOWN/UNKNOWN/1
./jhotdraw-7.5.1/jhotdraw_7.5.1/Source/jhotdraw7/src/main/java/org/jhotdraw/draw/AbstractConstrainer.java,SeeFile,1,1,1,1,2,Copyright/-1/UNKNOWN/UNKNOWN/1
./jstock-1.0.7c/jstock/src/org/yccheok/jstock/gui/POIUtils.java,GPLv2+,1,1,3,1,0,1/-1/-1/-1/Copyright
./AoIsrc281/ArtOfIllusion/src/artofillusion/image/MovieEncoder.java,NONE,,,,,,
./AoIsrc281/ArtOfIllusion/src/artofillusion/image/MovieEncoder.java,NONE,,,,,,
./AoIsrc281/ArtOfIllusion/src/artofillusion/image/MovieEncoder.java,NONE,,,,,,
./AoIsrc281/ArtOfIllusion/src/artofillusion/image/MovieEncoder.java,NONE,,,,,,
./AoIsrc281/ArtOfIllusion/src/artofillusion/image/MovieEncoder.java,NONE,,,,,,
./AoIsrc281/ArtOfIllusion/src/artofillusion/image/MovieEncoder.java,NONE,,,,,,
./AoIsrc281/ArtOfIllusion/src/artofillusion/image/MovieEncoder.java,NONE,,,,,,
./AoIsrc281/ArtOfIllusion/src/artofillusion/image/MovieEncoder.java,NONE,,,,,,
./AoIsrc281/ArtOfIllusion/src/artofillusion/image/MovieEncoder.java,NONE,,,,,,
./jboss-5.1.0.GA-src/console/src/main/org/jboss/console/plugins/helpers/servlet/ServletHelper.java,LesserGPLv2.1+,1,1,2,2,1,Copyright/listContributors/1/-1/-1/UNKNOWN
./AoIsrc281/ArtOfIllusion/src/artofillusion/image/MovieEncoder.java,NONE,,,,,,
./AoIsrc281/ArtOfIllusion/src/artofillusion/image/MovieEncoder.java,NONE,,,,,,
./AoIsrc281/ArtOfIllusion/src/artofillusion/image/MovieEncoder.java,NONE,,,,,,
./AoIsrc281/ArtOfIllusion/src/artofillusion/image/MovieEncoder.java,NONE,,,,,,
./AoIsrc281/ArtOfIllusion/src/artofillusion/image/MovieEncoder.java,NONE,,,,,,
./AoIsrc281/ArtOfIllusion/src/artofillusion/image/MovieEncoder.java,NONE,,,,,,
./findbugs-1.3.9/src/antTask/edu/umd/cs/findbugs/anttask/UnionBugs.java,LesserGPLv2.1+,1,1,3,1,0,Copyright/1/-1/-1/-1
./AoIsrc281/ArtOfIllusion/src/artofillusion/image/MovieEncoder.java,NONE,,,,,,
./AoIsrc281/ArtOfIllusion/src/artofillusion/image/MovieEncoder.java,NONE,,,,,,
./AoIsrc281/ArtOfIllusion/src/artofillusion/image/MovieEncoder.java,NONE,,,,,,
./AoIsrc281/ArtOfIllusion/src/artofillusion/image/MovieEncoder.java,NONE,,,,,,
./findbugs-1.3.9/src/antTask/edu/umd/cs/findbugs/anttask/UnionBugs.java,LesserGPLv2.1+,1,1,3,1,0,Copyright/1/-1/-1/-1
./AoIsrc281/ArtOfIllusion/src/artofillusion/image/MovieEncoder.java,NONE,,,,,,
./wct-package-v1.5.2/WCTSubmitToRosetta/src/main/java/nz/govt/natlib/ndha/common/FileUtils.java,Apache-2,1,3,1,3,4,UNKNOWN/Copyright/-1/3/UNKNOWN/ApachesAsIs/ApachesPermLim/UNKNOWN/UNKNOWN
./apache-tomcat-7.0.2/apache-tomcat-7.0.2-src/test/org/apache/catalina/tribes/demos/MapDemo.java,Apache-2,1,5,2,0,0,0.2
./jhotdraw-7.5.1/jhotdraw_7.5.1/Source/jhotdraw7/src/main/java/org/jhotdraw/gui/VerticalGridLayout.java,SeeFile,1,1,1,1,2,Copyright/-1/UNKNOWN/UNKNOWN/1
./jhotdraw-7.5.1/jhotdraw_7.5.1/Source/jhotdraw7/src/main/java/org/jhotdraw/gui/VerticalGridLayout.java,SeeFile,1,1,1,1,2,Copyright/-1/UNKNOWN/UNKNOWN/1
./jhotdraw-7.5.1/jhotdraw_7.5.1/Source/jhotdraw7/src/main/java/org/jhotdraw/gui/VerticalGridLayout.java,SeeFile,1,1,1,1,2,Copyright/-1/UNKNOWN/UNKNOWN/1
./wct-package-v1.5.2/WCTSubmitToRosetta/src/main/java/nz/govt/natlib/ndha/common/FileUtils.java,Apache-2,1,3,1,3,4,UNKNOWN/Copyright/-1/3/UNKNOWN/ApachesAsIs/ApachesPermLim/UNKNOWN/UNKNOWN
./jstock-1.0.7c/jstock/src/org/yccheok/jstock/gui/POIUtils.java,GPLv2+,1,1,3,1,0,1/-1/-1/-1/Copyright
./jstock-1.0.7c/jstock/src/org/yccheok/jstock/gui/POIUtils.java,GPLv2+,1,1,3,1,0,1/-1/-1/-1/Copyright
./jhotdraw-7.5.1/jhotdraw_7.5.1/Source/jhotdraw7/src/main/java/org/jhotdraw/draw/AbstractConstrainer.java,SeeFile,1,1,1,1,2,Copyright/-1/UNKNOWN/UNKNOWN/1
./jhotdraw-7.5.1/jhotdraw_7.5.1/Source/jhotdraw7/src/main/java/org/jhotdraw/draw/AbstractConstrainer.java,SeeFile,1,1,1,1,2,Copyright/-1/UNKNOWN/UNKNOWN/1
./antlr4-4.0/tool/test/org/antlr/v4/test/TestPerformance.java,BSD3,1,6,0,1,0,AllRights-TOOLONG/6
./AoIsrc281/ArtOfIllusion/src/artofillusion/image/MovieEncoder.java,NONE,,,,,,
./c-jdbc-2.0.2-src/src/org/objectweb/cjdbc/common/util/FileManagement.java,LesserGPLv2.1+,1,1,3,1,0,Copyright/1/-1/-1/-1
./c-jdbc-2.0.2-src/src/org/objectweb/cjdbc/common/util/FileManagement.java,LesserGPLv2.1+,1,1,3,1,0,Copyright/1/-1/-1/-1
./c-jdbc-2.0.2-src/src/org/objectweb/cjdbc/common/util/FileManagement.java,LesserGPLv2.1+,1,1,3,1,0,Copyright/1/-1/-1/-1
./c-jdbc-2.0.2-src/src/org/objectweb/cjdbc/common/util/FileManagement.java,LesserGPLv2.1+,1,1,3,1,0,Copyright/1/-1/-1/-1
./c-jdbc-2.0.2-src/src/org/objectweb/cjdbc/common/util/FileManagement.java,LesserGPLv2.1+,1,1,3,1,0,Copyright/1/-1/-1/-1
./c-jdbc-2.0.2-src/src/org/objectweb/cjdbc/common/util/FileManagement.java,LesserGPLv2.1+,1,1,3,1,0,Copyright/1/-1/-1/-1
./c-jdbc-2.0.2-src/src/org/objectweb/cjdbc/common/util/FileManagement.java,LesserGPLv2.1+,1,1,3,1,0,Copyright/1/-1/-1/-1
./Compiere_330_Source/base/src/org/compiere/process/RegisterSystem.java,UNKNOWN,0,0,0,2,4,AllRights-TOOLONG/UNKNOWN/UNKNOWN/GPLseeDetailsVer0/UNKNOWN/UNKNOWN
./Compiere_330_Source/base/src/org/compiere/process/RegisterSystem.java,UNKNOWN,0,0,0,2,4,AllRights-TOOLONG/UNKNOWN/UNKNOWN/GPLseeDetailsVer0/UNKNOWN/UNKNOWN
./Compiere_330_Source/base/src/org/compiere/process/RegisterSystem.java,UNKNOWN,0,0,0,2,4,AllRights-TOOLONG/UNKNOWN/UNKNOWN/GPLseeDetailsVer0/UNKNOWN/UNKNOWN
./Compiere_330_Source/base/src/org/compiere/process/RegisterSystem.java,UNKNOWN,0,0,0,2,4,AllRights-TOOLONG/UNKNOWN/UNKNOWN/GPLseeDetailsVer0/UNKNOWN/UNKNOWN
./Compiere_330_Source/base/src/org/compiere/process/RegisterSystem.java,UNKNOWN,0,0,0,2,4,AllRights-TOOLONG/UNKNOWN/UNKNOWN/GPLseeDetailsVer0/UNKNOWN/UNKNOWN
./Compiere_330_Source/base/src/org/compiere/process/RegisterSystem.java,UNKNOWN,0,0,0,2,4,AllRights-TOOLONG/UNKNOWN/UNKNOWN/GPLseeDetailsVer0/UNKNOWN/UNKNOWN
./Compiere_330_Source/base/src/org/compiere/process/RegisterSystem.java,UNKNOWN,0,0,0,2,4,AllRights-TOOLONG/UNKNOWN/UNKNOWN/GPLseeDetailsVer0/UNKNOWN/UNKNOWN
./Compiere_330_Source/base/src/org/compiere/process/RegisterSystem.java,UNKNOWN,0,0,0,2,4,AllRights-TOOLONG/UNKNOWN/UNKNOWN/GPLseeDetailsVer0/UNKNOWN/UNKNOWN
./Compiere_330_Source/base/src/org/compiere/process/RegisterSystem.java,UNKNOWN,0,0,0,2,4,AllRights-TOOLONG/UNKNOWN/UNKNOWN/GPLseeDetailsVer0/UNKNOWN/UNKNOWN
./Compiere_330_Source/base/src/org/compiere/process/RegisterSystem.java,UNKNOWN,0,0,0,2,4,AllRights-TOOLONG/UNKNOWN/UNKNOWN/GPLseeDetailsVer0/UNKNOWN/UNKNOWN
./db-derby-10.6.1.0-src/db-derby-10.6.1.0-src/java/testing/org/apache/derbyTesting/functionTests/tests/junitTests/compatibility/CompatibilityCombinations.java,Apache-2,1,5,2,0,0,0.2
./db-derby-10.6.1.0-src/db-derby-10.6.1.0-src/java/testing/org/apache/derbyTesting/functionTests/tests/junitTests/compatibility/CompatibilityCombinations.java,Apache-2,1,5,2,0,0,0.2
./db-derby-10.6.1.0-src/db-derby-10.6.1.0-src/java/testing/org/apache/derbyTesting/functionTests/tests/junitTests/compatibility/CompatibilityCombinations.java,Apache-2,1,5,2,0,0,0.2
./db-derby-10.6.1.0-src/db-derby-10.6.1.0-src/java/testing/org/apache/derbyTesting/functionTests/tests/junitTests/compatibility/CompatibilityCombinations.java,Apache-2,1,5,2,0,0,0.2
./db-derby-10.6.1.0-src/db-derby-10.6.1.0-src/java/testing/org/apache/derbyTesting/functionTests/tests/junitTests/compatibility/CompatibilityCombinations.java,Apache-2,1,5,2,0,0,0.2
./db-derby-10.6.1.0-src/db-derby-10.6.1.0-src/java/testing/org/apache/derbyTesting/functionTests/tests/junitTests/compatibility/CompatibilityCombinations.java,Apache-2,1,5,2,0,0,0.2
./db-derby-10.6.1.0-src/db-derby-10.6.1.0-src/java/testing/org/apache/derbyTesting/functionTests/tests/junitTests/compatibility/CompatibilityCombinations.java,Apache-2,1,5,2,0,0,0.2
./FitLibrary20100806/fitnesse/lib/src/fitlibrarySrc/fitlibrary/batch/resultsOut/FolderTestResultRepository.java,UNKNOWN,0,0,0,1,0,CopyrightVer2+
./geotools-2.7-M3/modules/extension/xsd/xsd-wcs/src/main/java/org/geotools/wcs/bindings/TimeSequenceTypeBinding.java,NONE,,,,,,
./geotools-2.7-M3/modules/unsupported/swing/src/main/java/org/jdesktop/swingworker/SwingWorker.java,UNKNOWN,0,0,0,1,2,AllRights/UNKNOWN/UNKNOWN
./geotools-2.7-M3/modules/unsupported/swing/src/main/java/org/jdesktop/swingworker/SwingWorker.java,UNKNOWN,0,0,0,1,2,AllRights/UNKNOWN/UNKNOWN
./hadoop-1.0.0/src/core/org/apache/hadoop/io/file/tfile/SimpleBufferedOutputStream.java,Apache-2,1,5,2,0,0,0.2
./heritrix-1.14.4/src/java/org/archive/util/FileUtils.java,UNKNOWN,0,0,0,3,3,Copyright/UNKNOWN/FSFwarranty/SeeFileVer0/UNKNOWN/UNKNOWN
./heritrix-1.14.4/src/java/org/archive/util/FileUtils.java,UNKNOWN,0,0,0,3,3,Copyright/UNKNOWN/FSFwarranty/SeeFileVer0/UNKNOWN/UNKNOWN
./heritrix-1.14.4/src/java/org/archive/util/FileUtils.java,UNKNOWN,0,0,0,3,3,Copyright/UNKNOWN/FSFwarranty/SeeFileVer0/UNKNOWN/UNKNOWN
./heritrix-1.14.4/src/java/org/archive/util/FileUtils.java,UNKNOWN,0,0,0,3,3,Copyright/UNKNOWN/FSFwarranty/SeeFileVer0/UNKNOWN/UNKNOWN
./heritrix-1.14.4/src/java/org/archive/util/FileUtils.java,UNKNOWN,0,0,0,3,3,Copyright/UNKNOWN/FSFwarranty/SeeFileVer0/UNKNOWN/UNKNOWN
./heritrix-1.14.4/src/java/org/archive/util/FileUtils.java,UNKNOWN,0,0,0,3,3,Copyright/UNKNOWN/FSFwarranty/SeeFileVer0/UNKNOWN/UNKNOWN
./heritrix-1.14.4/src/java/org/archive/util/FileUtils.java,UNKNOWN,0,0,0,3,3,Copyright/UNKNOWN/FSFwarranty/SeeFileVer0/UNKNOWN/UNKNOWN
./hibernate-release-4.2.2.Final/project/documentation/src/main/docbook/devguide/en-US/extras/using_scroll.java,NONE,,,,,,
./hibernate-release-4.2.2.Final/project/documentation/src/main/docbook/devguide/en-US/extras/using_scroll.java,NONE,,,,,,
./hibernate-release-4.2.2.Final/project/hibernate-core/src/main/java/org/hibernate/action/internal/BulkOperationCleanupAction.java,UNKNOWN,0,0,0,3,4,Copyright/UNKNOWN/UNKNOWN/FSFwarranty/LesserGPLseeDetailsVer0/UNKNOWN/UNKNOWN
./hibernate-release-4.2.2.Final/project/hibernate-core/src/main/java/org/hibernate/dialect/Oracle9iDialect.java,UNKNOWN,0,0,0,3,4,Copyright/UNKNOWN/UNKNOWN/FSFwarranty/LesserGPLseeDetailsVer0/UNKNOWN/UNKNOWN
./hibernate-release-4.2.2.Final/project/hibernate-core/src/main/java/org/hibernate/tool/hbm2ddl/SchemaUpdate.java,UNKNOWN,0,0,0,3,4,Copyright/UNKNOWN/UNKNOWN/FSFwarranty/LesserGPLseeDetailsVer0/UNKNOWN/UNKNOWN
./hsqldb-2.0.0/hsqldb/src/org/hsqldb/test/HsqldbTestCase.java,spdxBSD3,1,6,1,0,0,-0.166666667
./hsqldb-2.0.0/hsqldb/src/org/hsqldb/test/HsqldbTestCase.java,spdxBSD3,1,6,1,0,0,-0.166666667
./hsqldb-2.0.0/hsqldb/src/org/hsqldb/test/HsqldbTestCase.java,spdxBSD3,1,6,1,0,0,-0.166666667
./hsqldb-2.0.0/hsqldb/src/org/hsqldb/test/HsqldbTestCase.java,spdxBSD3,1,6,1,0,0,-0.166666667
./hsqldb-2.0.0/hsqldb/src/org/hsqldb/test/HsqldbTestCase.java,spdxBSD3,1,6,1,0,0,-0.166666667
./hsqldb-2.0.0/hsqldb/src/org/hsqldb/test/HsqldbTestCase.java,spdxBSD3,1,6,1,0,0,-0.166666667
./hsqldb-2.0.0/hsqldb/src/org/hsqldb/test/HsqldbTestCase.java,spdxBSD3,1,6,1,0,0,-0.166666667
./iReport-3.7.5-src/ireport-designer/src/com/jaspersoft/ireport/designer/sheet/editors/box/ShapeStroke.java,Apache-2,1,5,0,1,0,Copyright/5
./iReport-3.7.5-src/jasperreports-components/src/com/jaspersoft/ireport/components/spiderchart/SpiderChartIcon.java,NONE,,,,,,
./iReport-3.7.5-src/jasperserver-plugin/src/com/jaspersoft/ireport/jasperserver/ws/IReportTrustManager.java,UNKNOWN,0,0,0,5,4,Copyright/AllRights/UNKNOWN/UNKNOWN/UNKNOWN/FSFwarranty/AGPLseeVer0/UNKNOWN/GNUurl
./iReport-3.7.5-src/jasperserver-plugin/src/com/jaspersoft/ireport/jasperserver/ws/IReportTrustManager.java,UNKNOWN,0,0,0,5,4,Copyright/AllRights/UNKNOWN/UNKNOWN/UNKNOWN/FSFwarranty/AGPLseeVer0/UNKNOWN/GNUurl
./iReport-3.7.5-src/jasperserver-plugin/src/com/jaspersoft/ireport/jasperserver/ws/IReportTrustManager.java,UNKNOWN,0,0,0,5,4,Copyright/AllRights/UNKNOWN/UNKNOWN/UNKNOWN/FSFwarranty/AGPLseeVer0/UNKNOWN/GNUurl
./iReport-3.7.5-src/jasperserver-plugin/src/com/jaspersoft/ireport/jasperserver/ws/IReportTrustManager.java,UNKNOWN,0,0,0,5,4,Copyright/AllRights/UNKNOWN/UNKNOWN/UNKNOWN/FSFwarranty/AGPLseeVer0/UNKNOWN/GNUurl
./iText-src-5.0.3/core/com/itextpdf/text/pdf/PdfWriter.java,UNKNOWN,0,0,0,3,8,Copyright/UNKNOWN/UNKNOWN/FSFwarranty/AGPLseeVer0/UNKNOWN/UNKNOWN/UNKNOWN/UNKNOWN/UNKNOWN/UNKNOWN
./jag-6.1/src/com/finalist/jaggenerator/LibCopier.java,GPLv2+,1,1,3,1,1,Copyright/1/-1/-1/-1/UNKNOWN
./jboss-5.1.0.GA-src/tomcat/src/main/org/jboss/web/tomcat/security/authenticators/JASPIFormAuthenticator.java,LesserGPLv2.1+,1,1,2,2,1,Copyright/listContributors/1/-1/-1/UNKNOWN
./jboss-5.1.0.GA-src/tomcat/src/main/org/jboss/web/tomcat/security/FormAuthenticator.java,Apache-2,1,5,0,1,0,Copyright/5
./jboss-5.1.0.GA-src/tomcat/src/main/org/jboss/web/tomcat/security/jaspi/modules/HTTPBasicServerAuthModule.java,LesserGPLv2.1+,1,1,2,2,1,Copyright/listContributors/1/-1/-1/UNKNOWN
./jboss-5.1.0.GA-src/tomcat/src/main/org/jboss/web/tomcat/security/jaspi/modules/HTTPBasicServerAuthModule.java,LesserGPLv2.1+,1,1,2,2,1,Copyright/listContributors/1/-1/-1/UNKNOWN
./jfreechart-1.0.13/source/org/jfree/chart/demo/BarChartDemo1.java,LesserGPLv2.1+,1,1,3,0,3,UNKNOWN/1/-1/-1/-1/UNKNOWN/UNKNOWN
./jfreechart-1.0.13/source/org/jfree/chart/renderer/xy/AbstractXYItemRenderer.java,LesserGPLv2.1+,1,1,3,0,8,UNKNOWN/1/-1/-1/-1/UNKNOWN/UNKNOWN/UNKNOWN/UNKNOWN/UNKNOWN/UNKNOWN/UNKNOWN
./jfreechart-1.0.13/source/org/jfree/chart/renderer/xy/AbstractXYItemRenderer.java,LesserGPLv2.1+,1,1,3,0,8,UNKNOWN/1/-1/-1/-1/UNKNOWN/UNKNOWN/UNKNOWN/UNKNOWN/UNKNOWN/UNKNOWN/UNKNOWN
./jfreechart-1.0.13/source/org/jfree/chart/renderer/xy/AbstractXYItemRenderer.java,LesserGPLv2.1+,1,1,3,0,8,UNKNOWN/1/-1/-1/-1/UNKNOWN/UNKNOWN/UNKNOWN/UNKNOWN/UNKNOWN/UNKNOWN/UNKNOWN
./jfreechart-1.0.13/source/org/jfree/chart/renderer/xy/AbstractXYItemRenderer.java,LesserGPLv2.1+,1,1,3,0,8,UNKNOWN/1/-1/-1/-1/UNKNOWN/UNKNOWN/UNKNOWN/UNKNOWN/UNKNOWN/UNKNOWN/UNKNOWN
./jfreechart-1.0.13/swt/org/jfree/experimental/chart/swt/demo/SWTBarChartDemo1.java,LesserGPLv2.1+,1,1,3,0,3,UNKNOWN/1/-1/-1/-1/UNKNOWN/UNKNOWN
./jfreechart-1.0.13/swt/org/jfree/experimental/swt/SWTUtils.java,LesserGPLv2.1+,1,1,3,0,2,UNKNOWN/1/-1/-1/-1/UNKNOWN
./jfreechart-1.0.13/swt/org/jfree/experimental/swt/SWTUtils.java,LesserGPLv2.1+,1,1,3,0,2,UNKNOWN/1/-1/-1/-1/UNKNOWN
./Vuze_4812_source/com/aelitis/azureus/core/util/http/HTTPAuthHelper.java,GPLv2,1,1,4,0,0,1
./Vuze_4812_source/com/aelitis/azureus/core/util/http/HTTPAuthHelper.java,GPLv2,1,1,4,0,0,1
./Vuze_4812_source/com/aelitis/azureus/core/util/http/HTTPAuthHelper.java,GPLv2,1,1,4,0,0,1
./Vuze_4812_source/com/aelitis/azureus/core/util/http/HTTPAuthHelper.java,GPLv2,1,1,4,0,0,1
./Vuze_4812_source/com/aelitis/azureus/core/util/http/HTTPAuthHelper.java,GPLv2,1,1,4,0,0,1
./Vuze_4812_source/com/aelitis/azureus/core/util/http/HTTPAuthHelper.java,GPLv2,1,1,4,0,0,1
./Vuze_4812_source/org/gudy/azureus2/core3/security/impl/SESecurityManagerImpl.java,GPLv2,1,1,2,0,1,1/-1/UNKNOWN/-1
./Vuze_4812_source/org/gudy/azureus2/core3/security/impl/SESecurityManagerImpl.java,GPLv2,1,1,2,0,1,1/-1/UNKNOWN/-1
./Vuze_4812_source/org/gudy/azureus2/core3/security/impl/SESecurityManagerImpl.java,GPLv2,1,1,2,0,1,1/-1/UNKNOWN/-1
./Vuze_4812_source/org/gudy/azureus2/core3/security/impl/SESecurityManagerImpl.java,GPLv2,1,1,2,0,1,1/-1/UNKNOWN/-1
./Vuze_4812_source/org/gudy/azureus2/core3/security/impl/SESecurityManagerImpl.java,GPLv2,1,1,2,0,1,1/-1/UNKNOWN/-1
./Vuze_4812_source/org/gudy/azureus2/core3/security/impl/SESecurityManagerImpl.java,GPLv2,1,1,2,0,1,1/-1/UNKNOWN/-1
./Vuze_4812_source/org/gudy/azureus2/core3/security/impl/SESecurityManagerImpl.java,GPLv2,1,1,2,0,1,1/-1/UNKNOWN/-1
./Vuze_4812_source/org/gudy/azureus2/core3/security/impl/SESecurityManagerImpl.java,GPLv2,1,1,2,0,1,1/-1/UNKNOWN/-1
./Vuze_4812_source/org/gudy/azureus2/core3/security/impl/SESecurityManagerImpl.java,GPLv2,1,1,2,0,1,1/-1/UNKNOWN/-1
./Vuze_4812_source/org/gudy/azureus2/core3/security/impl/SESecurityManagerImpl.java,GPLv2,1,1,2,0,1,1/-1/UNKNOWN/-1
./Vuze_4812_source/org/gudy/azureus2/core3/security/impl/SESecurityManagerImpl.java,GPLv2,1,1,2,0,1,1/-1/UNKNOWN/-1
./Vuze_4812_source/org/gudy/azureus2/core3/security/impl/SESecurityManagerImpl.java,GPLv2,1,1,2,0,1,1/-1/UNKNOWN/-1
./Vuze_4812_source/org/gudy/azureus2/core3/security/impl/SESecurityManagerImpl.java,GPLv2,1,1,2,0,1,1/-1/UNKNOWN/-1
./struts2-2.2.1-all/struts-2.2.1/src/plugins/embeddedjsp/src/main/java/org/apache/struts2/jasper/runtime/JspRuntimeLibrary.java,Apache-2,1,5,2,0,0,0.2
./struts2-2.2.1-all/struts-2.2.1/src/plugins/embeddedjsp/src/main/java/org/apache/struts2/jasper/runtime/JspRuntimeLibrary.java,Apache-2,1,5,2,0,0,0.2
./netbeans-6.9.1-201007282301/openide.explorer/src/org/openide/explorer/view/OutlineView.java,CDDLorGPLv2/GPLv2,2,2,8,3,1,#NAME?
./apache-roller-4.0.1/apache-roller-src-4.0.1/tomcat/work/Catalina/localhost/roller/org/apache/jsp/roller_002dui/errors/_404_jsp.java,NONE,,,,,,
./apache-roller-4.0.1/apache-roller-src-4.0.1/tomcat/work/Catalina/localhost/roller/org/apache/jsp/WEB_002dINF/jsps/tiles/css_002dnosidebar_jsp.java,NONE,,,,,,
./apache-roller-4.0.1/apache-roller-src-4.0.1/tomcat/work/Catalina/localhost/roller/org/apache/jsp/WEB_002dINF/jsps/tiles/css_002dsidebar_jsp.java,NONE,,,,,,
./apache-roller-4.0.1/apache-roller-src-4.0.1/tomcat/work/Catalina/localhost/roller/org/apache/jsp/WEB_002dINF/jsps/tiles/empty_jsp.java,NONE,,,,,,
./apache-roller-4.0.1/apache-roller-src-4.0.1/tomcat/work/Catalina/localhost/roller/org/apache/jsp/WEB_002dINF/jsps/tiles/empty_jsp.java,NONE,,,,,,
./apache-roller-4.0.1/apache-roller-src-4.0.1/tomcat/work/Catalina/localhost/roller/org/apache/jsp/index_jsp.java,NONE,,,,,,
./apache-roller-4.0.1/apache-roller-src-4.0.1/tomcat/work/Catalina/localhost/roller/org/apache/jsp/roller_002dui/authoring/editors/editor_002dtext_jsp.java,NONE,,,,,,
./apache-roller-4.0.1/apache-roller-src-4.0.1/tomcat/work/Catalina/localhost/roller/org/apache/jsp/roller_002dui/errors/_404_jsp.java,NONE,,,,,,
./apache-roller-4.0.1/apache-roller-src-4.0.1/tomcat/work/Catalina/localhost/roller/org/apache/jsp/roller_002dui/errors/denied_jsp.java,NONE,,,,,,
./apache-roller-4.0.1/apache-roller-src-4.0.1/tomcat/work/Catalina/localhost/roller/org/apache/jsp/roller_002dui/login_002dredirect_jsp.java,NONE,,,,,,
./apache-roller-4.0.1/apache-roller-src-4.0.1/tomcat/work/Catalina/localhost/roller/org/apache/jsp/WEB_002dINF/jsps/admin/GlobalConfig_jsp.java,NONE,,,,,,
./apache-roller-4.0.1/apache-roller-src-4.0.1/tomcat/work/Catalina/localhost/roller/org/apache/jsp/WEB_002dINF/jsps/admin/PlanetConfig_jsp.java,NONE,,,,,,
./apache-roller-4.0.1/apache-roller-src-4.0.1/tomcat/work/Catalina/localhost/roller/org/apache/jsp/WEB_002dINF/jsps/admin/PlanetGroups_jsp.java,NONE,,,,,,
./apache-roller-4.0.1/apache-roller-src-4.0.1/tomcat/work/Catalina/localhost/roller/org/apache/jsp/WEB_002dINF/jsps/admin/PlanetSubscriptions_jsp.java,NONE,,,,,,
./apache-roller-4.0.1/apache-roller-src-4.0.1/tomcat/work/Catalina/localhost/roller/org/apache/jsp/WEB_002dINF/jsps/core/Login_jsp.java,UNKNOWN,0,0,0,1,4,UNKNOWN/UNKNOWN/ApacheLicWherePart1-TOOLONG/UNKNOWN/UNKNOWN
./apache-roller-4.0.1/apache-roller-src-4.0.1/tomcat/work/Catalina/localhost/roller/org/apache/jsp/WEB_002dINF/jsps/core/MainMenu_jsp.java,NONE,,,,,,
./apache-roller-4.0.1/apache-roller-src-4.0.1/tomcat/work/Catalina/localhost/roller/org/apache/jsp/WEB_002dINF/jsps/core/MainMenuSidebar_jsp.java,NONE,,,,,,
./apache-roller-4.0.1/apache-roller-src-4.0.1/tomcat/work/Catalina/localhost/roller/org/apache/jsp/WEB_002dINF/jsps/core/UpgradeDatabase_jsp.java,NONE,,,,,,
./apache-roller-4.0.1/apache-roller-src-4.0.1/tomcat/work/Catalina/localhost/roller/org/apache/jsp/WEB_002dINF/jsps/editor/EntryAdd_jsp.java,NONE,,,,,,
./apache-roller-4.0.1/apache-roller-src-4.0.1/tomcat/work/Catalina/localhost/roller/org/apache/jsp/WEB_002dINF/jsps/editor/EntryEdit_jsp.java,NONE,,,,,,
./apache-roller-4.0.1/apache-roller-src-4.0.1/tomcat/work/Catalina/localhost/roller/org/apache/jsp/WEB_002dINF/jsps/editor/EntrySidebar_jsp.java,NONE,,,,,,
./apache-roller-4.0.1/apache-roller-src-4.0.1/tomcat/work/Catalina/localhost/roller/org/apache/jsp/WEB_002dINF/jsps/editor/TemplateEdit_jsp.java,NONE,,,,,,
./apache-roller-4.0.1/apache-roller-src-4.0.1/tomcat/work/Catalina/localhost/roller/org/apache/jsp/WEB_002dINF/jsps/editor/Templates_jsp.java,NONE,,,,,,
./apache-roller-4.0.1/apache-roller-src-4.0.1/tomcat/work/Catalina/localhost/roller/org/apache/jsp/WEB_002dINF/jsps/editor/TemplatesSidebar_jsp.java,NONE,,,,,,
./apache-roller-4.0.1/apache-roller-src-4.0.1/tomcat/work/Catalina/localhost/roller/org/apache/jsp/WEB_002dINF/jsps/editor/ThemeEdit_jsp.java,NONE,,,,,,
./apache-roller-4.0.1/apache-roller-src-4.0.1/tomcat/work/Catalina/localhost/roller/org/apache/jsp/WEB_002dINF/jsps/tiles/bannerInstallation_jsp.java,NONE,,,,,,
./apache-roller-4.0.1/apache-roller-src-4.0.1/tomcat/work/Catalina/localhost/roller/org/apache/jsp/WEB_002dINF/jsps/tiles/bannerStatus_jsp.java,NONE,,,,,,
./apache-roller-4.0.1/apache-roller-src-4.0.1/tomcat/work/Catalina/localhost/roller/org/apache/jsp/WEB_002dINF/jsps/tiles/css_002dnosidebar_jsp.java,NONE,,,,,,
./apache-roller-4.0.1/apache-roller-src-4.0.1/tomcat/work/Catalina/localhost/roller/org/apache/jsp/WEB_002dINF/jsps/tiles/css_002dsidebar_jsp.java,NONE,,,,,,
./apache-roller-4.0.1/apache-roller-src-4.0.1/tomcat/work/Catalina/localhost/roller/org/apache/jsp/WEB_002dINF/jsps/tiles/empty_jsp.java,NONE,,,,,,
./apache-roller-4.0.1/apache-roller-src-4.0.1/tomcat/work/Catalina/localhost/roller/org/apache/jsp/WEB_002dINF/jsps/tiles/footer_jsp.java,NONE,,,,,,
./apache-roller-4.0.1/apache-roller-src-4.0.1/tomcat/work/Catalina/localhost/roller/org/apache/jsp/WEB_002dINF/jsps/tiles/head_002dajax_jsp.java,NONE,,,,,,
./apache-roller-4.0.1/apache-roller-src-4.0.1/tomcat/work/Catalina/localhost/roller/org/apache/jsp/WEB_002dINF/jsps/tiles/head_jsp.java,NONE,,,,,,
./apache-roller-4.0.1/apache-roller-src-4.0.1/tomcat/work/Catalina/localhost/roller/org/apache/jsp/WEB_002dINF/jsps/tiles/menu_jsp.java,NONE,,,,,,
./apache-roller-4.0.1/apache-roller-src-4.0.1/tomcat/work/Catalina/localhost/roller/org/apache/jsp/WEB_002dINF/jsps/tiles/messages_jsp.java,NONE,,,,,,
./apache-roller-4.0.1/apache-roller-src-4.0.1/tomcat/work/Catalina/localhost/roller/org/apache/jsp/WEB_002dINF/jsps/tiles/tiles_002derrorpage_jsp.java,NONE,,,,,,
./apache-roller-4.0.1/apache-roller-src-4.0.1/tomcat/work/Catalina/localhost/roller/org/apache/jsp/WEB_002dINF/jsps/tiles/tiles_002dinstallpage_jsp.java,NONE,,,,,,
./apache-roller-4.0.1/apache-roller-src-4.0.1/tomcat/work/Catalina/localhost/roller/org/apache/jsp/WEB_002dINF/jsps/tiles/tiles_002dmainmenupage_jsp.java,NONE,,,,,,
./apache-roller-4.0.1/apache-roller-src-4.0.1/tomcat/work/Catalina/localhost/roller/org/apache/jsp/WEB_002dINF/jsps/tiles/tiles_002dsimplepage_jsp.java,NONE,,,,,,
./apache-roller-4.0.1/apache-roller-src-4.0.1/tomcat/work/Catalina/localhost/roller/org/apache/jsp/WEB_002dINF/jsps/tiles/tiles_002dtabbedpage_jsp.java,NONE,,,,,,
./weka-3-7-9/src/main/java/weka/attributeSelection/ReliefFAttributeEval.java,GPLv3+,1,1,5,1,0,#NAME?
./weka-3-7-9/src/main/java/weka/clusterers/FarthestFirst.java,GPLv3+,1,1,5,1,0,#NAME?
./netbeans-6.9.1-201007282301/editor.macros/src/org/netbeans/modules/editor/macros/storage/ui/MacrosPanel.java,CDDLorGPLv2/GPLv2,2,2,8,3,1,#NAME?
./netbeans-6.9.1-201007282301/form/test/unit/src/org/netbeans/modules/form/layoutdesign/ALT_Bug124689.java,NONE,,,,,,
./netbeans-6.9.1-201007282301/identity.server.manager/src/org/netbeans/modules/identity/server/manager/ui/ProfileEditorPanel.java,CDDLorGPLv2/GPLv2,2,2,8,3,1,#NAME?
./netbeans-6.9.1-201007282301/j2ee.clientproject/src/org/netbeans/modules/j2ee/clientproject/ui/customizer/CustomizerLibraries.java,CDDLorGPLv2/GPLv2,2,2,8,3,1,#NAME?
./netbeans-6.9.1-201007282301/j2ee.ddloaders/src/org/netbeans/modules/j2ee/ddloaders/web/multiview/SecurityRolesEditorPanel.java,CDDLorGPLv2/GPLv2,2,2,8,3,1,#NAME?
./netbeans-6.9.1-201007282301/j2ee.ddloaders/src/org/netbeans/modules/j2ee/ddloaders/web/multiview/SecurityRolesEditorPanel.java,CDDLorGPLv2/GPLv2,2,2,8,3,1,#NAME?
./netbeans-6.9.1-201007282301/j2ee.ejbjarproject/src/org/netbeans/modules/j2ee/ejbjarproject/ui/customizer/CustomizerLibraries.java,CDDLorGPLv2/GPLv2,2,2,8,3,1,#NAME?
./netbeans-6.9.1-201007282301/java.source/src/org/netbeans/modules/java/ui/FmtImports.java,CDDLorGPLv2/GPLv2,2,2,8,3,1,#NAME?
./netbeans-6.9.1-201007282301/tasklist.todo/src/org/netbeans/modules/tasklist/todo/settings/ToDoCustomizer.java,CDDLorGPLv2/GPLv2,2,2,8,3,1,#NAME?
./netbeans-6.9.1-201007282301/vmd.midpnb/src/org/netbeans/modules/vmd/midpnb/propertyeditors/SVGFormEditorElement.java,CDDLorGPLv2/GPLv2,2,2,8,3,1,#NAME?
./netbeans-6.9.1-201007282301/web.project/src/org/netbeans/modules/web/project/ui/customizer/CustomizerLibraries.java,CDDLorGPLv2/GPLv2,2,2,8,3,1,#NAME?
./netbeans-6.9.1-201007282301/web.project/src/org/netbeans/modules/web/project/ui/wizards/PanelSupportedFrameworksVisual.java,CDDLorGPLv2/GPLv2,2,2,8,3,1,#NAME?
./netbeans-6.9.1-201007282301/web.struts/src/org/netbeans/modules/web/struts/wizards/FormBeanPropertiesPanelVisual.java,CDDLorGPLv2/GPLv2,2,2,8,3,1,#NAME?
./netbeans-6.9.1-201007282301/websvc.wsitconf/src/org/netbeans/modules/websvc/wsitconf/ui/service/subpanels/TargetsPanel.java,CDDLorGPLv2/GPLv2,2,2,8,3,1,#NAME?
./weka-3-7-9/src/main/java/weka/core/Instances.java,GPLv3+,1,1,5,1,3,#NAME?
./jstock-1.0.7c/jstock/src/org/yccheok/jstock/gui/Utils.java,GPLv2+,1,1,3,1,0,Copyright/1/-1/-1/-1
./jstock-1.0.7c/jstock/src/org/yccheok/jstock/gui/Utils.java,GPLv2+,1,1,3,1,0,Copyright/1/-1/-1/-1
./apache-jmeter-2.9/apache-jmeter-2.9/src/jorphan/org/apache/jorphan/gui/layout/VerticalLayout.java,Apache-2,1,5,2,0,0,0.2
./apache-jmeter-2.9/apache-jmeter-2.9/src/jorphan/org/apache/jorphan/gui/layout/VerticalLayout.java,Apache-2,1,5,2,0,0,0.2
./apache-log4j-1.2.16/apache-log4j-1.2.16/src/main/java/org/apache/log4j/lf5/util/StreamUtils.java,Apache-2,1,5,2,0,3,#NAME?
./netbeans-6.9.1-201007282301/kenai.ui/src/org/netbeans/modules/kenai/ui/treelist/TreeList.java,CDDLorGPLv2/GPLv2,2,2,8,2,1,#NAME?
./apache-log4j-1.2.16/apache-log4j-1.2.16/contribs/JimMoore/LoggingOutputStream.java,Apache-2,1,5,2,0,0,0.2
./apache-log4j-1.2.16/apache-log4j-1.2.16/contribs/JimMoore/LoggingOutputStream.java,Apache-2,1,5,2,0,0,0.2
./jstock-1.0.7c/jstock/src/org/yccheok/jstock/gui/Utils.java,GPLv2+,1,1,3,1,0,Copyright/1/-1/-1/-1
./jstock-1.0.7c/jstock/src/org/yccheok/jstock/gui/Utils.java,GPLv2+,1,1,3,1,0,Copyright/1/-1/-1/-1
./jhotdraw-7.5.1/jhotdraw_7.5.1/Source/jhotdraw7/src/main/java/org/jhotdraw/util/Images.java,SeeFile,1,1,1,1,2,Copyright/-1/UNKNOWN/UNKNOWN/1
./jstock-1.0.7c/jstock/src/org/yccheok/jstock/gui/Utils.java,GPLv2+,1,1,3,1,0,Copyright/1/-1/-1/-1
./jstock-1.0.7c/jstock/src/org/yccheok/jstock/gui/Utils.java,GPLv2+,1,1,3,1,0,Copyright/1/-1/-1/-1
./netbeans-6.9.1-201007282301/form/test/qa-functional/data/SampleDesktopApplication/src/sampledesktopapplication/SampleDesktopView.java,NONE,,,,,,
./netbeans-6.9.1-201007282301/java.examples/MarsRoverViewer/src/marsroverviewer/MarsRoverViewerView.java,spdxBSD3,1,6,1,0,0,-0.166666667
./netbeans-6.9.1-201007282301/swingapp/appshells/BasicShellApp/src/applicationpackage/ShellView.java,NONE,,,,,,
./netbeans-6.9.1-201007282301/java.source/test/unit/data/jdk/JTable.java,UNKNOWN,0,0,0,1,2,AllRights/UNKNOWN/UNKNOWN
./netbeans-6.9.1-201007282301/tasklist.todo/src/org/netbeans/modules/tasklist/todo/settings/ToDoCustomizer.java,CDDLorGPLv2/GPLv2,2,2,8,3,1,#NAME?
./netbeans-6.9.1-201007282301/tasklist.todo/src/org/netbeans/modules/tasklist/todo/settings/ToDoCustomizer.java,CDDLorGPLv2/GPLv2,2,2,8,3,1,#NAME?
./netbeans-6.9.1-201007282301/kenai/src/org/codeviation/pojson/JsonUtils.java,CDDLorGPLv2/GPLv2,2,2,8,3,1,#NAME?
./netbeans-6.9.1-201007282301/dlight.perfan/src/org/netbeans/modules/dlight/perfan/util/TasksCachedProcessor.java,CDDLorGPLv2/GPLv2,2,2,8,2,1,#NAME?
./netbeans-6.9.1-201007282301/form/test/unit/src/org/netbeans/modules/form/layoutdesign/ALT_Bug124689.java,NONE,,,,,,
./netbeans-6.9.1-201007282301/identity.server.manager/src/org/netbeans/modules/identity/server/manager/ui/ProfileEditorPanel.java,CDDLorGPLv2/GPLv2,2,2,8,3,1,#NAME?
./netbeans-6.9.1-201007282301/java.source/src/org/netbeans/modules/java/ui/FmtImports.java,CDDLorGPLv2/GPLv2,2,2,8,3,1,#NAME?
./netbeans-6.9.1-201007282301/vmd.midpnb/src/org/netbeans/modules/vmd/midpnb/propertyeditors/SVGFormEditorElement.java,CDDLorGPLv2/GPLv2,2,2,8,3,1,#NAME?
./netbeans-6.9.1-201007282301/websvc.wsitconf/src/org/netbeans/modules/websvc/wsitconf/ui/service/subpanels/TargetsPanel.java,CDDLorGPLv2/GPLv2,2,2,8,3,1,#NAME?
./netbeans-6.9.1-201007282301/form/test/unit/src/org/netbeans/modules/form/layoutdesign/ALT_Bug124689.java,NONE,,,,,,
./netbeans-6.9.1-201007282301/identity.server.manager/src/org/netbeans/modules/identity/server/manager/ui/ProfileEditorPanel.java,CDDLorGPLv2/GPLv2,2,2,8,3,1,#NAME?
./netbeans-6.9.1-201007282301/java.source/src/org/netbeans/modules/java/ui/FmtImports.java,CDDLorGPLv2/GPLv2,2,2,8,3,1,#NAME?
./netbeans-6.9.1-201007282301/vmd.midpnb/src/org/netbeans/modules/vmd/midpnb/propertyeditors/SVGFormEditorElement.java,CDDLorGPLv2/GPLv2,2,2,8,3,1,#NAME?
./struts2-2.2.1-all/struts-2.2.1/src/xwork-core/src/main/java/com/opensymphony/xwork2/validator/validators/StringLengthFieldValidator.java,Apache-2,1,5,0,1,0,Copyright/5
./struts2-2.2.1-all/struts-2.2.1/src/xwork-core/src/main/java/com/opensymphony/xwork2/validator/validators/StringLengthFieldValidator.java,Apache-2,1,5,0,1,0,Copyright/5
./apache-maven-3.0/apache-maven-3.0/maven-core/src/test/projects/lifecycle-executor/project-with-additional-lifecycle-elements/src/test/java/org/apache/maven/lifecycle/test/AppTest.java,NONE,,,,,,
./apache-maven-3.0/apache-maven-3.0/maven-embedder/src/examples/simple-project/src/test/java/org/apache/maven/embedder/AppTest.java,NONE,,,,,,
./apache-maven-3.0/apache-maven-3.0/maven-embedder/src/test/embedder-test-project/src/test/java/org/apache/maven/AppTest.java,NONE,,,,,,
./apache-maven-3.0/apache-maven-3.0/maven-embedder/src/test/error-reporting-projects/err-resolving-project-dep/project/src/test/java/org/apache/maven/test/error/mojoFailure/AppTest.java,NONE,,,,,,
./apache-maven-3.0/apache-maven-3.0/maven-embedder/src/test/error-reporting-projects/missing-module-pom/child1/src/test/java/org/test/AppTest.java,NONE,,,,,,
./apache-maven-3.0/apache-maven-3.0/maven-embedder/src/test/error-reporting-projects/project-dep-missing/src/test/java/org/apache/maven/test/error/mojoFailure/AppTest.java,NONE,,,,,,
./apache-maven-3.0/apache-maven-3.0/maven-embedder/src/test/error-reporting-projects/project-mojo-failure/src/test/java/org/apache/maven/test/error/mojoFailure/AppTest.java,NONE,,,,,,
./apache-maven-3.0/apache-maven-3.0/maven-embedder/src/test/projects/isolated-project-getting-parent-pom/project/src/test/java/org/codehaus/m2eclipse/AppTest.java,NONE,,,,,,
./jstock-1.0.7c/jstock/src/org/yccheok/jstock/gui/ChangeStockInfoJDialog.java,SeeFile,1,1,0,0,0,1
./poi-3.6-20091214/poi-3.6/src/examples/src/org/apache/poi/xssf/usermodel/examples/CalendarDemo.java,Apache-2,1,5,2,0,0,0.2
./jhotdraw-7.5.1/jhotdraw_7.5.1/Source/jhotdraw7/src/main/java/org/jhotdraw/samples/color/CIEXYChromaticityDiagram.java,SeeFile,1,1,1,1,2,Copyright/-1/UNKNOWN/UNKNOWN/1
./netbeans-6.9.1-201007282301/dlight.visualizers/src/org/netbeans/modules/dlight/visualizers/CallStackTopComponent.java,CDDLorGPLv2/GPLv2,2,2,8,2,1,#NAME?
./netbeans-6.9.1-201007282301/dlight.visualizers/src/org/netbeans/modules/dlight/visualizers/ThreadMapTopComponent.java,CDDLorGPLv2/GPLv2,2,2,8,2,1,#NAME?
./apache-tomcat-7.0.2/apache-tomcat-7.0.2-src/test/org/apache/catalina/tribes/demos/MapDemo.java,Apache-2,1,5,2,0,0,0.2
./spring-framework-3.0.5/spring-framework-3.0.5.RELEASE/projects/org.springframework.context/src/main/java/org/springframework/context/annotation/ClassPathScanningCandidateComponentProvider.java,Apache-2,1,5,0,1,0,Copyright/5
./spring-framework-3.0.5/spring-framework-3.0.5.RELEASE/projects/org.springframework.context/src/main/java/org/springframework/context/annotation/ClassPathScanningCandidateComponentProvider.java,Apache-2,1,5,0,1,0,Copyright/5
./jhotdraw-7.5.1/jhotdraw_7.5.1/Source/jhotdraw7/src/main/java/org/jhotdraw/gui/plaf/palette/PaletteToolBarUI.java,SeeFile,1,1,1,1,2,Copyright/-1/UNKNOWN/UNKNOWN/1
./netbeans-6.9.1-201007282301/o.mozilla.rhino.patched/patched_files/org/mozilla/nb/javascript/ScriptRuntime.java,MPLv1_1,1,1,7,3,2,#NAME?
./spring-framework-3.0.5/spring-framework-3.0.5.RELEASE/projects/org.springframework.context.support/src/main/java/org/springframework/mail/javamail/JavaMailSenderImpl.java,Apache-2,1,5,0,1,0,Copyright/5
./jstock-1.0.7c/jstock/src/org/yccheok/jstock/gui/Utils.java,GPLv2+,1,1,3,1,0,Copyright/1/-1/-1/-1
./jung2-2_0_1/jung-samples-2.0.1/edu/uci/ics/jung/samples/TreeCollapseDemo.java,UNKNOWN,0,0,0,1,1,AllRights-TOOLONG/UNKNOWN
./jung2-2_0_1/jung-samples-2.0.1/edu/uci/ics/jung/samples/L2RTreeLayoutDemo.java,UNKNOWN,0,0,0,1,1,AllRights-TOOLONG/UNKNOWN
./jung2-2_0_1/jung-samples-2.0.1/edu/uci/ics/jung/samples/TreeCollapseDemo.java,UNKNOWN,0,0,0,1,1,AllRights-TOOLONG/UNKNOWN
./jung2-2_0_1/jung-samples-2.0.1/edu/uci/ics/jung/samples/TreeLayoutDemo.java,UNKNOWN,0,0,0,1,1,AllRights-TOOLONG/UNKNOWN
./jung2-2_0_1/jung-samples-2.0.1/edu/uci/ics/jung/samples/VertexLabelAsShapeDemo.java,UNKNOWN,0,0,0,1,1,AllRights-TOOLONG/UNKNOWN
./jung2-2_0_1/jung-jai-samples-2.0.1/edu/uci/ics/jung/samples/HyperbolicVertexImageShaperDemo.java,UNKNOWN,0,0,0,1,1,AllRights-TOOLONG/UNKNOWN
./jung2-2_0_1/jung-samples-2.0.1/edu/uci/ics/jung/samples/AnnotationsDemo.java,UNKNOWN,0,0,0,1,1,AllRights-TOOLONG/UNKNOWN
./jung2-2_0_1/jung-samples-2.0.1/edu/uci/ics/jung/samples/DrawnIconVertexDemo.java,UNKNOWN,0,0,0,1,1,AllRights-TOOLONG/UNKNOWN
./jung2-2_0_1/jung-samples-2.0.1/edu/uci/ics/jung/samples/GraphEditorDemo.java,UNKNOWN,0,0,0,1,1,AllRights-TOOLONG/UNKNOWN
./jung2-2_0_1/jung-samples-2.0.1/edu/uci/ics/jung/samples/GraphFromGraphMLDemo.java,UNKNOWN,0,0,0,1,1,AllRights-TOOLONG/UNKNOWN
./jung2-2_0_1/jung-samples-2.0.1/edu/uci/ics/jung/samples/GraphZoomScrollPaneDemo.java,UNKNOWN,0,0,0,1,1,AllRights-TOOLONG/UNKNOWN
./jung2-2_0_1/jung-samples-2.0.1/edu/uci/ics/jung/samples/ImageEdgeLabelDemo.java,UNKNOWN,0,0,0,1,1,AllRights-TOOLONG/UNKNOWN
./jung2-2_0_1/jung-samples-2.0.1/edu/uci/ics/jung/samples/InternalFrameSatelliteViewDemo.java,UNKNOWN,0,0,0,1,1,AllRights-TOOLONG/UNKNOWN
./jung2-2_0_1/jung-samples-2.0.1/edu/uci/ics/jung/samples/L2RTreeLayoutDemo.java,UNKNOWN,0,0,0,1,1,AllRights-TOOLONG/UNKNOWN
./jung2-2_0_1/jung-samples-2.0.1/edu/uci/ics/jung/samples/LensDemo.java,UNKNOWN,0,0,0,1,1,AllRights-TOOLONG/UNKNOWN
./jung2-2_0_1/jung-samples-2.0.1/edu/uci/ics/jung/samples/LensVertexImageShaperDemo.java,UNKNOWN,0,0,0,1,1,AllRights-TOOLONG/UNKNOWN
./jung2-2_0_1/jung-samples-2.0.1/edu/uci/ics/jung/samples/PluggableRendererDemo.java,UNKNOWN,0,0,0,1,1,AllRights-TOOLONG/UNKNOWN
./jung2-2_0_1/jung-samples-2.0.1/edu/uci/ics/jung/samples/RadialTreeLensDemo.java,UNKNOWN,0,0,0,1,1,AllRights-TOOLONG/UNKNOWN
./jung2-2_0_1/jung-samples-2.0.1/edu/uci/ics/jung/samples/ShowLayouts.java,UNKNOWN,0,0,0,1,1,AllRights-TOOLONG/UNKNOWN
./jung2-2_0_1/jung-samples-2.0.1/edu/uci/ics/jung/samples/SubLayoutDemo.java,UNKNOWN,0,0,0,1,1,AllRights-TOOLONG/UNKNOWN
./jung2-2_0_1/jung-samples-2.0.1/edu/uci/ics/jung/samples/TreeCollapseDemo.java,UNKNOWN,0,0,0,1,1,AllRights-TOOLONG/UNKNOWN
./jung2-2_0_1/jung-samples-2.0.1/edu/uci/ics/jung/samples/TreeLayoutDemo.java,UNKNOWN,0,0,0,1,1,AllRights-TOOLONG/UNKNOWN
./jung2-2_0_1/jung-samples-2.0.1/edu/uci/ics/jung/samples/UnicodeLabelDemo.java,UNKNOWN,0,0,0,1,1,AllRights-TOOLONG/UNKNOWN
./jung2-2_0_1/jung-samples-2.0.1/edu/uci/ics/jung/samples/VertexCollapseDemo.java,UNKNOWN,0,0,0,1,1,AllRights-TOOLONG/UNKNOWN
./jung2-2_0_1/jung-samples-2.0.1/edu/uci/ics/jung/samples/VertexCollapseDemoWithLayouts.java,UNKNOWN,0,0,0,1,1,AllRights-TOOLONG/UNKNOWN
./jung2-2_0_1/jung-samples-2.0.1/edu/uci/ics/jung/samples/VertexImageShaperDemo.java,UNKNOWN,0,0,0,1,1,AllRights-TOOLONG/UNKNOWN
./jung2-2_0_1/jung-samples-2.0.1/edu/uci/ics/jung/samples/VertexLabelAsShapeDemo.java,UNKNOWN,0,0,0,1,1,AllRights-TOOLONG/UNKNOWN
./jung2-2_0_1/jung-samples-2.0.1/edu/uci/ics/jung/samples/VertexLabelPositionDemo.java,UNKNOWN,0,0,0,1,1,AllRights-TOOLONG/UNKNOWN
./jung2-2_0_1/jung-samples-2.0.1/edu/uci/ics/jung/samples/WorldMapGraphDemo.java,UNKNOWN,0,0,0,1,1,AllRights-TOOLONG/UNKNOWN
./jung2-2_0_1/jung-jai-samples-2.0.1/edu/uci/ics/jung/samples/HyperbolicVertexImageShaperDemo.java,UNKNOWN,0,0,0,1,1,AllRights-TOOLONG/UNKNOWN
./jung2-2_0_1/jung-samples-2.0.1/edu/uci/ics/jung/samples/AnnotationsDemo.java,UNKNOWN,0,0,0,1,1,AllRights-TOOLONG/UNKNOWN
./jung2-2_0_1/jung-samples-2.0.1/edu/uci/ics/jung/samples/BalloonLayoutDemo.java,UNKNOWN,0,0,0,1,1,AllRights-TOOLONG/UNKNOWN
./jung2-2_0_1/jung-samples-2.0.1/edu/uci/ics/jung/samples/DrawnIconVertexDemo.java,UNKNOWN,0,0,0,1,1,AllRights-TOOLONG/UNKNOWN
./jung2-2_0_1/jung-samples-2.0.1/edu/uci/ics/jung/samples/EdgeLabelDemo.java,UNKNOWN,0,0,0,1,1,AllRights-TOOLONG/UNKNOWN
./jung2-2_0_1/jung-samples-2.0.1/edu/uci/ics/jung/samples/GraphEditorDemo.java,UNKNOWN,0,0,0,1,1,AllRights-TOOLONG/UNKNOWN
./jung2-2_0_1/jung-samples-2.0.1/edu/uci/ics/jung/samples/GraphFromGraphMLDemo.java,UNKNOWN,0,0,0,1,1,AllRights-TOOLONG/UNKNOWN
./jung2-2_0_1/jung-samples-2.0.1/edu/uci/ics/jung/samples/GraphZoomScrollPaneDemo.java,UNKNOWN,0,0,0,1,1,AllRights-TOOLONG/UNKNOWN
./jung2-2_0_1/jung-samples-2.0.1/edu/uci/ics/jung/samples/ImageEdgeLabelDemo.java,UNKNOWN,0,0,0,1,1,AllRights-TOOLONG/UNKNOWN
./jung2-2_0_1/jung-samples-2.0.1/edu/uci/ics/jung/samples/InternalFrameSatelliteViewDemo.java,UNKNOWN,0,0,0,1,1,AllRights-TOOLONG/UNKNOWN
./jung2-2_0_1/jung-samples-2.0.1/edu/uci/ics/jung/samples/L2RTreeLayoutDemo.java,UNKNOWN,0,0,0,1,1,AllRights-TOOLONG/UNKNOWN
./jung2-2_0_1/jung-samples-2.0.1/edu/uci/ics/jung/samples/LensDemo.java,UNKNOWN,0,0,0,1,1,AllRights-TOOLONG/UNKNOWN
./jung2-2_0_1/jung-samples-2.0.1/edu/uci/ics/jung/samples/LensVertexImageShaperDemo.java,UNKNOWN,0,0,0,1,1,AllRights-TOOLONG/UNKNOWN
./jung2-2_0_1/jung-samples-2.0.1/edu/uci/ics/jung/samples/PluggableRendererDemo.java,UNKNOWN,0,0,0,1,1,AllRights-TOOLONG/UNKNOWN
./jung2-2_0_1/jung-samples-2.0.1/edu/uci/ics/jung/samples/RadialTreeLensDemo.java,UNKNOWN,0,0,0,1,1,AllRights-TOOLONG/UNKNOWN
./jung2-2_0_1/jung-samples-2.0.1/edu/uci/ics/jung/samples/ShowLayouts.java,UNKNOWN,0,0,0,1,1,AllRights-TOOLONG/UNKNOWN
./jung2-2_0_1/jung-samples-2.0.1/edu/uci/ics/jung/samples/SubLayoutDemo.java,UNKNOWN,0,0,0,1,1,AllRights-TOOLONG/UNKNOWN
./jung2-2_0_1/jung-samples-2.0.1/edu/uci/ics/jung/samples/TreeCollapseDemo.java,UNKNOWN,0,0,0,1,1,AllRights-TOOLONG/UNKNOWN
./jung2-2_0_1/jung-samples-2.0.1/edu/uci/ics/jung/samples/TreeLayoutDemo.java,UNKNOWN,0,0,0,1,1,AllRights-TOOLONG/UNKNOWN
./jung2-2_0_1/jung-samples-2.0.1/edu/uci/ics/jung/samples/UnicodeLabelDemo.java,UNKNOWN,0,0,0,1,1,AllRights-TOOLONG/UNKNOWN
./jung2-2_0_1/jung-samples-2.0.1/edu/uci/ics/jung/samples/VertexCollapseDemo.java,UNKNOWN,0,0,0,1,1,AllRights-TOOLONG/UNKNOWN
./jung2-2_0_1/jung-samples-2.0.1/edu/uci/ics/jung/samples/VertexCollapseDemoWithLayouts.java,UNKNOWN,0,0,0,1,1,AllRights-TOOLONG/UNKNOWN
./jung2-2_0_1/jung-samples-2.0.1/edu/uci/ics/jung/samples/VertexImageShaperDemo.java,UNKNOWN,0,0,0,1,1,AllRights-TOOLONG/UNKNOWN
./jung2-2_0_1/jung-samples-2.0.1/edu/uci/ics/jung/samples/VertexLabelAsShapeDemo.java,UNKNOWN,0,0,0,1,1,AllRights-TOOLONG/UNKNOWN
./jung2-2_0_1/jung-samples-2.0.1/edu/uci/ics/jung/samples/VertexLabelPositionDemo.java,UNKNOWN,0,0,0,1,1,AllRights-TOOLONG/UNKNOWN
./jung2-2_0_1/jung-samples-2.0.1/edu/uci/ics/jung/samples/WorldMapGraphDemo.java,UNKNOWN,0,0,0,1,1,AllRights-TOOLONG/UNKNOWN
./jung2-2_0_1/jung-samples-2.0.1/edu/uci/ics/jung/samples/TreeCollapseDemo.java,UNKNOWN,0,0,0,1,1,AllRights-TOOLONG/UNKNOWN
./jung2-2_0_1/jung-samples-2.0.1/edu/uci/ics/jung/samples/L2RTreeLayoutDemo.java,UNKNOWN,0,0,0,1,1,AllRights-TOOLONG/UNKNOWN
./jung2-2_0_1/jung-samples-2.0.1/edu/uci/ics/jung/samples/TreeCollapseDemo.java,UNKNOWN,0,0,0,1,1,AllRights-TOOLONG/UNKNOWN
./jung2-2_0_1/jung-samples-2.0.1/edu/uci/ics/jung/samples/TreeLayoutDemo.java,UNKNOWN,0,0,0,1,1,AllRights-TOOLONG/UNKNOWN
./jung2-2_0_1/jung-samples-2.0.1/edu/uci/ics/jung/samples/TreeCollapseDemo.java,UNKNOWN,0,0,0,1,1,AllRights-TOOLONG/UNKNOWN
./jung2-2_0_1/jung-samples-2.0.1/edu/uci/ics/jung/samples/TreeCollapseDemo.java,UNKNOWN,0,0,0,1,1,AllRights-TOOLONG/UNKNOWN
./jung2-2_0_1/jung-samples-2.0.1/edu/uci/ics/jung/samples/VertexCollapseDemo.java,UNKNOWN,0,0,0,1,1,AllRights-TOOLONG/UNKNOWN
./netbeans-6.9.1-201007282301/form/test/qa-functional/src/org/netbeans/qa/form/VisualDevelopmentUtil.java,NONE,,,,,,
./jstock-1.0.7c/jstock/src/org/yccheok/jstock/alert/GoogleMail.java,GPLv2+,1,1,3,1,0,Copyright/1/-1/-1/-1
./weka-3-7-9/src/main/java/weka/gui/beans/KnowledgeFlowApp.java,GPLv3+,1,1,5,1,1,#NAME?
./weka-3-7-9/src/main/java/weka/gui/beans/KnowledgeFlowApp.java,GPLv3+,1,1,5,1,1,#NAME?
./netbeans-6.9.1-201007282301/form/test/unit/src/org/netbeans/modules/form/layoutdesign/ALT_Bug124689.java,NONE,,,,,,
./netbeans-6.9.1-201007282301/identity.server.manager/src/org/netbeans/modules/identity/server/manager/ui/ProfileEditorPanel.java,CDDLorGPLv2/GPLv2,2,2,8,3,1,#NAME?
./netbeans-6.9.1-201007282301/java.source/src/org/netbeans/modules/java/ui/FmtImports.java,CDDLorGPLv2/GPLv2,2,2,8,3,1,#NAME?
./netbeans-6.9.1-201007282301/vmd.midpnb/src/org/netbeans/modules/vmd/midpnb/propertyeditors/SVGFormEditorElement.java,CDDLorGPLv2/GPLv2,2,2,8,3,1,#NAME?
./netbeans-6.9.1-201007282301/websvc.wsitconf/src/org/netbeans/modules/websvc/wsitconf/ui/service/subpanels/TargetsPanel.java,CDDLorGPLv2/GPLv2,2,2,8,3,1,#NAME?
./netbeans-6.9.1-201007282301/editor.macros/src/org/netbeans/modules/editor/macros/storage/ui/MacrosPanel.java,CDDLorGPLv2/GPLv2,2,2,8,3,1,#NAME?
./netbeans-6.9.1-201007282301/form/test/unit/src/org/netbeans/modules/form/layoutdesign/ALT_Bug124689.java,NONE,,,,,,
./netbeans-6.9.1-201007282301/identity.server.manager/src/org/netbeans/modules/identity/server/manager/ui/ProfileEditorPanel.java,CDDLorGPLv2/GPLv2,2,2,8,3,1,#NAME?
./netbeans-6.9.1-201007282301/j2ee.clientproject/src/org/netbeans/modules/j2ee/clientproject/ui/customizer/CustomizerLibraries.java,CDDLorGPLv2/GPLv2,2,2,8,3,1,#NAME?
./netbeans-6.9.1-201007282301/j2ee.ddloaders/src/org/netbeans/modules/j2ee/ddloaders/web/multiview/SecurityRolesEditorPanel.java,CDDLorGPLv2/GPLv2,2,2,8,3,1,#NAME?
./netbeans-6.9.1-201007282301/j2ee.ddloaders/src/org/netbeans/modules/j2ee/ddloaders/web/multiview/SecurityRolesEditorPanel.java,CDDLorGPLv2/GPLv2,2,2,8,3,1,#NAME?
./netbeans-6.9.1-201007282301/j2ee.ejbjarproject/src/org/netbeans/modules/j2ee/ejbjarproject/ui/customizer/CustomizerLibraries.java,CDDLorGPLv2/GPLv2,2,2,8,3,1,#NAME?
./netbeans-6.9.1-201007282301/java.source/src/org/netbeans/modules/java/ui/FmtImports.java,CDDLorGPLv2/GPLv2,2,2,8,3,1,#NAME?
./netbeans-6.9.1-201007282301/tasklist.todo/src/org/netbeans/modules/tasklist/todo/settings/ToDoCustomizer.java,CDDLorGPLv2/GPLv2,2,2,8,3,1,#NAME?
./netbeans-6.9.1-201007282301/vmd.midpnb/src/org/netbeans/modules/vmd/midpnb/propertyeditors/SVGFormEditorElement.java,CDDLorGPLv2/GPLv2,2,2,8,3,1,#NAME?
./netbeans-6.9.1-201007282301/web.project/src/org/netbeans/modules/web/project/ui/customizer/CustomizerLibraries.java,CDDLorGPLv2/GPLv2,2,2,8,3,1,#NAME?
./netbeans-6.9.1-201007282301/web.project/src/org/netbeans/modules/web/project/ui/wizards/PanelSupportedFrameworksVisual.java,CDDLorGPLv2/GPLv2,2,2,8,3,1,#NAME?
./netbeans-6.9.1-201007282301/web.struts/src/org/netbeans/modules/web/struts/wizards/FormBeanPropertiesPanelVisual.java,CDDLorGPLv2/GPLv2,2,2,8,3,1,#NAME?
./netbeans-6.9.1-201007282301/websvc.wsitconf/src/org/netbeans/modules/websvc/wsitconf/ui/service/subpanels/TargetsPanel.java,CDDLorGPLv2/GPLv2,2,2,8,3,1,#NAME?
./apache-tomcat-7.0.2/apache-tomcat-7.0.2-src/java/org/apache/tomcat/util/http/fileupload/IOUtils.java,Apache-2,1,5,2,0,0,0.2
./jstock-1.0.7c/jstock/src/org/yccheok/jstock/gui/Utils.java,GPLv2+,1,1,3,1,0,Copyright/1/-1/-1/-1
./netbeans-6.9.1-201007282301/java.source/test/qa-functional/src/org/netbeans/test/java/Utilities.java,CDDLorGPLv2/GPLv2,2,2,8,3,1,#NAME?
./jstock-1.0.7c/jstock/src/org/yccheok/jstock/gui/Utils.java,GPLv2+,1,1,3,1,0,Copyright/1/-1/-1/-1
./jstock-1.0.7c/jstock/src/org/yccheok/jstock/gui/Utils.java,GPLv2+,1,1,3,1,0,Copyright/1/-1/-1/-1
./jhotdraw-7.5.1/jhotdraw_7.5.1/Source/jhotdraw7/src/main/java/org/jhotdraw/util/Images.java,SeeFile,1,1,1,1,2,Copyright/-1/UNKNOWN/UNKNOWN/1
./jhotdraw-7.5.1/jhotdraw_7.5.1/Source/jhotdraw7/src/main/java/org/jhotdraw/util/Images.java,SeeFile,1,1,1,1,2,Copyright/-1/UNKNOWN/UNKNOWN/1
./jstock-1.0.7c/jstock/src/org/yccheok/jstock/gui/Utils.java,GPLv2+,1,1,3,1,0,Copyright/1/-1/-1/-1
./netbeans-6.9.1-201007282301/editor.macros/src/org/netbeans/modules/editor/macros/storage/ui/MacrosPanel.java,CDDLorGPLv2/GPLv2,2,2,8,3,1,#NAME?
./netbeans-6.9.1-201007282301/form/test/unit/src/org/netbeans/modules/form/layoutdesign/ALT_Bug124689.java,NONE,,,,,,
./netbeans-6.9.1-201007282301/identity.server.manager/src/org/netbeans/modules/identity/server/manager/ui/ProfileEditorPanel.java,CDDLorGPLv2/GPLv2,2,2,8,3,1,#NAME?
./netbeans-6.9.1-201007282301/j2ee.clientproject/src/org/netbeans/modules/j2ee/clientproject/ui/customizer/CustomizerLibraries.java,CDDLorGPLv2/GPLv2,2,2,8,3,1,#NAME?
./netbeans-6.9.1-201007282301/j2ee.ddloaders/src/org/netbeans/modules/j2ee/ddloaders/web/multiview/SecurityRolesEditorPanel.java,CDDLorGPLv2/GPLv2,2,2,8,3,1,#NAME?
./netbeans-6.9.1-201007282301/j2ee.ddloaders/src/org/netbeans/modules/j2ee/ddloaders/web/multiview/SecurityRolesEditorPanel.java,CDDLorGPLv2/GPLv2,2,2,8,3,1,#NAME?
./netbeans-6.9.1-201007282301/j2ee.ejbjarproject/src/org/netbeans/modules/j2ee/ejbjarproject/ui/customizer/CustomizerLibraries.java,CDDLorGPLv2/GPLv2,2,2,8,3,1,#NAME?
./netbeans-6.9.1-201007282301/java.source/src/org/netbeans/modules/java/ui/FmtImports.java,CDDLorGPLv2/GPLv2,2,2,8,3,1,#NAME?
./netbeans-6.9.1-201007282301/tasklist.todo/src/org/netbeans/modules/tasklist/todo/settings/ToDoCustomizer.java,CDDLorGPLv2/GPLv2,2,2,8,3,1,#NAME?
./netbeans-6.9.1-201007282301/vmd.midpnb/src/org/netbeans/modules/vmd/midpnb/propertyeditors/SVGFormEditorElement.java,CDDLorGPLv2/GPLv2,2,2,8,3,1,#NAME?
./netbeans-6.9.1-201007282301/web.project/src/org/netbeans/modules/web/project/ui/customizer/CustomizerLibraries.java,CDDLorGPLv2/GPLv2,2,2,8,3,1,#NAME?
./netbeans-6.9.1-201007282301/web.project/src/org/netbeans/modules/web/project/ui/wizards/PanelSupportedFrameworksVisual.java,CDDLorGPLv2/GPLv2,2,2,8,3,1,#NAME?
./netbeans-6.9.1-201007282301/web.struts/src/org/netbeans/modules/web/struts/wizards/FormBeanPropertiesPanelVisual.java,CDDLorGPLv2/GPLv2,2,2,8,3,1,#NAME?
./netbeans-6.9.1-201007282301/websvc.wsitconf/src/org/netbeans/modules/websvc/wsitconf/ui/service/subpanels/TargetsPanel.java,CDDLorGPLv2/GPLv2,2,2,8,3,1,#NAME?
./jhotdraw-7.5.1/jhotdraw_7.5.1/Source/jhotdraw7/src/main/java/org/jhotdraw/gui/VerticalGridLayout.java,SeeFile,1,1,1,1,2,Copyright/-1/UNKNOWN/UNKNOWN/1
./jhotdraw-7.5.1/jhotdraw_7.5.1/Source/jhotdraw7/src/main/java/org/jhotdraw/gui/VerticalGridLayout.java,SeeFile,1,1,1,1,2,Copyright/-1/UNKNOWN/UNKNOWN/1
./netbeans-6.9.1-201007282301/debugger.jpda/src/org/netbeans/modules/debugger/jpda/expr/InvocationExceptionTranslated.java,CDDLorGPLv2/GPLv2,2,2,8,2,1,#NAME?
./netbeans-6.9.1-201007282301/javahelp/src/org/netbeans/modules/javahelp/BrowserDisplayer.java,CDDLorGPLv2/GPLv2,2,2,8,3,1,#NAME?
./apache-tomcat-7.0.2/apache-tomcat-7.0.2-src/java/javax/servlet/http/HttpUtils.java,Apache-2,1,5,2,0,0,0.2
./jhotdraw-7.5.1/jhotdraw_7.5.1/Source/jhotdraw7/src/main/java/org/jhotdraw/gui/VerticalGridLayout.java,SeeFile,1,1,1,1,2,Copyright/-1/UNKNOWN/UNKNOWN/1
./apache-tomcat-7.0.2/apache-tomcat-7.0.2-src/java/org/apache/coyote/http11/filters/GzipOutputFilter.java,Apache-2,1,5,2,0,0,0.2
./poi-3.6-20091214/poi-3.6/src/ooxml/java/org/apache/poi/xssf/usermodel/XSSFCell.java,Apache-2,1,5,2,0,0,0.2
./netbeans-6.9.1-201007282301/j2ee.sun.ddui/src/org/netbeans/modules/j2ee/sun/validation/util/Utils.java,CDDLorGPLv2/GPLv2,2,2,8,3,1,#NAME?
./jung2-2_0_1/jung-samples-2.0.1/edu/uci/ics/jung/samples/LensDemo.java,UNKNOWN,0,0,0,1,1,AllRights-TOOLONG/UNKNOWN
./Compiere_330_Source/ad/src/org/compiere/util/CachedRowSetImpl.java,UNKNOWN,0,0,0,2,4,AllRights-TOOLONG/UNKNOWN/UNKNOWN/GPLseeDetailsVer0/UNKNOWN/UNKNOWN
./iReport-3.7.5-src/jasperserver-plugin/src/com/jaspersoft/ireport/jasperserver/ws/IReportTrustManager.java,UNKNOWN,0,0,0,5,4,Copyright/AllRights/UNKNOWN/UNKNOWN/UNKNOWN/FSFwarranty/AGPLseeVer0/UNKNOWN/GNUurl
./iReport-3.7.5-src/jasperserver-plugin/src/com/jaspersoft/ireport/jasperserver/ws/IReportTrustManager.java,UNKNOWN,0,0,0,5,4,Copyright/AllRights/UNKNOWN/UNKNOWN/UNKNOWN/FSFwarranty/AGPLseeVer0/UNKNOWN/GNUurl
./iReport-3.7.5-src/jasperserver-plugin/src/com/jaspersoft/ireport/jasperserver/ws/IReportTrustManager.java,UNKNOWN,0,0,0,5,4,Copyright/AllRights/UNKNOWN/UNKNOWN/UNKNOWN/FSFwarranty/AGPLseeVer0/UNKNOWN/GNUurl
./iReport-3.7.5-src/jasperserver-plugin/src/com/jaspersoft/ireport/jasperserver/ws/IReportTrustManager.java,UNKNOWN,0,0,0,5,4,Copyright/AllRights/UNKNOWN/UNKNOWN/UNKNOWN/FSFwarranty/AGPLseeVer0/UNKNOWN/GNUurl
./struts2-2.2.1-all/struts-2.2.1/src/xwork-core/src/main/java/com/opensymphony/xwork2/validator/validators/StringLengthFieldValidator.java,Apache-2,1,5,0,1,0,Copyright/5
./jhotdraw-7.5.1/jhotdraw_7.5.1/Source/jhotdraw7/src/main/java/org/jhotdraw/util/Images.java,SeeFile,1,1,1,1,2,Copyright/-1/UNKNOWN/UNKNOWN/1
./jstock-1.0.7c/jstock/src/org/yccheok/jstock/gui/Utils.java,GPLv2+,1,1,3,1,0,Copyright/1/-1/-1/-1
./jstock-1.0.7c/jstock/src/org/yccheok/jstock/gui/Utils.java,GPLv2+,1,1,3,1,0,Copyright/1/-1/-1/-1
./jstock-1.0.7c/jstock/src/org/yccheok/jstock/alert/GoogleMail.java,GPLv2+,1,1,3,1,0,Copyright/1/-1/-1/-1
./apache-tomcat-7.0.2/apache-tomcat-7.0.2-src/java/org/apache/tomcat/util/http/fileupload/IOUtils.java,Apache-2,1,5,2,0,0,0.2
./struts2-2.2.1-all/struts-2.2.1/src/xwork-core/src/main/java/com/opensymphony/xwork2/util/classloader/JarResourceStore.java,Apache-2,1,5,0,1,0,Copyright/5
./jstock-1.0.7c/jstock/src/org/yccheok/jstock/gui/Utils.java,GPLv2+,1,1,3,1,0,Copyright/1/-1/-1/-1
./jhotdraw-7.5.1/jhotdraw_7.5.1/Source/jhotdraw7/src/main/java/org/jhotdraw/gui/plaf/palette/PaletteListCellRenderer.java,SeeFile,1,1,1,1,2,Copyright/-1/UNKNOWN/UNKNOWN/1
./apache-log4j-1.2.16/apache-log4j-1.2.16/src/main/java/org/apache/log4j/net/SMTPAppender.java,Apache-2,1,5,2,0,0,0.2
./Compiere_330_Source/ad/src/org/compiere/translate/AmtInWords_EN.java,UNKNOWN,0,0,0,2,4,AllRights-TOOLONG/UNKNOWN/UNKNOWN/GPLseeDetailsVer0/UNKNOWN/UNKNOWN
./Compiere_330_Source/ad/src/org/compiere/translate/AmtInWords_EN.java,UNKNOWN,0,0,0,2,4,AllRights-TOOLONG/UNKNOWN/UNKNOWN/GPLseeDetailsVer0/UNKNOWN/UNKNOWN
./jgraphpad-5.10.0.2-src/src/org/jgraph/pad/graphcellsbase/JGraphSwimlaneView.java,LesserGPLv2.1+,1,1,3,1,0,Copyright/1/-1/-1/-1
./Compiere_330_Source/ad/src/org/compiere/translate/AmtInWords_EN.java,UNKNOWN,0,0,0,2,4,AllRights-TOOLONG/UNKNOWN/UNKNOWN/GPLseeDetailsVer0/UNKNOWN/UNKNOWN
./Compiere_330_Source/ad/src/org/compiere/translate/AmtInWords_FR.java,UNKNOWN,0,0,0,2,4,AllRights-TOOLONG/UNKNOWN/UNKNOWN/GPLseeDetailsVer0/UNKNOWN/UNKNOWN
./Compiere_330_Source/ad/src/org/compiere/translate/AmtInWords_FR.java,UNKNOWN,0,0,0,2,4,AllRights-TOOLONG/UNKNOWN/UNKNOWN/GPLseeDetailsVer0/UNKNOWN/UNKNOWN
./Compiere_330_Source/ad/src/org/compiere/translate/AmtInWords_EN.java,UNKNOWN,0,0,0,2,4,AllRights-TOOLONG/UNKNOWN/UNKNOWN/GPLseeDetailsVer0/UNKNOWN/UNKNOWN
./Compiere_330_Source/ad/src/org/compiere/translate/AmtInWords_FR.java,UNKNOWN,0,0,0,2,4,AllRights-TOOLONG/UNKNOWN/UNKNOWN/GPLseeDetailsVer0/UNKNOWN/UNKNOWN
./Compiere_330_Source/ad/src/org/compiere/translate/AmtInWords_FR.java,UNKNOWN,0,0,0,2,4,AllRights-TOOLONG/UNKNOWN/UNKNOWN/GPLseeDetailsVer0/UNKNOWN/UNKNOWN
./Compiere_330_Source/ad/src/org/compiere/translate/AmtInWords_FR.java,UNKNOWN,0,0,0,2,4,AllRights-TOOLONG/UNKNOWN/UNKNOWN/GPLseeDetailsVer0/UNKNOWN/UNKNOWN
./Compiere_330_Source/ad/src/org/compiere/translate/AmtInWords_FR.java,UNKNOWN,0,0,0,2,4,AllRights-TOOLONG/UNKNOWN/UNKNOWN/GPLseeDetailsVer0/UNKNOWN/UNKNOWN
./AoIsrc281/ArtOfIllusion/src/artofillusion/math/SimplexNoise.java,GPLv2+,1,1,2,1,0,Copyright/1/-1/-1
./freemind-src-0.9.0/accessories/plugins/dialogs/ArrayListTransferHandler.java,GPLv2+,1,1,3,1,2,Copyright/1/-1/-1/-1/UNKNOWN/UNKNOWN
./freemind-src-0.9.0/accessories/plugins/dialogs/ArrayListTransferHandler.java,GPLv2+,1,1,3,1,2,Copyright/1/-1/-1/-1/UNKNOWN/UNKNOWN
./freemind-src-0.9.0/accessories/plugins/dialogs/ArrayListTransferHandler.java,GPLv2+,1,1,3,1,2,Copyright/1/-1/-1/-1/UNKNOWN/UNKNOWN
./geotools-2.7-M3/modules/unsupported/swing/src/main/java/org/jdesktop/swingworker/SwingWorker.java,UNKNOWN,0,0,0,1,2,AllRights/UNKNOWN/UNKNOWN
./iText-src-5.0.3/core/com/itextpdf/text/pdf/BarcodeEAN.java,UNKNOWN,0,0,0,3,8,Copyright/UNKNOWN/UNKNOWN/FSFwarranty/AGPLseeVer0/UNKNOWN/UNKNOWN/UNKNOWN/UNKNOWN/UNKNOWN/UNKNOWN
./Vuze_4812_source/org/bouncycastle/crypto/generators/OpenSSLPBEParametersGenerator.java,NONE,,,,,,
./netbeans-6.9.1-201007282301/mobility.midpexamples/LocalizationDemo/src/l10ndemo/LocalizationSupport.java,spdxBSD3,1,6,1,1,0,Copyright/-1/6
./netbeans-6.9.1-201007282301/properties/src/org/netbeans/modules/properties/UtilConvert.java,CDDLorGPLv2/GPLv2,2,2,8,3,1,#NAME?
./pooka_080505/net/suberic/util/FileVariableBundle.java,NONE,,,,,,