0.833333333,stackoverflow_formatted/12293735_3.java,92,97,apache-maven-3.0/apache-maven-3.0/maven-model-builder/src/main/java/org/apache/maven/model/interpolation/ProblemDetectingValueSource.java,13,18, stackoverflow_formatted/12293735_3.java,93,99,apache-maven-3.0/apache-maven-3.0/maven-model-builder/src/main/java/org/apache/maven/model/interpolation/ProblemDetectingValueSource.java,14,19
0.833333333,stackoverflow_formatted/12293735_3.java,92,97,apache-maven-3.0/apache-maven-3.0/maven-compat/src/main/java/org/apache/maven/repository/VersionNotFoundException.java,13,20, stackoverflow_formatted/12293735_3.java,93,99,apache-maven-3.0/apache-maven-3.0/maven-compat/src/main/java/org/apache/maven/repository/VersionNotFoundException.java,16,21
0.833333333,stackoverflow_formatted/12293735_3.java,92,97,lucene-4.3.0/lucene-4.3.0/core/src/java/org/apache/lucene/codecs/lucene3x/TermInfo.java,21,26, stackoverflow_formatted/12293735_3.java,93,99,lucene-4.3.0/lucene-4.3.0/core/src/java/org/apache/lucene/codecs/lucene3x/TermInfo.java,22,27
0.833333333,stackoverflow_formatted/12293735_3.java,92,97,lucene-4.3.0/lucene-4.3.0/highlighter/src/java/org/apache/lucene/search/vectorhighlight/FastVectorHighlighter.java,21,26, stackoverflow_formatted/12293735_3.java,93,99,lucene-4.3.0/lucene-4.3.0/highlighter/src/java/org/apache/lucene/search/vectorhighlight/FastVectorHighlighter.java,22,27
0.833333333,stackoverflow_formatted/12293735_3.java,92,97,lucene-4.3.0/lucene-4.3.0/queryparser/src/test/org/apache/lucene/queryparser/surround/query/BooleanQueryTst.java,26,33, stackoverflow_formatted/12293735_3.java,93,99,lucene-4.3.0/lucene-4.3.0/queryparser/src/test/org/apache/lucene/queryparser/surround/query/BooleanQueryTst.java,29,34
0.714285714,stackoverflow_formatted/12293735_3.java,82,89,lucene-4.3.0/lucene-4.3.0/core/src/java/org/apache/lucene/codecs/lucene3x/TermInfo.java,21,26, stackoverflow_formatted/12293735_3.java,85,91,lucene-4.3.0/lucene-4.3.0/core/src/java/org/apache/lucene/codecs/lucene3x/TermInfo.java,22,27
0.714285714,stackoverflow_formatted/12293735_3.java,82,89,lucene-4.3.0/lucene-4.3.0/highlighter/src/java/org/apache/lucene/search/vectorhighlight/FastVectorHighlighter.java,21,26, stackoverflow_formatted/12293735_3.java,85,91,lucene-4.3.0/lucene-4.3.0/highlighter/src/java/org/apache/lucene/search/vectorhighlight/FastVectorHighlighter.java,22,27
1,stackoverflow_formatted/12293735_3.java,82,89,lucene-4.3.0/lucene-4.3.0/codecs/src/java/org/apache/lucene/codecs/sep/SepPostingsWriter.java,174,180, stackoverflow_formatted/12293735_3.java,84,88,lucene-4.3.0/lucene-4.3.0/codecs/src/java/org/apache/lucene/codecs/sep/SepPostingsWriter.java,175,179
1,stackoverflow_formatted/12293735_3.java,82,89,lucene-4.3.0/lucene-4.3.0/codecs/src/java/org/apache/lucene/codecs/sep/SepPostingsWriter.java,174,180, stackoverflow_formatted/12293735_3.java,83,87,lucene-4.3.0/lucene-4.3.0/codecs/src/java/org/apache/lucene/codecs/sep/SepPostingsWriter.java,175,179
1,stackoverflow_formatted/12293735_3.java,82,89,lucene-4.3.0/lucene-4.3.0/highlighter/src/java/org/apache/lucene/search/vectorhighlight/FieldTermStack.java,78,84, stackoverflow_formatted/12293735_3.java,84,88,lucene-4.3.0/lucene-4.3.0/highlighter/src/java/org/apache/lucene/search/vectorhighlight/FieldTermStack.java,79,83
1,stackoverflow_formatted/12293735_3.java,82,89,lucene-4.3.0/lucene-4.3.0/highlighter/src/java/org/apache/lucene/search/vectorhighlight/FieldTermStack.java,78,84, stackoverflow_formatted/12293735_3.java,83,87,lucene-4.3.0/lucene-4.3.0/highlighter/src/java/org/apache/lucene/search/vectorhighlight/FieldTermStack.java,79,83
1,stackoverflow_formatted/12293735_3.java,82,89,lucene-4.3.0/lucene-4.3.0/codecs/src/java/org/apache/lucene/codecs/memory/DirectPostingsFormat.java,116,122, stackoverflow_formatted/12293735_3.java,84,88,lucene-4.3.0/lucene-4.3.0/codecs/src/java/org/apache/lucene/codecs/memory/DirectPostingsFormat.java,117,121
1,stackoverflow_formatted/12293735_3.java,82,89,lucene-4.3.0/lucene-4.3.0/codecs/src/java/org/apache/lucene/codecs/memory/DirectPostingsFormat.java,116,122, stackoverflow_formatted/12293735_3.java,83,87,lucene-4.3.0/lucene-4.3.0/codecs/src/java/org/apache/lucene/codecs/memory/DirectPostingsFormat.java,117,121
1,stackoverflow_formatted/12293735_3.java,82,89,lucene-4.3.0/lucene-4.3.0/analysis/smartcn/src/java/org/apache/lucene/analysis/cn/smart/hhmm/SegToken.java,11,17, stackoverflow_formatted/12293735_3.java,84,88,lucene-4.3.0/lucene-4.3.0/analysis/smartcn/src/java/org/apache/lucene/analysis/cn/smart/hhmm/SegToken.java,12,16
1,stackoverflow_formatted/12293735_3.java,82,89,lucene-4.3.0/lucene-4.3.0/analysis/smartcn/src/java/org/apache/lucene/analysis/cn/smart/hhmm/SegToken.java,11,17, stackoverflow_formatted/12293735_3.java,83,87,lucene-4.3.0/lucene-4.3.0/analysis/smartcn/src/java/org/apache/lucene/analysis/cn/smart/hhmm/SegToken.java,12,16
1,stackoverflow_formatted/12293735_3.java,82,89,lucene-4.3.0/lucene-4.3.0/core/src/java/org/apache/lucene/search/similarities/BM25Similarity.java,188,194, stackoverflow_formatted/12293735_3.java,84,88,lucene-4.3.0/lucene-4.3.0/core/src/java/org/apache/lucene/search/similarities/BM25Similarity.java,189,193
1,stackoverflow_formatted/12293735_3.java,82,89,lucene-4.3.0/lucene-4.3.0/core/src/java/org/apache/lucene/search/similarities/BM25Similarity.java,188,194, stackoverflow_formatted/12293735_3.java,83,87,lucene-4.3.0/lucene-4.3.0/core/src/java/org/apache/lucene/search/similarities/BM25Similarity.java,189,193
1,stackoverflow_formatted/12293735_3.java,82,89,lucene-4.3.0/lucene-4.3.0/queries/src/java/org/apache/lucene/queries/function/valuesource/RangeMapFloatFunction.java,15,21, stackoverflow_formatted/12293735_3.java,84,88,lucene-4.3.0/lucene-4.3.0/queries/src/java/org/apache/lucene/queries/function/valuesource/RangeMapFloatFunction.java,16,20
1,stackoverflow_formatted/12293735_3.java,82,89,lucene-4.3.0/lucene-4.3.0/queries/src/java/org/apache/lucene/queries/function/valuesource/RangeMapFloatFunction.java,15,21, stackoverflow_formatted/12293735_3.java,83,87,lucene-4.3.0/lucene-4.3.0/queries/src/java/org/apache/lucene/queries/function/valuesource/RangeMapFloatFunction.java,16,20
1,stackoverflow_formatted/12293735_3.java,82,89,lucene-4.3.0/lucene-4.3.0/grouping/src/test/org/apache/lucene/search/grouping/DistinctValuesCollectorTest.java,415,421, stackoverflow_formatted/12293735_3.java,84,88,lucene-4.3.0/lucene-4.3.0/grouping/src/test/org/apache/lucene/search/grouping/DistinctValuesCollectorTest.java,416,420
1,stackoverflow_formatted/12293735_3.java,82,89,lucene-4.3.0/lucene-4.3.0/grouping/src/test/org/apache/lucene/search/grouping/DistinctValuesCollectorTest.java,415,421, stackoverflow_formatted/12293735_3.java,83,87,lucene-4.3.0/lucene-4.3.0/grouping/src/test/org/apache/lucene/search/grouping/DistinctValuesCollectorTest.java,416,420
1,stackoverflow_formatted/12293735_3.java,82,89,lucene-4.3.0/lucene-4.3.0/core/src/java/org/apache/lucene/search/FieldCache.java,288,294, stackoverflow_formatted/12293735_3.java,84,88,lucene-4.3.0/lucene-4.3.0/core/src/java/org/apache/lucene/search/FieldCache.java,289,293
1,stackoverflow_formatted/12293735_3.java,82,89,lucene-4.3.0/lucene-4.3.0/core/src/java/org/apache/lucene/search/FieldCache.java,288,294, stackoverflow_formatted/12293735_3.java,83,87,lucene-4.3.0/lucene-4.3.0/core/src/java/org/apache/lucene/search/FieldCache.java,289,293
1,stackoverflow_formatted/12293735_3.java,82,89,lucene-4.3.0/lucene-4.3.0/core/src/java/org/apache/lucene/search/DocTermOrdsRangeFilter.java,13,19, stackoverflow_formatted/12293735_3.java,84,88,lucene-4.3.0/lucene-4.3.0/core/src/java/org/apache/lucene/search/DocTermOrdsRangeFilter.java,14,18
1,stackoverflow_formatted/12293735_3.java,82,89,lucene-4.3.0/lucene-4.3.0/core/src/java/org/apache/lucene/search/DocTermOrdsRangeFilter.java,13,19, stackoverflow_formatted/12293735_3.java,83,87,lucene-4.3.0/lucene-4.3.0/core/src/java/org/apache/lucene/search/DocTermOrdsRangeFilter.java,14,18
1,stackoverflow_formatted/12293735_3.java,82,89,lucene-4.3.0/lucene-4.3.0/core/src/java/org/apache/lucene/codecs/lucene40/Lucene40StoredFieldsReader.java,30,36, stackoverflow_formatted/12293735_3.java,84,88,lucene-4.3.0/lucene-4.3.0/core/src/java/org/apache/lucene/codecs/lucene40/Lucene40StoredFieldsReader.java,31,35
1,stackoverflow_formatted/12293735_3.java,82,89,lucene-4.3.0/lucene-4.3.0/core/src/java/org/apache/lucene/codecs/lucene40/Lucene40StoredFieldsReader.java,30,36, stackoverflow_formatted/12293735_3.java,83,87,lucene-4.3.0/lucene-4.3.0/core/src/java/org/apache/lucene/codecs/lucene40/Lucene40StoredFieldsReader.java,31,35
1,stackoverflow_formatted/12293735_3.java,82,89,lucene-4.3.0/lucene-4.3.0/grouping/src/test/org/apache/lucene/search/grouping/TestGrouping.java,266,272, stackoverflow_formatted/12293735_3.java,84,88,lucene-4.3.0/lucene-4.3.0/grouping/src/test/org/apache/lucene/search/grouping/TestGrouping.java,267,271
1,stackoverflow_formatted/12293735_3.java,82,89,lucene-4.3.0/lucene-4.3.0/grouping/src/test/org/apache/lucene/search/grouping/TestGrouping.java,266,272, stackoverflow_formatted/12293735_3.java,83,87,lucene-4.3.0/lucene-4.3.0/grouping/src/test/org/apache/lucene/search/grouping/TestGrouping.java,267,271
1,stackoverflow_formatted/12293735_3.java,82,89,lucene-4.3.0/lucene-4.3.0/test-framework/src/java/org/apache/lucene/util/fst/FSTTester.java,37,44, stackoverflow_formatted/12293735_3.java,84,88,lucene-4.3.0/lucene-4.3.0/test-framework/src/java/org/apache/lucene/util/fst/FSTTester.java,39,43
1,stackoverflow_formatted/12293735_3.java,82,89,lucene-4.3.0/lucene-4.3.0/test-framework/src/java/org/apache/lucene/util/fst/FSTTester.java,37,44, stackoverflow_formatted/12293735_3.java,84,88,lucene-4.3.0/lucene-4.3.0/test-framework/src/java/org/apache/lucene/util/fst/FSTTester.java,38,42
1,stackoverflow_formatted/12293735_3.java,82,89,lucene-4.3.0/lucene-4.3.0/test-framework/src/java/org/apache/lucene/util/fst/FSTTester.java,37,44, stackoverflow_formatted/12293735_3.java,83,87,lucene-4.3.0/lucene-4.3.0/test-framework/src/java/org/apache/lucene/util/fst/FSTTester.java,39,43
1,stackoverflow_formatted/12293735_3.java,82,89,lucene-4.3.0/lucene-4.3.0/test-framework/src/java/org/apache/lucene/util/fst/FSTTester.java,37,44, stackoverflow_formatted/12293735_3.java,83,87,lucene-4.3.0/lucene-4.3.0/test-framework/src/java/org/apache/lucene/util/fst/FSTTester.java,38,42
1,stackoverflow_formatted/12293735_3.java,82,89,lucene-4.3.0/lucene-4.3.0/test-framework/src/java/org/apache/lucene/util/fst/FSTTester.java,37,44, stackoverflow_formatted/12293735_3.java,83,88,lucene-4.3.0/lucene-4.3.0/test-framework/src/java/org/apache/lucene/util/fst/FSTTester.java,38,43
1,stackoverflow_formatted/12293735_3.java,82,89,lucene-4.3.0/lucene-4.3.0/grouping/src/test/org/apache/lucene/search/grouping/AllGroupHeadsCollectorTest.java,463,470, stackoverflow_formatted/12293735_3.java,84,88,lucene-4.3.0/lucene-4.3.0/grouping/src/test/org/apache/lucene/search/grouping/AllGroupHeadsCollectorTest.java,465,469
1,stackoverflow_formatted/12293735_3.java,82,89,lucene-4.3.0/lucene-4.3.0/grouping/src/test/org/apache/lucene/search/grouping/AllGroupHeadsCollectorTest.java,463,470, stackoverflow_formatted/12293735_3.java,84,88,lucene-4.3.0/lucene-4.3.0/grouping/src/test/org/apache/lucene/search/grouping/AllGroupHeadsCollectorTest.java,464,468
1,stackoverflow_formatted/12293735_3.java,82,89,lucene-4.3.0/lucene-4.3.0/grouping/src/test/org/apache/lucene/search/grouping/AllGroupHeadsCollectorTest.java,463,470, stackoverflow_formatted/12293735_3.java,83,87,lucene-4.3.0/lucene-4.3.0/grouping/src/test/org/apache/lucene/search/grouping/AllGroupHeadsCollectorTest.java,465,469
1,stackoverflow_formatted/12293735_3.java,82,89,lucene-4.3.0/lucene-4.3.0/grouping/src/test/org/apache/lucene/search/grouping/AllGroupHeadsCollectorTest.java,463,470, stackoverflow_formatted/12293735_3.java,83,87,lucene-4.3.0/lucene-4.3.0/grouping/src/test/org/apache/lucene/search/grouping/AllGroupHeadsCollectorTest.java,464,468
1,stackoverflow_formatted/12293735_3.java,82,89,lucene-4.3.0/lucene-4.3.0/grouping/src/test/org/apache/lucene/search/grouping/AllGroupHeadsCollectorTest.java,463,470, stackoverflow_formatted/12293735_3.java,83,88,lucene-4.3.0/lucene-4.3.0/grouping/src/test/org/apache/lucene/search/grouping/AllGroupHeadsCollectorTest.java,464,469
1,stackoverflow_formatted/12293735_3.java,82,89,lucene-4.3.0/lucene-4.3.0/core/src/java/org/apache/lucene/codecs/lucene40/Lucene40TermVectorsReader.java,50,57, stackoverflow_formatted/12293735_3.java,84,88,lucene-4.3.0/lucene-4.3.0/core/src/java/org/apache/lucene/codecs/lucene40/Lucene40TermVectorsReader.java,52,56
1,stackoverflow_formatted/12293735_3.java,82,89,lucene-4.3.0/lucene-4.3.0/core/src/java/org/apache/lucene/codecs/lucene40/Lucene40TermVectorsReader.java,50,57, stackoverflow_formatted/12293735_3.java,84,88,lucene-4.3.0/lucene-4.3.0/core/src/java/org/apache/lucene/codecs/lucene40/Lucene40TermVectorsReader.java,51,55
1,stackoverflow_formatted/12293735_3.java,82,89,lucene-4.3.0/lucene-4.3.0/core/src/java/org/apache/lucene/codecs/lucene40/Lucene40TermVectorsReader.java,50,57, stackoverflow_formatted/12293735_3.java,83,87,lucene-4.3.0/lucene-4.3.0/core/src/java/org/apache/lucene/codecs/lucene40/Lucene40TermVectorsReader.java,52,56
1,stackoverflow_formatted/12293735_3.java,82,89,lucene-4.3.0/lucene-4.3.0/core/src/java/org/apache/lucene/codecs/lucene40/Lucene40TermVectorsReader.java,50,57, stackoverflow_formatted/12293735_3.java,83,87,lucene-4.3.0/lucene-4.3.0/core/src/java/org/apache/lucene/codecs/lucene40/Lucene40TermVectorsReader.java,51,55
1,stackoverflow_formatted/12293735_3.java,82,89,lucene-4.3.0/lucene-4.3.0/core/src/java/org/apache/lucene/codecs/lucene40/Lucene40TermVectorsReader.java,50,57, stackoverflow_formatted/12293735_3.java,83,88,lucene-4.3.0/lucene-4.3.0/core/src/java/org/apache/lucene/codecs/lucene40/Lucene40TermVectorsReader.java,51,56
1,stackoverflow_formatted/12293735_3.java,82,89,lucene-4.3.0/lucene-4.3.0/core/src/java/org/apache/lucene/index/FieldInvertState.java,17,24, stackoverflow_formatted/12293735_3.java,84,88,lucene-4.3.0/lucene-4.3.0/core/src/java/org/apache/lucene/index/FieldInvertState.java,19,23
1,stackoverflow_formatted/12293735_3.java,82,89,lucene-4.3.0/lucene-4.3.0/core/src/java/org/apache/lucene/index/FieldInvertState.java,17,24, stackoverflow_formatted/12293735_3.java,84,88,lucene-4.3.0/lucene-4.3.0/core/src/java/org/apache/lucene/index/FieldInvertState.java,18,22
1,stackoverflow_formatted/12293735_3.java,82,89,lucene-4.3.0/lucene-4.3.0/core/src/java/org/apache/lucene/index/FieldInvertState.java,17,24, stackoverflow_formatted/12293735_3.java,83,87,lucene-4.3.0/lucene-4.3.0/core/src/java/org/apache/lucene/index/FieldInvertState.java,19,23
1,stackoverflow_formatted/12293735_3.java,82,89,lucene-4.3.0/lucene-4.3.0/core/src/java/org/apache/lucene/index/FieldInvertState.java,17,24, stackoverflow_formatted/12293735_3.java,83,87,lucene-4.3.0/lucene-4.3.0/core/src/java/org/apache/lucene/index/FieldInvertState.java,18,22
1,stackoverflow_formatted/12293735_3.java,82,89,lucene-4.3.0/lucene-4.3.0/core/src/java/org/apache/lucene/index/FieldInvertState.java,17,24, stackoverflow_formatted/12293735_3.java,83,88,lucene-4.3.0/lucene-4.3.0/core/src/java/org/apache/lucene/index/FieldInvertState.java,18,23
1,stackoverflow_formatted/12293735_3.java,82,89,lucene-4.3.0/lucene-4.3.0/core/src/java/org/apache/lucene/index/SegmentReadState.java,22,29, stackoverflow_formatted/12293735_3.java,84,88,lucene-4.3.0/lucene-4.3.0/core/src/java/org/apache/lucene/index/SegmentReadState.java,24,28
1,stackoverflow_formatted/12293735_3.java,82,89,lucene-4.3.0/lucene-4.3.0/core/src/java/org/apache/lucene/index/SegmentReadState.java,22,29, stackoverflow_formatted/12293735_3.java,84,88,lucene-4.3.0/lucene-4.3.0/core/src/java/org/apache/lucene/index/SegmentReadState.java,23,27
1,stackoverflow_formatted/12293735_3.java,82,89,lucene-4.3.0/lucene-4.3.0/core/src/java/org/apache/lucene/index/SegmentReadState.java,22,29, stackoverflow_formatted/12293735_3.java,83,87,lucene-4.3.0/lucene-4.3.0/core/src/java/org/apache/lucene/index/SegmentReadState.java,24,28
1,stackoverflow_formatted/12293735_3.java,82,89,lucene-4.3.0/lucene-4.3.0/core/src/java/org/apache/lucene/index/SegmentReadState.java,22,29, stackoverflow_formatted/12293735_3.java,83,87,lucene-4.3.0/lucene-4.3.0/core/src/java/org/apache/lucene/index/SegmentReadState.java,23,27
1,stackoverflow_formatted/12293735_3.java,82,89,lucene-4.3.0/lucene-4.3.0/core/src/java/org/apache/lucene/index/SegmentReadState.java,22,29, stackoverflow_formatted/12293735_3.java,83,88,lucene-4.3.0/lucene-4.3.0/core/src/java/org/apache/lucene/index/SegmentReadState.java,23,28
1,stackoverflow_formatted/12293735_3.java,82,89,lucene-4.3.0/lucene-4.3.0/core/src/java/org/apache/lucene/codecs/lucene41/Lucene41PostingsWriter.java,239,246, stackoverflow_formatted/12293735_3.java,84,88,lucene-4.3.0/lucene-4.3.0/core/src/java/org/apache/lucene/codecs/lucene41/Lucene41PostingsWriter.java,241,245
1,stackoverflow_formatted/12293735_3.java,82,89,lucene-4.3.0/lucene-4.3.0/core/src/java/org/apache/lucene/codecs/lucene41/Lucene41PostingsWriter.java,239,246, stackoverflow_formatted/12293735_3.java,84,88,lucene-4.3.0/lucene-4.3.0/core/src/java/org/apache/lucene/codecs/lucene41/Lucene41PostingsWriter.java,240,244
1,stackoverflow_formatted/12293735_3.java,82,89,lucene-4.3.0/lucene-4.3.0/core/src/java/org/apache/lucene/codecs/lucene41/Lucene41PostingsWriter.java,239,246, stackoverflow_formatted/12293735_3.java,83,87,lucene-4.3.0/lucene-4.3.0/core/src/java/org/apache/lucene/codecs/lucene41/Lucene41PostingsWriter.java,241,245
1,stackoverflow_formatted/12293735_3.java,82,89,lucene-4.3.0/lucene-4.3.0/core/src/java/org/apache/lucene/codecs/lucene41/Lucene41PostingsWriter.java,239,246, stackoverflow_formatted/12293735_3.java,83,87,lucene-4.3.0/lucene-4.3.0/core/src/java/org/apache/lucene/codecs/lucene41/Lucene41PostingsWriter.java,240,244
1,stackoverflow_formatted/12293735_3.java,82,89,lucene-4.3.0/lucene-4.3.0/core/src/java/org/apache/lucene/codecs/lucene41/Lucene41PostingsWriter.java,239,246, stackoverflow_formatted/12293735_3.java,83,88,lucene-4.3.0/lucene-4.3.0/core/src/java/org/apache/lucene/codecs/lucene41/Lucene41PostingsWriter.java,240,245
1,stackoverflow_formatted/12293735_3.java,82,89,lucene-4.3.0/lucene-4.3.0/core/src/test/org/apache/lucene/util/fst/TestFSTs.java,369,376, stackoverflow_formatted/12293735_3.java,84,88,lucene-4.3.0/lucene-4.3.0/core/src/test/org/apache/lucene/util/fst/TestFSTs.java,370,374
1,stackoverflow_formatted/12293735_3.java,82,89,lucene-4.3.0/lucene-4.3.0/core/src/test/org/apache/lucene/util/fst/TestFSTs.java,369,376, stackoverflow_formatted/12293735_3.java,83,87,lucene-4.3.0/lucene-4.3.0/core/src/test/org/apache/lucene/util/fst/TestFSTs.java,370,374
1,stackoverflow_formatted/12293735_3.java,82,89,lucene-4.3.0/lucene-4.3.0/misc/src/java/org/apache/lucene/index/PKIndexSplitter.java,28,35, stackoverflow_formatted/12293735_3.java,84,88,lucene-4.3.0/lucene-4.3.0/misc/src/java/org/apache/lucene/index/PKIndexSplitter.java,30,34
1,stackoverflow_formatted/12293735_3.java,82,89,lucene-4.3.0/lucene-4.3.0/misc/src/java/org/apache/lucene/index/PKIndexSplitter.java,28,35, stackoverflow_formatted/12293735_3.java,84,88,lucene-4.3.0/lucene-4.3.0/misc/src/java/org/apache/lucene/index/PKIndexSplitter.java,29,33
1,stackoverflow_formatted/12293735_3.java,82,89,lucene-4.3.0/lucene-4.3.0/misc/src/java/org/apache/lucene/index/PKIndexSplitter.java,28,35, stackoverflow_formatted/12293735_3.java,83,87,lucene-4.3.0/lucene-4.3.0/misc/src/java/org/apache/lucene/index/PKIndexSplitter.java,30,34
1,stackoverflow_formatted/12293735_3.java,82,89,lucene-4.3.0/lucene-4.3.0/misc/src/java/org/apache/lucene/index/PKIndexSplitter.java,28,35, stackoverflow_formatted/12293735_3.java,83,87,lucene-4.3.0/lucene-4.3.0/misc/src/java/org/apache/lucene/index/PKIndexSplitter.java,29,33
1,stackoverflow_formatted/12293735_3.java,82,89,lucene-4.3.0/lucene-4.3.0/misc/src/java/org/apache/lucene/index/PKIndexSplitter.java,28,35, stackoverflow_formatted/12293735_3.java,83,88,lucene-4.3.0/lucene-4.3.0/misc/src/java/org/apache/lucene/index/PKIndexSplitter.java,29,34
1,stackoverflow_formatted/12293735_3.java,82,89,lucene-4.3.0/lucene-4.3.0/core/src/java/org/apache/lucene/search/FieldCacheRangeFilter.java,20,27, stackoverflow_formatted/12293735_3.java,84,88,lucene-4.3.0/lucene-4.3.0/core/src/java/org/apache/lucene/search/FieldCacheRangeFilter.java,22,26
1,stackoverflow_formatted/12293735_3.java,82,89,lucene-4.3.0/lucene-4.3.0/core/src/java/org/apache/lucene/search/FieldCacheRangeFilter.java,20,27, stackoverflow_formatted/12293735_3.java,84,88,lucene-4.3.0/lucene-4.3.0/core/src/java/org/apache/lucene/search/FieldCacheRangeFilter.java,21,25
1,stackoverflow_formatted/12293735_3.java,82,89,lucene-4.3.0/lucene-4.3.0/core/src/java/org/apache/lucene/search/FieldCacheRangeFilter.java,20,27, stackoverflow_formatted/12293735_3.java,83,87,lucene-4.3.0/lucene-4.3.0/core/src/java/org/apache/lucene/search/FieldCacheRangeFilter.java,22,26
1,stackoverflow_formatted/12293735_3.java,82,89,lucene-4.3.0/lucene-4.3.0/core/src/java/org/apache/lucene/search/FieldCacheRangeFilter.java,20,27, stackoverflow_formatted/12293735_3.java,83,87,lucene-4.3.0/lucene-4.3.0/core/src/java/org/apache/lucene/search/FieldCacheRangeFilter.java,21,25
1,stackoverflow_formatted/12293735_3.java,82,89,lucene-4.3.0/lucene-4.3.0/core/src/java/org/apache/lucene/search/FieldCacheRangeFilter.java,20,27, stackoverflow_formatted/12293735_3.java,83,88,lucene-4.3.0/lucene-4.3.0/core/src/java/org/apache/lucene/search/FieldCacheRangeFilter.java,21,26
1,stackoverflow_formatted/12293735_3.java,82,89,lucene-4.3.0/lucene-4.3.0/grouping/src/java/org/apache/lucene/search/grouping/GroupDocs.java,15,22, stackoverflow_formatted/12293735_3.java,84,88,lucene-4.3.0/lucene-4.3.0/grouping/src/java/org/apache/lucene/search/grouping/GroupDocs.java,17,21
1,stackoverflow_formatted/12293735_3.java,82,89,lucene-4.3.0/lucene-4.3.0/grouping/src/java/org/apache/lucene/search/grouping/GroupDocs.java,15,22, stackoverflow_formatted/12293735_3.java,84,88,lucene-4.3.0/lucene-4.3.0/grouping/src/java/org/apache/lucene/search/grouping/GroupDocs.java,16,20
1,stackoverflow_formatted/12293735_3.java,82,89,lucene-4.3.0/lucene-4.3.0/grouping/src/java/org/apache/lucene/search/grouping/GroupDocs.java,15,22, stackoverflow_formatted/12293735_3.java,83,87,lucene-4.3.0/lucene-4.3.0/grouping/src/java/org/apache/lucene/search/grouping/GroupDocs.java,17,21
1,stackoverflow_formatted/12293735_3.java,82,89,lucene-4.3.0/lucene-4.3.0/grouping/src/java/org/apache/lucene/search/grouping/GroupDocs.java,15,22, stackoverflow_formatted/12293735_3.java,83,87,lucene-4.3.0/lucene-4.3.0/grouping/src/java/org/apache/lucene/search/grouping/GroupDocs.java,16,20
1,stackoverflow_formatted/12293735_3.java,82,89,lucene-4.3.0/lucene-4.3.0/grouping/src/java/org/apache/lucene/search/grouping/GroupDocs.java,15,22, stackoverflow_formatted/12293735_3.java,83,88,lucene-4.3.0/lucene-4.3.0/grouping/src/java/org/apache/lucene/search/grouping/GroupDocs.java,16,21
1,stackoverflow_formatted/12293735_3.java,82,89,lucene-4.3.0/lucene-4.3.0/test-framework/src/java/org/apache/lucene/index/BasePostingsFormatTestCase.java,678,685, stackoverflow_formatted/12293735_3.java,84,88,lucene-4.3.0/lucene-4.3.0/test-framework/src/java/org/apache/lucene/index/BasePostingsFormatTestCase.java,680,684
1,stackoverflow_formatted/12293735_3.java,82,89,lucene-4.3.0/lucene-4.3.0/test-framework/src/java/org/apache/lucene/index/BasePostingsFormatTestCase.java,678,685, stackoverflow_formatted/12293735_3.java,84,88,lucene-4.3.0/lucene-4.3.0/test-framework/src/java/org/apache/lucene/index/BasePostingsFormatTestCase.java,679,683
1,stackoverflow_formatted/12293735_3.java,82,89,lucene-4.3.0/lucene-4.3.0/test-framework/src/java/org/apache/lucene/index/BasePostingsFormatTestCase.java,678,685, stackoverflow_formatted/12293735_3.java,83,87,lucene-4.3.0/lucene-4.3.0/test-framework/src/java/org/apache/lucene/index/BasePostingsFormatTestCase.java,680,684
1,stackoverflow_formatted/12293735_3.java,82,89,lucene-4.3.0/lucene-4.3.0/test-framework/src/java/org/apache/lucene/index/BasePostingsFormatTestCase.java,678,685, stackoverflow_formatted/12293735_3.java,83,87,lucene-4.3.0/lucene-4.3.0/test-framework/src/java/org/apache/lucene/index/BasePostingsFormatTestCase.java,679,683
1,stackoverflow_formatted/12293735_3.java,82,89,lucene-4.3.0/lucene-4.3.0/test-framework/src/java/org/apache/lucene/index/BasePostingsFormatTestCase.java,678,685, stackoverflow_formatted/12293735_3.java,83,88,lucene-4.3.0/lucene-4.3.0/test-framework/src/java/org/apache/lucene/index/BasePostingsFormatTestCase.java,679,684
1,stackoverflow_formatted/12293735_3.java,82,89,lucene-4.3.0/lucene-4.3.0/core/src/test/org/apache/lucene/index/TestDocumentsWriterStallControl.java,161,168, stackoverflow_formatted/12293735_3.java,84,88,lucene-4.3.0/lucene-4.3.0/core/src/test/org/apache/lucene/index/TestDocumentsWriterStallControl.java,163,167
1,stackoverflow_formatted/12293735_3.java,82,89,lucene-4.3.0/lucene-4.3.0/core/src/test/org/apache/lucene/index/TestDocumentsWriterStallControl.java,161,168, stackoverflow_formatted/12293735_3.java,83,87,lucene-4.3.0/lucene-4.3.0/core/src/test/org/apache/lucene/index/TestDocumentsWriterStallControl.java,163,167
0.714285714,stackoverflow_formatted/12293735_3.java,82,89,lucene-4.3.0/lucene-4.3.0/queryparser/src/test/org/apache/lucene/queryparser/surround/query/BooleanQueryTst.java,26,33, stackoverflow_formatted/12293735_3.java,85,91,lucene-4.3.0/lucene-4.3.0/queryparser/src/test/org/apache/lucene/queryparser/surround/query/BooleanQueryTst.java,29,34
1,stackoverflow_formatted/12293735_3.java,82,89,lucene-4.3.0/lucene-4.3.0/queryparser/src/test/org/apache/lucene/queryparser/surround/query/BooleanQueryTst.java,26,33, stackoverflow_formatted/12293735_3.java,84,88,lucene-4.3.0/lucene-4.3.0/queryparser/src/test/org/apache/lucene/queryparser/surround/query/BooleanQueryTst.java,28,32
1,stackoverflow_formatted/12293735_3.java,82,89,lucene-4.3.0/lucene-4.3.0/queryparser/src/test/org/apache/lucene/queryparser/surround/query/BooleanQueryTst.java,26,33, stackoverflow_formatted/12293735_3.java,84,88,lucene-4.3.0/lucene-4.3.0/queryparser/src/test/org/apache/lucene/queryparser/surround/query/BooleanQueryTst.java,27,31
1,stackoverflow_formatted/12293735_3.java,82,89,lucene-4.3.0/lucene-4.3.0/queryparser/src/test/org/apache/lucene/queryparser/surround/query/BooleanQueryTst.java,26,33, stackoverflow_formatted/12293735_3.java,83,87,lucene-4.3.0/lucene-4.3.0/queryparser/src/test/org/apache/lucene/queryparser/surround/query/BooleanQueryTst.java,28,32
1,stackoverflow_formatted/12293735_3.java,82,89,lucene-4.3.0/lucene-4.3.0/queryparser/src/test/org/apache/lucene/queryparser/surround/query/BooleanQueryTst.java,26,33, stackoverflow_formatted/12293735_3.java,83,87,lucene-4.3.0/lucene-4.3.0/queryparser/src/test/org/apache/lucene/queryparser/surround/query/BooleanQueryTst.java,27,31
1,stackoverflow_formatted/12293735_3.java,82,89,lucene-4.3.0/lucene-4.3.0/queryparser/src/test/org/apache/lucene/queryparser/surround/query/BooleanQueryTst.java,26,33, stackoverflow_formatted/12293735_3.java,83,88,lucene-4.3.0/lucene-4.3.0/queryparser/src/test/org/apache/lucene/queryparser/surround/query/BooleanQueryTst.java,27,32
0.875,stackoverflow_formatted/12293735_3.java,82,89,lucene-4.3.0/lucene-4.3.0/queryparser/src/test/org/apache/lucene/queryparser/surround/query/BooleanQueryTst.java,26,33, stackoverflow_formatted/12293735_3.java,83,91,lucene-4.3.0/lucene-4.3.0/queryparser/src/test/org/apache/lucene/queryparser/surround/query/BooleanQueryTst.java,27,34
1,stackoverflow_formatted/12293735_3.java,82,89,lucene-4.3.0/lucene-4.3.0/sandbox/src/java/org/apache/lucene/sandbox/queries/SlowCollatedTermRangeQuery.java,18,25, stackoverflow_formatted/12293735_3.java,84,88,lucene-4.3.0/lucene-4.3.0/sandbox/src/java/org/apache/lucene/sandbox/queries/SlowCollatedTermRangeQuery.java,20,24
1,stackoverflow_formatted/12293735_3.java,82,89,lucene-4.3.0/lucene-4.3.0/sandbox/src/java/org/apache/lucene/sandbox/queries/SlowCollatedTermRangeQuery.java,18,25, stackoverflow_formatted/12293735_3.java,83,87,lucene-4.3.0/lucene-4.3.0/sandbox/src/java/org/apache/lucene/sandbox/queries/SlowCollatedTermRangeQuery.java,20,24
1,stackoverflow_formatted/12293735_3.java,82,89,lucene-4.3.0/lucene-4.3.0/core/src/java/org/apache/lucene/search/IndexSearcher.java,291,299, stackoverflow_formatted/12293735_3.java,84,88,lucene-4.3.0/lucene-4.3.0/core/src/java/org/apache/lucene/search/IndexSearcher.java,294,298
1,stackoverflow_formatted/12293735_3.java,82,89,lucene-4.3.0/lucene-4.3.0/core/src/java/org/apache/lucene/search/IndexSearcher.java,291,299, stackoverflow_formatted/12293735_3.java,84,88,lucene-4.3.0/lucene-4.3.0/core/src/java/org/apache/lucene/search/IndexSearcher.java,293,297
1,stackoverflow_formatted/12293735_3.java,82,89,lucene-4.3.0/lucene-4.3.0/core/src/java/org/apache/lucene/search/IndexSearcher.java,291,299, stackoverflow_formatted/12293735_3.java,84,88,lucene-4.3.0/lucene-4.3.0/core/src/java/org/apache/lucene/search/IndexSearcher.java,292,296
1,stackoverflow_formatted/12293735_3.java,82,89,lucene-4.3.0/lucene-4.3.0/core/src/java/org/apache/lucene/search/IndexSearcher.java,291,299, stackoverflow_formatted/12293735_3.java,83,87,lucene-4.3.0/lucene-4.3.0/core/src/java/org/apache/lucene/search/IndexSearcher.java,294,298
1,stackoverflow_formatted/12293735_3.java,82,89,lucene-4.3.0/lucene-4.3.0/core/src/java/org/apache/lucene/search/IndexSearcher.java,291,299, stackoverflow_formatted/12293735_3.java,83,87,lucene-4.3.0/lucene-4.3.0/core/src/java/org/apache/lucene/search/IndexSearcher.java,293,297
1,stackoverflow_formatted/12293735_3.java,82,89,lucene-4.3.0/lucene-4.3.0/core/src/java/org/apache/lucene/search/IndexSearcher.java,291,299, stackoverflow_formatted/12293735_3.java,83,87,lucene-4.3.0/lucene-4.3.0/core/src/java/org/apache/lucene/search/IndexSearcher.java,292,296
1,stackoverflow_formatted/12293735_3.java,82,89,lucene-4.3.0/lucene-4.3.0/core/src/java/org/apache/lucene/search/IndexSearcher.java,291,299, stackoverflow_formatted/12293735_3.java,83,88,lucene-4.3.0/lucene-4.3.0/core/src/java/org/apache/lucene/search/IndexSearcher.java,293,298
1,stackoverflow_formatted/12293735_3.java,82,89,lucene-4.3.0/lucene-4.3.0/core/src/java/org/apache/lucene/search/IndexSearcher.java,291,299, stackoverflow_formatted/12293735_3.java,83,88,lucene-4.3.0/lucene-4.3.0/core/src/java/org/apache/lucene/search/IndexSearcher.java,292,297
1,stackoverflow_formatted/12293735_3.java,82,89,lucene-4.3.0/lucene-4.3.0/analysis/kuromoji/src/java/org/apache/lucene/analysis/ja/Token.java,13,21, stackoverflow_formatted/12293735_3.java,84,88,lucene-4.3.0/lucene-4.3.0/analysis/kuromoji/src/java/org/apache/lucene/analysis/ja/Token.java,16,20
1,stackoverflow_formatted/12293735_3.java,82,89,lucene-4.3.0/lucene-4.3.0/analysis/kuromoji/src/java/org/apache/lucene/analysis/ja/Token.java,13,21, stackoverflow_formatted/12293735_3.java,84,88,lucene-4.3.0/lucene-4.3.0/analysis/kuromoji/src/java/org/apache/lucene/analysis/ja/Token.java,15,19
1,stackoverflow_formatted/12293735_3.java,82,89,lucene-4.3.0/lucene-4.3.0/analysis/kuromoji/src/java/org/apache/lucene/analysis/ja/Token.java,13,21, stackoverflow_formatted/12293735_3.java,84,88,lucene-4.3.0/lucene-4.3.0/analysis/kuromoji/src/java/org/apache/lucene/analysis/ja/Token.java,14,18
1,stackoverflow_formatted/12293735_3.java,82,89,lucene-4.3.0/lucene-4.3.0/analysis/kuromoji/src/java/org/apache/lucene/analysis/ja/Token.java,13,21, stackoverflow_formatted/12293735_3.java,83,87,lucene-4.3.0/lucene-4.3.0/analysis/kuromoji/src/java/org/apache/lucene/analysis/ja/Token.java,16,20
1,stackoverflow_formatted/12293735_3.java,82,89,lucene-4.3.0/lucene-4.3.0/analysis/kuromoji/src/java/org/apache/lucene/analysis/ja/Token.java,13,21, stackoverflow_formatted/12293735_3.java,83,87,lucene-4.3.0/lucene-4.3.0/analysis/kuromoji/src/java/org/apache/lucene/analysis/ja/Token.java,15,19
1,stackoverflow_formatted/12293735_3.java,82,89,lucene-4.3.0/lucene-4.3.0/analysis/kuromoji/src/java/org/apache/lucene/analysis/ja/Token.java,13,21, stackoverflow_formatted/12293735_3.java,83,87,lucene-4.3.0/lucene-4.3.0/analysis/kuromoji/src/java/org/apache/lucene/analysis/ja/Token.java,14,18
1,stackoverflow_formatted/12293735_3.java,82,89,lucene-4.3.0/lucene-4.3.0/analysis/kuromoji/src/java/org/apache/lucene/analysis/ja/Token.java,13,21, stackoverflow_formatted/12293735_3.java,83,88,lucene-4.3.0/lucene-4.3.0/analysis/kuromoji/src/java/org/apache/lucene/analysis/ja/Token.java,15,20
1,stackoverflow_formatted/12293735_3.java,82,89,lucene-4.3.0/lucene-4.3.0/analysis/kuromoji/src/java/org/apache/lucene/analysis/ja/Token.java,13,21, stackoverflow_formatted/12293735_3.java,83,88,lucene-4.3.0/lucene-4.3.0/analysis/kuromoji/src/java/org/apache/lucene/analysis/ja/Token.java,14,19
1,stackoverflow_formatted/12293735_3.java,82,89,lucene-4.3.0/lucene-4.3.0/memory/src/java/org/apache/lucene/index/memory/MemoryIndex.java,350,358, stackoverflow_formatted/12293735_3.java,84,88,lucene-4.3.0/lucene-4.3.0/memory/src/java/org/apache/lucene/index/memory/MemoryIndex.java,353,357
1,stackoverflow_formatted/12293735_3.java,82,89,lucene-4.3.0/lucene-4.3.0/memory/src/java/org/apache/lucene/index/memory/MemoryIndex.java,350,358, stackoverflow_formatted/12293735_3.java,84,88,lucene-4.3.0/lucene-4.3.0/memory/src/java/org/apache/lucene/index/memory/MemoryIndex.java,352,356
1,stackoverflow_formatted/12293735_3.java,82,89,lucene-4.3.0/lucene-4.3.0/memory/src/java/org/apache/lucene/index/memory/MemoryIndex.java,350,358, stackoverflow_formatted/12293735_3.java,84,88,lucene-4.3.0/lucene-4.3.0/memory/src/java/org/apache/lucene/index/memory/MemoryIndex.java,351,355
1,stackoverflow_formatted/12293735_3.java,82,89,lucene-4.3.0/lucene-4.3.0/memory/src/java/org/apache/lucene/index/memory/MemoryIndex.java,350,358, stackoverflow_formatted/12293735_3.java,83,87,lucene-4.3.0/lucene-4.3.0/memory/src/java/org/apache/lucene/index/memory/MemoryIndex.java,353,357
1,stackoverflow_formatted/12293735_3.java,82,89,lucene-4.3.0/lucene-4.3.0/memory/src/java/org/apache/lucene/index/memory/MemoryIndex.java,350,358, stackoverflow_formatted/12293735_3.java,83,87,lucene-4.3.0/lucene-4.3.0/memory/src/java/org/apache/lucene/index/memory/MemoryIndex.java,352,356
1,stackoverflow_formatted/12293735_3.java,82,89,lucene-4.3.0/lucene-4.3.0/memory/src/java/org/apache/lucene/index/memory/MemoryIndex.java,350,358, stackoverflow_formatted/12293735_3.java,83,87,lucene-4.3.0/lucene-4.3.0/memory/src/java/org/apache/lucene/index/memory/MemoryIndex.java,351,355
1,stackoverflow_formatted/12293735_3.java,82,89,lucene-4.3.0/lucene-4.3.0/memory/src/java/org/apache/lucene/index/memory/MemoryIndex.java,350,358, stackoverflow_formatted/12293735_3.java,83,88,lucene-4.3.0/lucene-4.3.0/memory/src/java/org/apache/lucene/index/memory/MemoryIndex.java,352,357
1,stackoverflow_formatted/12293735_3.java,82,89,lucene-4.3.0/lucene-4.3.0/memory/src/java/org/apache/lucene/index/memory/MemoryIndex.java,350,358, stackoverflow_formatted/12293735_3.java,83,88,lucene-4.3.0/lucene-4.3.0/memory/src/java/org/apache/lucene/index/memory/MemoryIndex.java,351,356
1,stackoverflow_formatted/12293735_3.java,82,89,lucene-4.3.0/lucene-4.3.0/test-framework/src/java/org/apache/lucene/util/ThrottledIndexOutput.java,34,42, stackoverflow_formatted/12293735_3.java,84,88,lucene-4.3.0/lucene-4.3.0/test-framework/src/java/org/apache/lucene/util/ThrottledIndexOutput.java,37,41
1,stackoverflow_formatted/12293735_3.java,82,89,lucene-4.3.0/lucene-4.3.0/test-framework/src/java/org/apache/lucene/util/ThrottledIndexOutput.java,34,42, stackoverflow_formatted/12293735_3.java,84,88,lucene-4.3.0/lucene-4.3.0/test-framework/src/java/org/apache/lucene/util/ThrottledIndexOutput.java,36,40
1,stackoverflow_formatted/12293735_3.java,82,89,lucene-4.3.0/lucene-4.3.0/test-framework/src/java/org/apache/lucene/util/ThrottledIndexOutput.java,34,42, stackoverflow_formatted/12293735_3.java,83,87,lucene-4.3.0/lucene-4.3.0/test-framework/src/java/org/apache/lucene/util/ThrottledIndexOutput.java,37,41
1,stackoverflow_formatted/12293735_3.java,82,89,lucene-4.3.0/lucene-4.3.0/test-framework/src/java/org/apache/lucene/util/ThrottledIndexOutput.java,34,42, stackoverflow_formatted/12293735_3.java,83,87,lucene-4.3.0/lucene-4.3.0/test-framework/src/java/org/apache/lucene/util/ThrottledIndexOutput.java,36,40
1,stackoverflow_formatted/12293735_3.java,82,89,lucene-4.3.0/lucene-4.3.0/test-framework/src/java/org/apache/lucene/util/ThrottledIndexOutput.java,34,42, stackoverflow_formatted/12293735_3.java,83,88,lucene-4.3.0/lucene-4.3.0/test-framework/src/java/org/apache/lucene/util/ThrottledIndexOutput.java,36,41
1,stackoverflow_formatted/12293735_3.java,82,89,lucene-4.3.0/lucene-4.3.0/codecs/src/java/org/apache/lucene/codecs/blockterms/BlockTermsReader.java,163,171, stackoverflow_formatted/12293735_3.java,84,88,lucene-4.3.0/lucene-4.3.0/codecs/src/java/org/apache/lucene/codecs/blockterms/BlockTermsReader.java,166,170
1,stackoverflow_formatted/12293735_3.java,82,89,lucene-4.3.0/lucene-4.3.0/codecs/src/java/org/apache/lucene/codecs/blockterms/BlockTermsReader.java,163,171, stackoverflow_formatted/12293735_3.java,84,88,lucene-4.3.0/lucene-4.3.0/codecs/src/java/org/apache/lucene/codecs/blockterms/BlockTermsReader.java,165,169
1,stackoverflow_formatted/12293735_3.java,82,89,lucene-4.3.0/lucene-4.3.0/codecs/src/java/org/apache/lucene/codecs/blockterms/BlockTermsReader.java,163,171, stackoverflow_formatted/12293735_3.java,83,87,lucene-4.3.0/lucene-4.3.0/codecs/src/java/org/apache/lucene/codecs/blockterms/BlockTermsReader.java,166,170
1,stackoverflow_formatted/12293735_3.java,82,89,lucene-4.3.0/lucene-4.3.0/codecs/src/java/org/apache/lucene/codecs/blockterms/BlockTermsReader.java,163,171, stackoverflow_formatted/12293735_3.java,83,87,lucene-4.3.0/lucene-4.3.0/codecs/src/java/org/apache/lucene/codecs/blockterms/BlockTermsReader.java,165,169
1,stackoverflow_formatted/12293735_3.java,82,89,lucene-4.3.0/lucene-4.3.0/codecs/src/java/org/apache/lucene/codecs/blockterms/BlockTermsReader.java,163,171, stackoverflow_formatted/12293735_3.java,83,88,lucene-4.3.0/lucene-4.3.0/codecs/src/java/org/apache/lucene/codecs/blockterms/BlockTermsReader.java,165,170
1,stackoverflow_formatted/12293735_3.java,82,89,lucene-4.3.0/lucene-4.3.0/core/src/test/org/apache/lucene/index/TestDocumentsWriterStallControl.java,198,206, stackoverflow_formatted/12293735_3.java,84,88,lucene-4.3.0/lucene-4.3.0/core/src/test/org/apache/lucene/index/TestDocumentsWriterStallControl.java,201,205
1,stackoverflow_formatted/12293735_3.java,82,89,lucene-4.3.0/lucene-4.3.0/core/src/test/org/apache/lucene/index/TestDocumentsWriterStallControl.java,198,206, stackoverflow_formatted/12293735_3.java,84,88,lucene-4.3.0/lucene-4.3.0/core/src/test/org/apache/lucene/index/TestDocumentsWriterStallControl.java,200,204
1,stackoverflow_formatted/12293735_3.java,82,89,lucene-4.3.0/lucene-4.3.0/core/src/test/org/apache/lucene/index/TestDocumentsWriterStallControl.java,198,206, stackoverflow_formatted/12293735_3.java,83,87,lucene-4.3.0/lucene-4.3.0/core/src/test/org/apache/lucene/index/TestDocumentsWriterStallControl.java,201,205
1,stackoverflow_formatted/12293735_3.java,82,89,lucene-4.3.0/lucene-4.3.0/core/src/test/org/apache/lucene/index/TestDocumentsWriterStallControl.java,198,206, stackoverflow_formatted/12293735_3.java,83,87,lucene-4.3.0/lucene-4.3.0/core/src/test/org/apache/lucene/index/TestDocumentsWriterStallControl.java,200,204
1,stackoverflow_formatted/12293735_3.java,82,89,lucene-4.3.0/lucene-4.3.0/core/src/test/org/apache/lucene/index/TestDocumentsWriterStallControl.java,198,206, stackoverflow_formatted/12293735_3.java,83,88,lucene-4.3.0/lucene-4.3.0/core/src/test/org/apache/lucene/index/TestDocumentsWriterStallControl.java,200,205
1,stackoverflow_formatted/12293735_3.java,82,89,lucene-4.3.0/lucene-4.3.0/codecs/src/java/org/apache/lucene/codecs/blockterms/BlockTermsWriter.java,41,49, stackoverflow_formatted/12293735_3.java,84,88,lucene-4.3.0/lucene-4.3.0/codecs/src/java/org/apache/lucene/codecs/blockterms/BlockTermsWriter.java,44,48
1,stackoverflow_formatted/12293735_3.java,82,89,lucene-4.3.0/lucene-4.3.0/codecs/src/java/org/apache/lucene/codecs/blockterms/BlockTermsWriter.java,41,49, stackoverflow_formatted/12293735_3.java,84,88,lucene-4.3.0/lucene-4.3.0/codecs/src/java/org/apache/lucene/codecs/blockterms/BlockTermsWriter.java,43,47
1,stackoverflow_formatted/12293735_3.java,82,89,lucene-4.3.0/lucene-4.3.0/codecs/src/java/org/apache/lucene/codecs/blockterms/BlockTermsWriter.java,41,49, stackoverflow_formatted/12293735_3.java,83,87,lucene-4.3.0/lucene-4.3.0/codecs/src/java/org/apache/lucene/codecs/blockterms/BlockTermsWriter.java,44,48
1,stackoverflow_formatted/12293735_3.java,82,89,lucene-4.3.0/lucene-4.3.0/codecs/src/java/org/apache/lucene/codecs/blockterms/BlockTermsWriter.java,41,49, stackoverflow_formatted/12293735_3.java,83,87,lucene-4.3.0/lucene-4.3.0/codecs/src/java/org/apache/lucene/codecs/blockterms/BlockTermsWriter.java,43,47
1,stackoverflow_formatted/12293735_3.java,82,89,lucene-4.3.0/lucene-4.3.0/codecs/src/java/org/apache/lucene/codecs/blockterms/BlockTermsWriter.java,41,49, stackoverflow_formatted/12293735_3.java,83,88,lucene-4.3.0/lucene-4.3.0/codecs/src/java/org/apache/lucene/codecs/blockterms/BlockTermsWriter.java,43,48
1,stackoverflow_formatted/12293735_3.java,82,89,lucene-4.3.0/lucene-4.3.0/grouping/src/java/org/apache/lucene/search/grouping/TopGroups.java,15,23, stackoverflow_formatted/12293735_3.java,84,88,lucene-4.3.0/lucene-4.3.0/grouping/src/java/org/apache/lucene/search/grouping/TopGroups.java,18,22
1,stackoverflow_formatted/12293735_3.java,82,89,lucene-4.3.0/lucene-4.3.0/grouping/src/java/org/apache/lucene/search/grouping/TopGroups.java,15,23, stackoverflow_formatted/12293735_3.java,84,88,lucene-4.3.0/lucene-4.3.0/grouping/src/java/org/apache/lucene/search/grouping/TopGroups.java,17,21
1,stackoverflow_formatted/12293735_3.java,82,89,lucene-4.3.0/lucene-4.3.0/grouping/src/java/org/apache/lucene/search/grouping/TopGroups.java,15,23, stackoverflow_formatted/12293735_3.java,84,88,lucene-4.3.0/lucene-4.3.0/grouping/src/java/org/apache/lucene/search/grouping/TopGroups.java,16,20
1,stackoverflow_formatted/12293735_3.java,82,89,lucene-4.3.0/lucene-4.3.0/grouping/src/java/org/apache/lucene/search/grouping/TopGroups.java,15,23, stackoverflow_formatted/12293735_3.java,83,87,lucene-4.3.0/lucene-4.3.0/grouping/src/java/org/apache/lucene/search/grouping/TopGroups.java,18,22
1,stackoverflow_formatted/12293735_3.java,82,89,lucene-4.3.0/lucene-4.3.0/grouping/src/java/org/apache/lucene/search/grouping/TopGroups.java,15,23, stackoverflow_formatted/12293735_3.java,83,87,lucene-4.3.0/lucene-4.3.0/grouping/src/java/org/apache/lucene/search/grouping/TopGroups.java,17,21
1,stackoverflow_formatted/12293735_3.java,82,89,lucene-4.3.0/lucene-4.3.0/grouping/src/java/org/apache/lucene/search/grouping/TopGroups.java,15,23, stackoverflow_formatted/12293735_3.java,83,87,lucene-4.3.0/lucene-4.3.0/grouping/src/java/org/apache/lucene/search/grouping/TopGroups.java,16,20
1,stackoverflow_formatted/12293735_3.java,82,89,lucene-4.3.0/lucene-4.3.0/grouping/src/java/org/apache/lucene/search/grouping/TopGroups.java,15,23, stackoverflow_formatted/12293735_3.java,83,88,lucene-4.3.0/lucene-4.3.0/grouping/src/java/org/apache/lucene/search/grouping/TopGroups.java,17,22
1,stackoverflow_formatted/12293735_3.java,82,89,lucene-4.3.0/lucene-4.3.0/grouping/src/java/org/apache/lucene/search/grouping/TopGroups.java,15,23, stackoverflow_formatted/12293735_3.java,83,88,lucene-4.3.0/lucene-4.3.0/grouping/src/java/org/apache/lucene/search/grouping/TopGroups.java,16,21
1,stackoverflow_formatted/12293735_3.java,82,89,lucene-4.3.0/lucene-4.3.0/join/src/java/org/apache/lucene/search/join/TermsIncludingScoreQuery.java,31,39, stackoverflow_formatted/12293735_3.java,84,88,lucene-4.3.0/lucene-4.3.0/join/src/java/org/apache/lucene/search/join/TermsIncludingScoreQuery.java,32,36
1,stackoverflow_formatted/12293735_3.java,82,89,lucene-4.3.0/lucene-4.3.0/join/src/java/org/apache/lucene/search/join/TermsIncludingScoreQuery.java,31,39, stackoverflow_formatted/12293735_3.java,83,87,lucene-4.3.0/lucene-4.3.0/join/src/java/org/apache/lucene/search/join/TermsIncludingScoreQuery.java,32,36
1,stackoverflow_formatted/12293735_3.java,82,89,lucene-4.3.0/lucene-4.3.0/test-framework/src/java/org/apache/lucene/analysis/BaseTokenStreamTestCase.java,281,290, stackoverflow_formatted/12293735_3.java,84,88,lucene-4.3.0/lucene-4.3.0/test-framework/src/java/org/apache/lucene/analysis/BaseTokenStreamTestCase.java,285,289
1,stackoverflow_formatted/12293735_3.java,82,89,lucene-4.3.0/lucene-4.3.0/test-framework/src/java/org/apache/lucene/analysis/BaseTokenStreamTestCase.java,281,290, stackoverflow_formatted/12293735_3.java,84,88,lucene-4.3.0/lucene-4.3.0/test-framework/src/java/org/apache/lucene/analysis/BaseTokenStreamTestCase.java,284,288
1,stackoverflow_formatted/12293735_3.java,82,89,lucene-4.3.0/lucene-4.3.0/test-framework/src/java/org/apache/lucene/analysis/BaseTokenStreamTestCase.java,281,290, stackoverflow_formatted/12293735_3.java,84,88,lucene-4.3.0/lucene-4.3.0/test-framework/src/java/org/apache/lucene/analysis/BaseTokenStreamTestCase.java,283,287
1,stackoverflow_formatted/12293735_3.java,82,89,lucene-4.3.0/lucene-4.3.0/test-framework/src/java/org/apache/lucene/analysis/BaseTokenStreamTestCase.java,281,290, stackoverflow_formatted/12293735_3.java,84,88,lucene-4.3.0/lucene-4.3.0/test-framework/src/java/org/apache/lucene/analysis/BaseTokenStreamTestCase.java,282,286
1,stackoverflow_formatted/12293735_3.java,82,89,lucene-4.3.0/lucene-4.3.0/test-framework/src/java/org/apache/lucene/analysis/BaseTokenStreamTestCase.java,281,290, stackoverflow_formatted/12293735_3.java,83,87,lucene-4.3.0/lucene-4.3.0/test-framework/src/java/org/apache/lucene/analysis/BaseTokenStreamTestCase.java,285,289
1,stackoverflow_formatted/12293735_3.java,82,89,lucene-4.3.0/lucene-4.3.0/test-framework/src/java/org/apache/lucene/analysis/BaseTokenStreamTestCase.java,281,290, stackoverflow_formatted/12293735_3.java,83,87,lucene-4.3.0/lucene-4.3.0/test-framework/src/java/org/apache/lucene/analysis/BaseTokenStreamTestCase.java,284,288
1,stackoverflow_formatted/12293735_3.java,82,89,lucene-4.3.0/lucene-4.3.0/test-framework/src/java/org/apache/lucene/analysis/BaseTokenStreamTestCase.java,281,290, stackoverflow_formatted/12293735_3.java,83,87,lucene-4.3.0/lucene-4.3.0/test-framework/src/java/org/apache/lucene/analysis/BaseTokenStreamTestCase.java,283,287
1,stackoverflow_formatted/12293735_3.java,82,89,lucene-4.3.0/lucene-4.3.0/test-framework/src/java/org/apache/lucene/analysis/BaseTokenStreamTestCase.java,281,290, stackoverflow_formatted/12293735_3.java,83,87,lucene-4.3.0/lucene-4.3.0/test-framework/src/java/org/apache/lucene/analysis/BaseTokenStreamTestCase.java,282,286
1,stackoverflow_formatted/12293735_3.java,82,89,lucene-4.3.0/lucene-4.3.0/test-framework/src/java/org/apache/lucene/analysis/BaseTokenStreamTestCase.java,281,290, stackoverflow_formatted/12293735_3.java,83,88,lucene-4.3.0/lucene-4.3.0/test-framework/src/java/org/apache/lucene/analysis/BaseTokenStreamTestCase.java,284,289
1,stackoverflow_formatted/12293735_3.java,82,89,lucene-4.3.0/lucene-4.3.0/test-framework/src/java/org/apache/lucene/analysis/BaseTokenStreamTestCase.java,281,290, stackoverflow_formatted/12293735_3.java,83,88,lucene-4.3.0/lucene-4.3.0/test-framework/src/java/org/apache/lucene/analysis/BaseTokenStreamTestCase.java,283,288
1,stackoverflow_formatted/12293735_3.java,82,89,lucene-4.3.0/lucene-4.3.0/test-framework/src/java/org/apache/lucene/analysis/BaseTokenStreamTestCase.java,281,290, stackoverflow_formatted/12293735_3.java,83,88,lucene-4.3.0/lucene-4.3.0/test-framework/src/java/org/apache/lucene/analysis/BaseTokenStreamTestCase.java,282,287
1,stackoverflow_formatted/12293735_3.java,82,89,lucene-4.3.0/lucene-4.3.0/analysis/common/src/java/org/apache/lucene/analysis/miscellaneous/CapitalizationFilter.java,24,33, stackoverflow_formatted/12293735_3.java,84,88,lucene-4.3.0/lucene-4.3.0/analysis/common/src/java/org/apache/lucene/analysis/miscellaneous/CapitalizationFilter.java,28,32
1,stackoverflow_formatted/12293735_3.java,82,89,lucene-4.3.0/lucene-4.3.0/analysis/common/src/java/org/apache/lucene/analysis/miscellaneous/CapitalizationFilter.java,24,33, stackoverflow_formatted/12293735_3.java,84,88,lucene-4.3.0/lucene-4.3.0/analysis/common/src/java/org/apache/lucene/analysis/miscellaneous/CapitalizationFilter.java,27,31
1,stackoverflow_formatted/12293735_3.java,82,89,lucene-4.3.0/lucene-4.3.0/analysis/common/src/java/org/apache/lucene/analysis/miscellaneous/CapitalizationFilter.java,24,33, stackoverflow_formatted/12293735_3.java,84,88,lucene-4.3.0/lucene-4.3.0/analysis/common/src/java/org/apache/lucene/analysis/miscellaneous/CapitalizationFilter.java,26,30
1,stackoverflow_formatted/12293735_3.java,82,89,lucene-4.3.0/lucene-4.3.0/analysis/common/src/java/org/apache/lucene/analysis/miscellaneous/CapitalizationFilter.java,24,33, stackoverflow_formatted/12293735_3.java,83,87,lucene-4.3.0/lucene-4.3.0/analysis/common/src/java/org/apache/lucene/analysis/miscellaneous/CapitalizationFilter.java,28,32
1,stackoverflow_formatted/12293735_3.java,82,89,lucene-4.3.0/lucene-4.3.0/analysis/common/src/java/org/apache/lucene/analysis/miscellaneous/CapitalizationFilter.java,24,33, stackoverflow_formatted/12293735_3.java,83,87,lucene-4.3.0/lucene-4.3.0/analysis/common/src/java/org/apache/lucene/analysis/miscellaneous/CapitalizationFilter.java,27,31
1,stackoverflow_formatted/12293735_3.java,82,89,lucene-4.3.0/lucene-4.3.0/analysis/common/src/java/org/apache/lucene/analysis/miscellaneous/CapitalizationFilter.java,24,33, stackoverflow_formatted/12293735_3.java,83,87,lucene-4.3.0/lucene-4.3.0/analysis/common/src/java/org/apache/lucene/analysis/miscellaneous/CapitalizationFilter.java,26,30
1,stackoverflow_formatted/12293735_3.java,82,89,lucene-4.3.0/lucene-4.3.0/analysis/common/src/java/org/apache/lucene/analysis/miscellaneous/CapitalizationFilter.java,24,33, stackoverflow_formatted/12293735_3.java,83,88,lucene-4.3.0/lucene-4.3.0/analysis/common/src/java/org/apache/lucene/analysis/miscellaneous/CapitalizationFilter.java,27,32
1,stackoverflow_formatted/12293735_3.java,82,89,lucene-4.3.0/lucene-4.3.0/analysis/common/src/java/org/apache/lucene/analysis/miscellaneous/CapitalizationFilter.java,24,33, stackoverflow_formatted/12293735_3.java,83,88,lucene-4.3.0/lucene-4.3.0/analysis/common/src/java/org/apache/lucene/analysis/miscellaneous/CapitalizationFilter.java,26,31
1,stackoverflow_formatted/12293735_3.java,82,89,lucene-4.3.0/lucene-4.3.0/core/src/java/org/apache/lucene/codecs/lucene3x/Lucene3xStoredFieldsReader.java,65,74, stackoverflow_formatted/12293735_3.java,84,88,lucene-4.3.0/lucene-4.3.0/core/src/java/org/apache/lucene/codecs/lucene3x/Lucene3xStoredFieldsReader.java,69,73
1,stackoverflow_formatted/12293735_3.java,82,89,lucene-4.3.0/lucene-4.3.0/core/src/java/org/apache/lucene/codecs/lucene3x/Lucene3xStoredFieldsReader.java,65,74, stackoverflow_formatted/12293735_3.java,84,88,lucene-4.3.0/lucene-4.3.0/core/src/java/org/apache/lucene/codecs/lucene3x/Lucene3xStoredFieldsReader.java,68,72
1,stackoverflow_formatted/12293735_3.java,82,89,lucene-4.3.0/lucene-4.3.0/core/src/java/org/apache/lucene/codecs/lucene3x/Lucene3xStoredFieldsReader.java,65,74, stackoverflow_formatted/12293735_3.java,84,88,lucene-4.3.0/lucene-4.3.0/core/src/java/org/apache/lucene/codecs/lucene3x/Lucene3xStoredFieldsReader.java,67,71
1,stackoverflow_formatted/12293735_3.java,82,89,lucene-4.3.0/lucene-4.3.0/core/src/java/org/apache/lucene/codecs/lucene3x/Lucene3xStoredFieldsReader.java,65,74, stackoverflow_formatted/12293735_3.java,84,88,lucene-4.3.0/lucene-4.3.0/core/src/java/org/apache/lucene/codecs/lucene3x/Lucene3xStoredFieldsReader.java,66,70
1,stackoverflow_formatted/12293735_3.java,82,89,lucene-4.3.0/lucene-4.3.0/core/src/java/org/apache/lucene/codecs/lucene3x/Lucene3xStoredFieldsReader.java,65,74, stackoverflow_formatted/12293735_3.java,83,87,lucene-4.3.0/lucene-4.3.0/core/src/java/org/apache/lucene/codecs/lucene3x/Lucene3xStoredFieldsReader.java,69,73
1,stackoverflow_formatted/12293735_3.java,82,89,lucene-4.3.0/lucene-4.3.0/core/src/java/org/apache/lucene/codecs/lucene3x/Lucene3xStoredFieldsReader.java,65,74, stackoverflow_formatted/12293735_3.java,83,87,lucene-4.3.0/lucene-4.3.0/core/src/java/org/apache/lucene/codecs/lucene3x/Lucene3xStoredFieldsReader.java,68,72
1,stackoverflow_formatted/12293735_3.java,82,89,lucene-4.3.0/lucene-4.3.0/core/src/java/org/apache/lucene/codecs/lucene3x/Lucene3xStoredFieldsReader.java,65,74, stackoverflow_formatted/12293735_3.java,83,87,lucene-4.3.0/lucene-4.3.0/core/src/java/org/apache/lucene/codecs/lucene3x/Lucene3xStoredFieldsReader.java,67,71
1,stackoverflow_formatted/12293735_3.java,82,89,lucene-4.3.0/lucene-4.3.0/core/src/java/org/apache/lucene/codecs/lucene3x/Lucene3xStoredFieldsReader.java,65,74, stackoverflow_formatted/12293735_3.java,83,87,lucene-4.3.0/lucene-4.3.0/core/src/java/org/apache/lucene/codecs/lucene3x/Lucene3xStoredFieldsReader.java,66,70
1,stackoverflow_formatted/12293735_3.java,82,89,lucene-4.3.0/lucene-4.3.0/core/src/java/org/apache/lucene/codecs/lucene3x/Lucene3xStoredFieldsReader.java,65,74, stackoverflow_formatted/12293735_3.java,83,88,lucene-4.3.0/lucene-4.3.0/core/src/java/org/apache/lucene/codecs/lucene3x/Lucene3xStoredFieldsReader.java,68,73
1,stackoverflow_formatted/12293735_3.java,82,89,lucene-4.3.0/lucene-4.3.0/core/src/java/org/apache/lucene/codecs/lucene3x/Lucene3xStoredFieldsReader.java,65,74, stackoverflow_formatted/12293735_3.java,83,88,lucene-4.3.0/lucene-4.3.0/core/src/java/org/apache/lucene/codecs/lucene3x/Lucene3xStoredFieldsReader.java,67,72
1,stackoverflow_formatted/12293735_3.java,82,89,lucene-4.3.0/lucene-4.3.0/core/src/java/org/apache/lucene/codecs/lucene3x/Lucene3xStoredFieldsReader.java,65,74, stackoverflow_formatted/12293735_3.java,83,88,lucene-4.3.0/lucene-4.3.0/core/src/java/org/apache/lucene/codecs/lucene3x/Lucene3xStoredFieldsReader.java,66,71
1,stackoverflow_formatted/12293735_3.java,82,89,lucene-4.3.0/lucene-4.3.0/core/src/java/org/apache/lucene/codecs/BlockTreeTermsWriter.java,161,169, stackoverflow_formatted/12293735_3.java,84,88,lucene-4.3.0/lucene-4.3.0/core/src/java/org/apache/lucene/codecs/BlockTreeTermsWriter.java,164,168
1,stackoverflow_formatted/12293735_3.java,82,89,lucene-4.3.0/lucene-4.3.0/core/src/java/org/apache/lucene/codecs/BlockTreeTermsWriter.java,161,169, stackoverflow_formatted/12293735_3.java,84,88,lucene-4.3.0/lucene-4.3.0/core/src/java/org/apache/lucene/codecs/BlockTreeTermsWriter.java,163,167
1,stackoverflow_formatted/12293735_3.java,82,89,lucene-4.3.0/lucene-4.3.0/core/src/java/org/apache/lucene/codecs/BlockTreeTermsWriter.java,161,169, stackoverflow_formatted/12293735_3.java,83,87,lucene-4.3.0/lucene-4.3.0/core/src/java/org/apache/lucene/codecs/BlockTreeTermsWriter.java,164,168
1,stackoverflow_formatted/12293735_3.java,82,89,lucene-4.3.0/lucene-4.3.0/core/src/java/org/apache/lucene/codecs/BlockTreeTermsWriter.java,161,169, stackoverflow_formatted/12293735_3.java,83,87,lucene-4.3.0/lucene-4.3.0/core/src/java/org/apache/lucene/codecs/BlockTreeTermsWriter.java,163,167
1,stackoverflow_formatted/12293735_3.java,82,89,lucene-4.3.0/lucene-4.3.0/core/src/java/org/apache/lucene/codecs/BlockTreeTermsWriter.java,161,169, stackoverflow_formatted/12293735_3.java,83,88,lucene-4.3.0/lucene-4.3.0/core/src/java/org/apache/lucene/codecs/BlockTreeTermsWriter.java,163,168
1,stackoverflow_formatted/12293735_3.java,82,89,lucene-4.3.0/lucene-4.3.0/join/src/java/org/apache/lucene/search/join/TermsIncludingScoreQuery.java,40,48, stackoverflow_formatted/12293735_3.java,84,88,lucene-4.3.0/lucene-4.3.0/join/src/java/org/apache/lucene/search/join/TermsIncludingScoreQuery.java,43,47
1,stackoverflow_formatted/12293735_3.java,82,89,lucene-4.3.0/lucene-4.3.0/join/src/java/org/apache/lucene/search/join/TermsIncludingScoreQuery.java,40,48, stackoverflow_formatted/12293735_3.java,84,88,lucene-4.3.0/lucene-4.3.0/join/src/java/org/apache/lucene/search/join/TermsIncludingScoreQuery.java,42,46
1,stackoverflow_formatted/12293735_3.java,82,89,lucene-4.3.0/lucene-4.3.0/join/src/java/org/apache/lucene/search/join/TermsIncludingScoreQuery.java,40,48, stackoverflow_formatted/12293735_3.java,84,88,lucene-4.3.0/lucene-4.3.0/join/src/java/org/apache/lucene/search/join/TermsIncludingScoreQuery.java,41,45
1,stackoverflow_formatted/12293735_3.java,82,89,lucene-4.3.0/lucene-4.3.0/join/src/java/org/apache/lucene/search/join/TermsIncludingScoreQuery.java,40,48, stackoverflow_formatted/12293735_3.java,83,87,lucene-4.3.0/lucene-4.3.0/join/src/java/org/apache/lucene/search/join/TermsIncludingScoreQuery.java,43,47
1,stackoverflow_formatted/12293735_3.java,82,89,lucene-4.3.0/lucene-4.3.0/join/src/java/org/apache/lucene/search/join/TermsIncludingScoreQuery.java,40,48, stackoverflow_formatted/12293735_3.java,83,87,lucene-4.3.0/lucene-4.3.0/join/src/java/org/apache/lucene/search/join/TermsIncludingScoreQuery.java,42,46
1,stackoverflow_formatted/12293735_3.java,82,89,lucene-4.3.0/lucene-4.3.0/join/src/java/org/apache/lucene/search/join/TermsIncludingScoreQuery.java,40,48, stackoverflow_formatted/12293735_3.java,83,87,lucene-4.3.0/lucene-4.3.0/join/src/java/org/apache/lucene/search/join/TermsIncludingScoreQuery.java,41,45
1,stackoverflow_formatted/12293735_3.java,82,89,lucene-4.3.0/lucene-4.3.0/join/src/java/org/apache/lucene/search/join/TermsIncludingScoreQuery.java,40,48, stackoverflow_formatted/12293735_3.java,83,88,lucene-4.3.0/lucene-4.3.0/join/src/java/org/apache/lucene/search/join/TermsIncludingScoreQuery.java,42,47
1,stackoverflow_formatted/12293735_3.java,82,89,lucene-4.3.0/lucene-4.3.0/join/src/java/org/apache/lucene/search/join/TermsIncludingScoreQuery.java,40,48, stackoverflow_formatted/12293735_3.java,83,88,lucene-4.3.0/lucene-4.3.0/join/src/java/org/apache/lucene/search/join/TermsIncludingScoreQuery.java,41,46
1,stackoverflow_formatted/12293735_3.java,82,89,lucene-4.3.0/lucene-4.3.0/core/src/java/org/apache/lucene/index/SegmentWriteState.java,20,29, stackoverflow_formatted/12293735_3.java,84,88,lucene-4.3.0/lucene-4.3.0/core/src/java/org/apache/lucene/index/SegmentWriteState.java,22,26
1,stackoverflow_formatted/12293735_3.java,82,89,lucene-4.3.0/lucene-4.3.0/core/src/java/org/apache/lucene/index/SegmentWriteState.java,20,29, stackoverflow_formatted/12293735_3.java,84,88,lucene-4.3.0/lucene-4.3.0/core/src/java/org/apache/lucene/index/SegmentWriteState.java,21,25
1,stackoverflow_formatted/12293735_3.java,82,89,lucene-4.3.0/lucene-4.3.0/core/src/java/org/apache/lucene/index/SegmentWriteState.java,20,29, stackoverflow_formatted/12293735_3.java,83,87,lucene-4.3.0/lucene-4.3.0/core/src/java/org/apache/lucene/index/SegmentWriteState.java,22,26
1,stackoverflow_formatted/12293735_3.java,82,89,lucene-4.3.0/lucene-4.3.0/core/src/java/org/apache/lucene/index/SegmentWriteState.java,20,29, stackoverflow_formatted/12293735_3.java,83,87,lucene-4.3.0/lucene-4.3.0/core/src/java/org/apache/lucene/index/SegmentWriteState.java,21,25
1,stackoverflow_formatted/12293735_3.java,82,89,lucene-4.3.0/lucene-4.3.0/core/src/java/org/apache/lucene/index/SegmentWriteState.java,20,29, stackoverflow_formatted/12293735_3.java,83,88,lucene-4.3.0/lucene-4.3.0/core/src/java/org/apache/lucene/index/SegmentWriteState.java,21,26
1,stackoverflow_formatted/12293735_3.java,82,89,lucene-4.3.0/lucene-4.3.0/codecs/src/java/org/apache/lucene/codecs/blockterms/FixedGapTermsIndexReader.java,181,190, stackoverflow_formatted/12293735_3.java,84,88,lucene-4.3.0/lucene-4.3.0/codecs/src/java/org/apache/lucene/codecs/blockterms/FixedGapTermsIndexReader.java,182,186
1,stackoverflow_formatted/12293735_3.java,82,89,lucene-4.3.0/lucene-4.3.0/codecs/src/java/org/apache/lucene/codecs/blockterms/FixedGapTermsIndexReader.java,181,190, stackoverflow_formatted/12293735_3.java,83,87,lucene-4.3.0/lucene-4.3.0/codecs/src/java/org/apache/lucene/codecs/blockterms/FixedGapTermsIndexReader.java,182,186
0.833333333,stackoverflow_formatted/12293735_3.java,71,78,lucene-4.3.0/lucene-4.3.0/core/src/java/org/apache/lucene/index/FieldInfo.java,39,45, stackoverflow_formatted/12293735_3.java,73,77,lucene-4.3.0/lucene-4.3.0/core/src/java/org/apache/lucene/index/FieldInfo.java,41,46
1,stackoverflow_formatted/12293735_3.java,71,78,lucene-4.3.0/lucene-4.3.0/core/src/java/org/apache/lucene/index/FieldInfo.java,39,45, stackoverflow_formatted/12293735_3.java,73,77,lucene-4.3.0/lucene-4.3.0/core/src/java/org/apache/lucene/index/FieldInfo.java,40,44
0.833333333,stackoverflow_formatted/12293735_3.java,71,78,lucene-4.3.0/lucene-4.3.0/core/src/java/org/apache/lucene/index/FieldInfo.java,39,45, stackoverflow_formatted/12293735_3.java,72,76,lucene-4.3.0/lucene-4.3.0/core/src/java/org/apache/lucene/index/FieldInfo.java,41,46
1,stackoverflow_formatted/12293735_3.java,71,78,lucene-4.3.0/lucene-4.3.0/core/src/java/org/apache/lucene/index/FieldInfo.java,39,45, stackoverflow_formatted/12293735_3.java,72,76,lucene-4.3.0/lucene-4.3.0/core/src/java/org/apache/lucene/index/FieldInfo.java,40,44
0.857142857,stackoverflow_formatted/12293735_3.java,71,78,lucene-4.3.0/lucene-4.3.0/core/src/java/org/apache/lucene/index/FieldInfo.java,39,45, stackoverflow_formatted/12293735_3.java,72,77,lucene-4.3.0/lucene-4.3.0/core/src/java/org/apache/lucene/index/FieldInfo.java,40,46
1,stackoverflow_formatted/11373643_0.java,21,25,apache-roller-4.0.1/apache-roller-src-4.0.1/apps/weblogger/src/java/org/apache/roller/weblogger/business/search/IndexManagerImpl.java,191,195, stackoverflow_formatted/11373643_0.java,20,25,apache-roller-4.0.1/apache-roller-src-4.0.1/apps/weblogger/src/java/org/apache/roller/weblogger/business/search/IndexManagerImpl.java,190,195
1,stackoverflow_formatted/11373643_0.java,21,25,apache-roller-4.0.1/apache-roller-src-4.0.1/apps/weblogger/src/java/org/apache/roller/weblogger/business/search/IndexManagerImpl.java,214,218, stackoverflow_formatted/11373643_0.java,20,25,apache-roller-4.0.1/apache-roller-src-4.0.1/apps/weblogger/src/java/org/apache/roller/weblogger/business/search/IndexManagerImpl.java,213,218
1,stackoverflow_formatted/11373643_0.java,21,25,apache-roller-4.0.1/apache-roller-src-4.0.1/apps/weblogger/src/java/org/apache/roller/weblogger/business/startup/DatabaseInstaller.java,44,48, stackoverflow_formatted/11373643_0.java,20,25,apache-roller-4.0.1/apache-roller-src-4.0.1/apps/weblogger/src/java/org/apache/roller/weblogger/business/startup/DatabaseInstaller.java,43,48
1,stackoverflow_formatted/11373643_0.java,21,25,apache-roller-4.0.1/apache-roller-src-4.0.1/apps/weblogger/src/java/org/apache/roller/weblogger/business/startup/DatabaseInstaller.java,68,72, stackoverflow_formatted/11373643_0.java,20,25,apache-roller-4.0.1/apache-roller-src-4.0.1/apps/weblogger/src/java/org/apache/roller/weblogger/business/startup/DatabaseInstaller.java,67,72
1,stackoverflow_formatted/11373643_0.java,21,25,apache-roller-4.0.1/apache-roller-src-4.0.1/apps/weblogger/src/java/org/apache/roller/weblogger/business/startup/DatabaseInstaller.java,121,125, stackoverflow_formatted/11373643_0.java,20,25,apache-roller-4.0.1/apache-roller-src-4.0.1/apps/weblogger/src/java/org/apache/roller/weblogger/business/startup/DatabaseInstaller.java,120,125
1,stackoverflow_formatted/11373643_0.java,21,25,apache-roller-4.0.1/apache-roller-src-4.0.1/apps/weblogger/src/java/org/apache/roller/weblogger/business/startup/DatabaseInstaller.java,185,189, stackoverflow_formatted/11373643_0.java,20,25,apache-roller-4.0.1/apache-roller-src-4.0.1/apps/weblogger/src/java/org/apache/roller/weblogger/business/startup/DatabaseInstaller.java,184,189
1,stackoverflow_formatted/11373643_0.java,21,25,apache-roller-4.0.1/apache-roller-src-4.0.1/apps/weblogger/src/java/org/apache/roller/weblogger/business/startup/DatabaseInstaller.java,831,835, stackoverflow_formatted/11373643_0.java,20,25,apache-roller-4.0.1/apache-roller-src-4.0.1/apps/weblogger/src/java/org/apache/roller/weblogger/business/startup/DatabaseInstaller.java,830,835
1,stackoverflow_formatted/11373643_0.java,21,25,apache-roller-4.0.1/apache-roller-src-4.0.1/apps/weblogger/src/java/org/apache/roller/weblogger/util/Blacklist.java,156,160, stackoverflow_formatted/11373643_0.java,20,25,apache-roller-4.0.1/apache-roller-src-4.0.1/apps/weblogger/src/java/org/apache/roller/weblogger/util/Blacklist.java,155,160
1,stackoverflow_formatted/11373643_0.java,20,26,apache-roller-4.0.1/apache-roller-src-4.0.1/apps/weblogger/src/java/org/apache/roller/weblogger/business/startup/DatabaseInstaller.java,830,836, stackoverflow_formatted/11373643_0.java,20,25,apache-roller-4.0.1/apache-roller-src-4.0.1/apps/weblogger/src/java/org/apache/roller/weblogger/business/startup/DatabaseInstaller.java,830,835
1,stackoverflow_formatted/11373643_0.java,20,26,apache-roller-4.0.1/apache-roller-src-4.0.1/apps/weblogger/src/java/org/apache/roller/weblogger/business/startup/DatabaseInstaller.java,184,190, stackoverflow_formatted/11373643_0.java,20,25,apache-roller-4.0.1/apache-roller-src-4.0.1/apps/weblogger/src/java/org/apache/roller/weblogger/business/startup/DatabaseInstaller.java,184,189
1,stackoverflow_formatted/11373643_0.java,20,26,apache-roller-4.0.1/apache-roller-src-4.0.1/apps/weblogger/src/java/org/apache/roller/weblogger/business/startup/DatabaseInstaller.java,67,74, stackoverflow_formatted/11373643_0.java,20,25,apache-roller-4.0.1/apache-roller-src-4.0.1/apps/weblogger/src/java/org/apache/roller/weblogger/business/startup/DatabaseInstaller.java,67,72
1,stackoverflow_formatted/11373643_0.java,20,26,apache-roller-4.0.1/apache-roller-src-4.0.1/apps/weblogger/src/java/org/apache/roller/weblogger/business/startup/DatabaseInstaller.java,43,49, stackoverflow_formatted/11373643_0.java,20,25,apache-roller-4.0.1/apache-roller-src-4.0.1/apps/weblogger/src/java/org/apache/roller/weblogger/business/startup/DatabaseInstaller.java,43,48
1,stackoverflow_formatted/11373643_0.java,20,26,apache-roller-4.0.1/apache-roller-src-4.0.1/apps/weblogger/src/java/org/apache/roller/weblogger/util/Blacklist.java,155,163, stackoverflow_formatted/11373643_0.java,20,25,apache-roller-4.0.1/apache-roller-src-4.0.1/apps/weblogger/src/java/org/apache/roller/weblogger/util/Blacklist.java,155,160
1,stackoverflow_formatted/11373643_0.java,20,26,apache-roller-4.0.1/apache-roller-src-4.0.1/apps/weblogger/src/java/org/apache/roller/weblogger/business/search/IndexManagerImpl.java,190,197, stackoverflow_formatted/11373643_0.java,20,25,apache-roller-4.0.1/apache-roller-src-4.0.1/apps/weblogger/src/java/org/apache/roller/weblogger/business/search/IndexManagerImpl.java,190,195
1,stackoverflow_formatted/11373643_0.java,20,26,apache-roller-4.0.1/apache-roller-src-4.0.1/apps/weblogger/src/java/org/apache/roller/weblogger/business/startup/DatabaseInstaller.java,120,126, stackoverflow_formatted/11373643_0.java,20,25,apache-roller-4.0.1/apache-roller-src-4.0.1/apps/weblogger/src/java/org/apache/roller/weblogger/business/startup/DatabaseInstaller.java,120,125
1,stackoverflow_formatted/11373643_0.java,20,26,apache-roller-4.0.1/apache-roller-src-4.0.1/apps/weblogger/src/java/org/apache/roller/weblogger/business/search/IndexManagerImpl.java,213,221, stackoverflow_formatted/11373643_0.java,20,25,apache-roller-4.0.1/apache-roller-src-4.0.1/apps/weblogger/src/java/org/apache/roller/weblogger/business/search/IndexManagerImpl.java,213,218
1,stackoverflow_formatted/11373643_0.java,21,25,lucene-4.3.0/lucene-4.3.0/memory/src/java/org/apache/lucene/index/memory/MemoryIndex.java,220,224, stackoverflow_formatted/11373643_0.java,20,25,lucene-4.3.0/lucene-4.3.0/memory/src/java/org/apache/lucene/index/memory/MemoryIndex.java,219,224
1,stackoverflow_formatted/11373643_0.java,21,25,lucene-4.3.0/lucene-4.3.0/memory/src/java/org/apache/lucene/index/memory/MemoryIndex.java,220,224, stackoverflow_formatted/11373643_0.java,18,25,lucene-4.3.0/lucene-4.3.0/memory/src/java/org/apache/lucene/index/memory/MemoryIndex.java,217,224
1,stackoverflow_formatted/11373643_0.java,20,26,lucene-4.3.0/lucene-4.3.0/memory/src/java/org/apache/lucene/index/memory/MemoryIndex.java,219,227, stackoverflow_formatted/11373643_0.java,20,25,lucene-4.3.0/lucene-4.3.0/memory/src/java/org/apache/lucene/index/memory/MemoryIndex.java,219,224
0.75,stackoverflow_formatted/11373643_0.java,20,26,lucene-4.3.0/lucene-4.3.0/memory/src/java/org/apache/lucene/index/memory/MemoryIndex.java,219,227, stackoverflow_formatted/11373643_0.java,18,25,lucene-4.3.0/lucene-4.3.0/memory/src/java/org/apache/lucene/index/memory/MemoryIndex.java,217,224
1,stackoverflow_formatted/11373643_0.java,21,25,mvnforum-1.2.2-mvnad-1.0.1/mvnforum-1.2.2-mvnad-1.0.1-src-20100817/myvietnam/src/net/myvietnam/mvncore/util/MailUtil.java,277,281, stackoverflow_formatted/11373643_0.java,20,25,mvnforum-1.2.2-mvnad-1.0.1/mvnforum-1.2.2-mvnad-1.0.1-src-20100817/myvietnam/src/net/myvietnam/mvncore/util/MailUtil.java,276,281
1,stackoverflow_formatted/11373643_0.java,21,25,mvnforum-1.2.2-mvnad-1.0.1/mvnforum-1.2.2-mvnad-1.0.1-src-20100817/myvietnam/src/net/myvietnam/mvncore/util/ImageUtil.java,169,173, stackoverflow_formatted/11373643_0.java,20,25,mvnforum-1.2.2-mvnad-1.0.1/mvnforum-1.2.2-mvnad-1.0.1-src-20100817/myvietnam/src/net/myvietnam/mvncore/util/ImageUtil.java,168,173
1,stackoverflow_formatted/11373643_0.java,21,25,mvnforum-1.2.2-mvnad-1.0.1/mvnforum-1.2.2-mvnad-1.0.1-src-20100817/myvietnam/src/net/myvietnam/mvncore/util/FileUtil.java,378,382, stackoverflow_formatted/11373643_0.java,20,25,mvnforum-1.2.2-mvnad-1.0.1/mvnforum-1.2.2-mvnad-1.0.1-src-20100817/myvietnam/src/net/myvietnam/mvncore/util/FileUtil.java,377,382
1,stackoverflow_formatted/11373643_0.java,21,25,mvnforum-1.2.2-mvnad-1.0.1/mvnforum-1.2.2-mvnad-1.0.1-src-20100817/myvietnam/src/net/myvietnam/mvncore/util/FileUtil.java,340,344, stackoverflow_formatted/11373643_0.java,20,25,mvnforum-1.2.2-mvnad-1.0.1/mvnforum-1.2.2-mvnad-1.0.1-src-20100817/myvietnam/src/net/myvietnam/mvncore/util/FileUtil.java,339,344
1,stackoverflow_formatted/11373643_0.java,20,26,mvnforum-1.2.2-mvnad-1.0.1/mvnforum-1.2.2-mvnad-1.0.1-src-20100817/myvietnam/src/net/myvietnam/mvncore/util/ImageUtil.java,168,176, stackoverflow_formatted/11373643_0.java,20,25,mvnforum-1.2.2-mvnad-1.0.1/mvnforum-1.2.2-mvnad-1.0.1-src-20100817/myvietnam/src/net/myvietnam/mvncore/util/ImageUtil.java,168,173
1,stackoverflow_formatted/11373643_0.java,20,26,mvnforum-1.2.2-mvnad-1.0.1/mvnforum-1.2.2-mvnad-1.0.1-src-20100817/myvietnam/src/net/myvietnam/mvncore/util/FileUtil.java,339,345, stackoverflow_formatted/11373643_0.java,20,25,mvnforum-1.2.2-mvnad-1.0.1/mvnforum-1.2.2-mvnad-1.0.1-src-20100817/myvietnam/src/net/myvietnam/mvncore/util/FileUtil.java,339,344
1,stackoverflow_formatted/11373643_0.java,20,26,mvnforum-1.2.2-mvnad-1.0.1/mvnforum-1.2.2-mvnad-1.0.1-src-20100817/myvietnam/src/net/myvietnam/mvncore/util/FileUtil.java,377,383, stackoverflow_formatted/11373643_0.java,20,25,mvnforum-1.2.2-mvnad-1.0.1/mvnforum-1.2.2-mvnad-1.0.1-src-20100817/myvietnam/src/net/myvietnam/mvncore/util/FileUtil.java,377,382
1,stackoverflow_formatted/11373643_0.java,21,25,nakedobjects-4.0.0/nakedobjects-4.0.0/plugins/hibernate-persistor/src/main/java/org/nakedobjects/plugins/hibernate/objectstore/tools/internal/Nof2HbmXml.java,659,663, stackoverflow_formatted/11373643_0.java,20,25,nakedobjects-4.0.0/nakedobjects-4.0.0/plugins/hibernate-persistor/src/main/java/org/nakedobjects/plugins/hibernate/objectstore/tools/internal/Nof2HbmXml.java,658,663
1,stackoverflow_formatted/11373643_0.java,21,25,nakedobjects-4.0.0/nakedobjects-4.0.0/plugins/hibernate-persistor/src/main/java/org/nakedobjects/plugins/hibernate/objectstore/tools/internal/Nof2HbmXml.java,659,663, stackoverflow_formatted/11373643_0.java,18,25,nakedobjects-4.0.0/nakedobjects-4.0.0/plugins/hibernate-persistor/src/main/java/org/nakedobjects/plugins/hibernate/objectstore/tools/internal/Nof2HbmXml.java,656,663
1,stackoverflow_formatted/11373643_0.java,21,25,nakedobjects-4.0.0/nakedobjects-4.0.0/core/runtime/src/main/java/org/nakedobjects/runtime/authorization/standard/ldap/LdapAuthorizor.java,71,75, stackoverflow_formatted/11373643_0.java,20,25,nakedobjects-4.0.0/nakedobjects-4.0.0/core/runtime/src/main/java/org/nakedobjects/runtime/authorization/standard/ldap/LdapAuthorizor.java,70,75
1,stackoverflow_formatted/11373643_0.java,21,25,nakedobjects-4.0.0/nakedobjects-4.0.0/core/runtime/src/main/java/org/nakedobjects/runtime/authentication/standard/ldap/LdapAuthenticator.java,73,77, stackoverflow_formatted/11373643_0.java,20,25,nakedobjects-4.0.0/nakedobjects-4.0.0/core/runtime/src/main/java/org/nakedobjects/runtime/authentication/standard/ldap/LdapAuthenticator.java,72,77
1,stackoverflow_formatted/11373643_0.java,20,26,nakedobjects-4.0.0/nakedobjects-4.0.0/core/runtime/src/main/java/org/nakedobjects/runtime/authentication/standard/ldap/LdapAuthenticator.java,72,80, stackoverflow_formatted/11373643_0.java,20,25,nakedobjects-4.0.0/nakedobjects-4.0.0/core/runtime/src/main/java/org/nakedobjects/runtime/authentication/standard/ldap/LdapAuthenticator.java,72,77
1,stackoverflow_formatted/11373643_0.java,20,26,nakedobjects-4.0.0/nakedobjects-4.0.0/plugins/hibernate-persistor/src/main/java/org/nakedobjects/plugins/hibernate/objectstore/tools/internal/Nof2HbmXml.java,658,664, stackoverflow_formatted/11373643_0.java,20,25,nakedobjects-4.0.0/nakedobjects-4.0.0/plugins/hibernate-persistor/src/main/java/org/nakedobjects/plugins/hibernate/objectstore/tools/internal/Nof2HbmXml.java,658,663
0.857142857,stackoverflow_formatted/11373643_0.java,20,26,nakedobjects-4.0.0/nakedobjects-4.0.0/plugins/hibernate-persistor/src/main/java/org/nakedobjects/plugins/hibernate/objectstore/tools/internal/Nof2HbmXml.java,658,664, stackoverflow_formatted/11373643_0.java,18,25,nakedobjects-4.0.0/nakedobjects-4.0.0/plugins/hibernate-persistor/src/main/java/org/nakedobjects/plugins/hibernate/objectstore/tools/internal/Nof2HbmXml.java,656,663
1,stackoverflow_formatted/11373643_0.java,20,26,nakedobjects-4.0.0/nakedobjects-4.0.0/core/runtime/src/main/java/org/nakedobjects/runtime/authorization/standard/ldap/LdapAuthorizor.java,70,78, stackoverflow_formatted/11373643_0.java,20,25,nakedobjects-4.0.0/nakedobjects-4.0.0/core/runtime/src/main/java/org/nakedobjects/runtime/authorization/standard/ldap/LdapAuthorizor.java,70,75
1,stackoverflow_formatted/11373643_0.java,21,25,struts2-2.2.1-all/struts-2.2.1/src/plugins/jasperreports/src/main/java/org/apache/struts2/views/jasperreports/JasperReportsResult.java,218,222, stackoverflow_formatted/11373643_0.java,20,25,struts2-2.2.1-all/struts-2.2.1/src/plugins/jasperreports/src/main/java/org/apache/struts2/views/jasperreports/JasperReportsResult.java,217,222
1,stackoverflow_formatted/11373643_0.java,20,26,struts2-2.2.1-all/struts-2.2.1/src/plugins/jasperreports/src/main/java/org/apache/struts2/views/jasperreports/JasperReportsResult.java,217,226, stackoverflow_formatted/11373643_0.java,20,25,struts2-2.2.1-all/struts-2.2.1/src/plugins/jasperreports/src/main/java/org/apache/struts2/views/jasperreports/JasperReportsResult.java,217,222
0.8,stackoverflow_formatted/11751135_1.java,8,12,aspectj-1.6.9-src/aspectjtools1.6.9-src/org/aspectj/ajde/ui/swing/GoToLineThread.java,18,22, stackoverflow_formatted/11751135_1.java,9,14,aspectj-1.6.9-src/aspectjtools1.6.9-src/org/aspectj/ajde/ui/swing/GoToLineThread.java,19,24
1,stackoverflow_formatted/11115716_0.java,15,19,lucene-4.3.0/lucene-4.3.0/core/src/test/org/apache/lucene/index/TestIndexWriterNRTIsCurrent.java,128,132, stackoverflow_formatted/11115716_0.java,13,20,lucene-4.3.0/lucene-4.3.0/core/src/test/org/apache/lucene/index/TestIndexWriterNRTIsCurrent.java,126,133
0.8,stackoverflow_formatted/11115716_0.java,15,19,lucene-4.3.0/lucene-4.3.0/core/src/java/org/apache/lucene/index/DocumentsWriterFlushControl.java,484,488, stackoverflow_formatted/11115716_0.java,12,18,lucene-4.3.0/lucene-4.3.0/core/src/java/org/apache/lucene/index/DocumentsWriterFlushControl.java,481,487
0.8,stackoverflow_formatted/11115716_0.java,15,19,lucene-4.3.0/lucene-4.3.0/queryparser/src/test/org/apache/lucene/queryparser/complexPhrase/TestComplexPhraseQuery.java,99,103, stackoverflow_formatted/11115716_0.java,12,18,lucene-4.3.0/lucene-4.3.0/queryparser/src/test/org/apache/lucene/queryparser/complexPhrase/TestComplexPhraseQuery.java,96,102
0.8,stackoverflow_formatted/11115716_0.java,6,10,lucene-4.3.0/lucene-4.3.0/core/src/java/org/apache/lucene/index/DocumentsWriterFlushControl.java,484,488, stackoverflow_formatted/11115716_0.java,3,9,lucene-4.3.0/lucene-4.3.0/core/src/java/org/apache/lucene/index/DocumentsWriterFlushControl.java,481,487
0.8,stackoverflow_formatted/11115716_0.java,6,10,lucene-4.3.0/lucene-4.3.0/queryparser/src/test/org/apache/lucene/queryparser/complexPhrase/TestComplexPhraseQuery.java,99,103, stackoverflow_formatted/11115716_0.java,3,9,lucene-4.3.0/lucene-4.3.0/queryparser/src/test/org/apache/lucene/queryparser/complexPhrase/TestComplexPhraseQuery.java,96,102